english,description,translation,conditions,status,translator_note,placeholders,entry_id,row_id,kind,previous_translation,source_locations,source_revision
{card_name} identicon,Alternative text for a generated card identicon. card_name is the card's canonical authored name.,{card_name} identicon,,translated,,card_name,tx1_22qx6l45jfb5gz574hmtl5vkqi,row1_dod2bywsxv46uhgjs2w2birejq,message,,src/cumulus/components/card/CardView.tsx:1361:13,rev1_0d71189a738145f3daec182110d6cb38210a9d84f07a8367803170e7a4791a09
Leave Dreamsign Bazaar,Player-facing message for the dreamsign bazaar leave action interface state.,Leave Dreamsign Bazaar,,translated,,,tx1_22zfwoyshfpmj6m2tkbqk6iane,row1_e6cd75fqjcxsc3u6nkvwfaycym,message,,src/cumulus/screens/DreamsignBazaarSiteScreen.tsx:278:21,rev1_27bc06dbd1b3e46b297dea53a712d1d21fc96ee56d62ddb45ec4b857732efb6b
Filter deck by All,Accessible name for the deck filter when every card is included.,Filter deck by All,,translated,,,tx1_24omgctx2lt7ku23jagecs4rra,row1_btxelqw5q7bt3rm5vuq7jg66au,message,,src/cumulus/screens/MobileDeckViewer.tsx:355:16,rev1_f831f2a3b6677ffa2108f30e2027d8c5c17443da3c010e0bcb3cbf1505ca4aab
Reorder Revealed Cards of Opponent Deck,Title of the partial deck-ordering dialog for revealed cards from the Opponent side's deck.,Reorder Revealed Cards of Opponent Deck,,translated,,,tx1_25f4zzfwiebrvatla4sgaimxpu,row1_puyjqbejyncbqkbcgcivlhwikm,message,,src/battle/components/BattleDeckOrderPicker.tsx:76:15,rev1_d23ce4c365b796de35b3acc39895a4afca74bf848813bc91e4604bf5d6adb3d7
No cards match the current filters.,Visible Pool Viewer empty-state sentence when filters hide every card in the full catalog.,No cards match the current filters.,,translated,,,tx1_26d2facal3erykhb42nmeejora,row1_hjsvtx37zpajbrfnxnzjthclv4,message,,src/cumulus/screens/PoolViewerScreen.tsx:324:28,rev1_ced5361508380cb60e977d0a4b4f09b0b3d97d990cc7328064d3f4db05af09fd
Blackjack,Player-facing message for the gamble blackjack title interface state.,Blackjack,,translated,,,tx1_2d4m3hdix5f2mmnxu7i6mnuwra,row1_gj5ju77nhpjvtvygtfkhejvlvu,message,,src/cumulus/screens/GambleSiteScreen.tsx:525:14,rev1_a3d52d2653ba7138cc61d9c0224129ba216215c1f5684b7b36ac9aa8b0acea59
Continue,Primary command that resolves a battle card picker with no required selection.,Continue,,translated,,,tx1_2huhj2szvwppwuq5a654eamxry,row1_odq22n25nvrd5urmdktlfk6kje,message,,src/cumulus/screens/MobileBattleScreen.tsx:3633:11; src/cumulus/screens/MobileBattleScreen.tsx:3862:19,rev1_803fce5b946a550f29b16b1ef88039a95a2dae809d8d795039a905f0f6d922fc
Opponent avatar ability is not active.,Player-facing message for the battle start inactive ability interface state.,Opponent avatar ability is not active.,,translated,,,tx1_2k54klep6oultfak2koacmwlxu,row1_j5nwcgy3swzricuq6ht4bfelza,message,,src/cumulus/screens/BattleStartScreen.tsx:355:30,rev1_09b25e2330e4554fca01d30bb7b46201a941a4cdabe6e56ad05b6e359e6f8522
A note needs text.,Player-facing message for the battle card note error interface state.,A note needs text.,,translated,,,tx1_2psuhp7xlegtjvtkcbqn43ffpe,row1_dqplbv76znuinyojob2mydtjke,message,,src/cumulus/screens/battle-overlays/BattleCardNoteOverlay.tsx:92:19,rev1_ea6dc5bf690314d803b07957f1b99d27eb346de08d484c79bbc75b34f951ecfb
Cancel note,Player-facing message for the battle card note cancel interface state.,Cancel note,,translated,,,tx1_2uvcqmxeaoedff2m4tymvvt6ge,row1_3rsftlnr3onqq65rxizqycqkhq,message,,src/cumulus/screens/battle-overlays/BattleCardNoteOverlay.tsx:59:19,rev1_b31851148724b1f44ed3b59ef4e453fc557b245e8f6ef7398dc9dd8f8a6c94e9
Continue,Primary command that advances the current battle flow.,Continue,,translated,,,tx1_2vqujjbeta6vwx7g4kukvnr4cq,row1_5gaqal3vikoslhqrp4zax3wkqi,message,,src/cumulus/screens/MobileBattleScreen.tsx:3962:27,rev1_dc5fd474c0eb6df3d04f5b2ba2796e5573f9d0bc37ac1b27d8d06aac73739a71
{count} Points,Accessible label for a battle score announcement. count is the non-negative number of points shown by the announcement and can be zero.,{count} Points,points.plural=other,translated,,count,tx1_2wqmdwbsu6qj3z4j7r3fkitr4y,row1_zlhdeohemme3mdurkcx6ppo7g4,message,,src/cumulus/components/status/RadialAnnouncement.tsx:493:27,rev1_c22560c6469eac52080decbd901eecb57dd49845533af5e1267203f858d631d2
{count} Point,Accessible label for a battle score announcement. count is the non-negative number of points shown by the announcement and can be zero.,{count} Point,points.plural=one,translated,,count,tx1_2wqmdwbsu6qj3z4j7r3fkitr4y,row1_iwkccj3nx3wt4j43b35iehsqee,message,,src/cumulus/components/status/RadialAnnouncement.tsx:493:27,rev1_360780040d3351208a6e0c4f8cb3a97eff2a669aa3f7fbd86634a9a7fd93425a
Add Note,Player-facing message for the battle card note add action interface state.,Add Note,,translated,,,tx1_326453o47oio4phlf2qahztbky,row1_d5ycby7bwvrou7cmbryigjnavm,message,,src/cumulus/screens/battle-overlays/BattleCardNoteOverlay.tsx:201:20,rev1_4033e0b9d10e3a3282b224fea5763cec0a7c078c54083528491b4bb36aa9ff5e
{card_count} starter cards transfigured,Accessible completed-event summary for an Exploration action transfiguring starter-card UUID-backed deck entries. card_count is the positive number of visible starter-card results.,{card_count} starter cards transfigured,compoundTransfigurationReward.transfigurations.length.plural=other,translated,,card_count,tx1_32cnpg4i7gjuvum7tjzon45z4y,row1_jkfcz375by4mfyocq5q67nwnki,message,,src/cumulus/screens/ExplorationSiteScreen.tsx:5997:19,rev1_09e0e48f0678859568d92457a23e89b7e5ff1ae7c675e2a1990a82eec27cf2a1
{card_count} starter card transfigured,Accessible completed-event summary for an Exploration action transfiguring starter-card UUID-backed deck entries. card_count is the positive number of visible starter-card results.,{card_count} starter card transfigured,compoundTransfigurationReward.transfigurations.length.plural=one,translated,,card_count,tx1_32cnpg4i7gjuvum7tjzon45z4y,row1_4sdtvehfxeo3e2f3aztljtmf4i,message,,src/cumulus/screens/ExplorationSiteScreen.tsx:5997:19,rev1_369813e394febc32abdbf18b45b3e60477f5d0dadf39b712fc7e5c9fdd883e54
{card_name} transfigured into its {form_name} form,Accessible name for one persisted card Transfiguration mapping. card_name and form_name are canonical UUID-resolved authored names.,{card_name} transfigured into its {form_name} form,,translated,,card_name; form_name,tx1_32njsaktisuzhgghfggwrub5yq,row1_ozafzxybibmtmdsxu2ckpeekca,message,,src/cumulus/screens/ExplorationSiteScreen.tsx:2024:13,rev1_e6668b0d9989819dc4c6c932b0761e572ce6afa1c0e52b6969368350ef819811
Cancel,Player-facing message for the dreamsign bazaar replacement cancel interface state.,Cancel,,translated,,,tx1_336fddwmkpdxvwlfg3kga3ncne,row1_lipxa6ozvyhzzeunsijz7ks3li,message,,src/cumulus/screens/DreamsignBazaarSiteScreen.tsx:444:22,rev1_0192bf61fe027ae398e594b8ec45154fbbf36cb5b4e33613736063bcbe3a9917
Duplication,Title of the card picker at a Duplication site.,Duplication,,translated,,,tx1_34ruityycoqan5acyto3obz4ky,row1_7otxxaysiw4s7p3v453qraxggu,message,,src/cumulus/screens/DuplicationSiteScreen.tsx:108:22,rev1_c1d6a81d83712a4ca7de798cf024e8536031adce3c6f8b09eda72239d86b5c81
Close,Action that closes an application error boundary and returns to the previous surface.,Close,,translated,,,tx1_3cyivozbzi6lurr74li2rk3xqu,row1_lh4l4n22u6thlgdq4oc4ccbuuq,message,,src/components/LocalizedErrorBoundaryFallback.tsx:94:15,rev1_86135a2a3e4a0e69f07fffcaa970eea77f06fb73d7e155a4d1294cce359b6323
"Opponent’s turn, Dawn phase",Accessible battle phase for the opposing side during Dawn.,"Opponent’s turn, Dawn phase",,translated,,,tx1_3degd3png6ljzadiyzjalmby2i,row1_g4iashb4aigkjeefpgr5topcue,message,,src/cumulus/screens/MobileBattleScreen.tsx:1410:11,rev1_1113ef64398c763ad15903459e9e3f911a26f293e4968fae7a601e9893d99bb8
Void,Visible label inside an empty battle Void pile.,Void,,translated,,,tx1_3deinzgadcezocsznrbfqifinm,row1_l2pxrccq3ezu6dkexob45umpyy,message,,src/cumulus/screens/MobileBattleScreen.tsx:1372:19,rev1_4fb69c335fadc0bd00323b8e3aad71b944e1c521a57f4f401eb22a568ef633ca
Your Deck,Title for the local player's battle draw-pile browser.,Your Deck,,translated,,,tx1_3ftetxtsxannkvzyyp7hlqbfaa,row1_3642nxktz2yeesnjotmyt7vbzi,message,,src/cumulus/screens/CardZoneBrowserOverlay.tsx:356:13,rev1_d068cf313e62c91dc9fab0a3364e9079bd5c9b1d64ae0bbad722945496423a21
Dreamscapes,Label beneath the number of Dreamscapes in a completed Journey. The number is rendered separately above.,Dreamscapes,stat.value.plural=other,translated,,,tx1_3hj42nbe6mxyiydcvgq2d73jlm,row1_p26wy5tmuu4k3xmusn7yioga7i,message,,src/cumulus/screens/JourneyCompleteScreen.tsx:52:16,rev1_016d841976df4a427a01612ddf75cfa580afda1d732e675036b9fbc56a571c39
Dreamscape,Label beneath the number of Dreamscapes in a completed Journey. The number is rendered separately above.,Dreamscape,stat.value.plural=one,translated,,,tx1_3hj42nbe6mxyiydcvgq2d73jlm,row1_bvg76c3nzrbbxgx2adwlkdxzoe,message,,src/cumulus/screens/JourneyCompleteScreen.tsx:52:16,rev1_9e911e0f075f32e94a5de2bfb1c06deeba2be5063d124ad1374fb4e300ef1017
Keep Current Dreamsigns,Player-facing message for the dreamsign replacement keep current action interface state.,Keep Current Dreamsigns,,translated,,,tx1_3hqr3j5hnlr4344assytutxilq,row1_gopnptab627qho24qatb5th4vy,message,,src/cumulus/screens/DreamscapeScreen.tsx:431:24,rev1_ff11348cbaec47ea90ef30091d48e521f87d52a5b1d2ba64d768b764fe21c55d
Filter deck by {subtype},Accessible name for the deck filter when one canonical card subtype is selected. subtype is authored card vocabulary and has unknown grammatical gender.,Filter deck by {subtype},,translated,,subtype,tx1_3jr7jd35j75zuvwwzaftwtyou4,row1_glqftase3fv4m53wzzqesclmya,message,,src/cumulus/screens/MobileDeckViewer.tsx:362:16,rev1_794df15c4b818e2c7ca43e8c85f828fd8ac2560ab887e9ac83ac55190bc7c538
energy,Loading-screen resource glyph accessible names.,energy,,translated,,,tx1_3jvupnw4pupnnpxn724x4ibnkq,row1_zsyoqdhu4g26mn47wzjneakz24,message,,src/cumulus/components/overlay/TutorialFeatureCallout.tsx:28:17,rev1_ac19a1452a6d0c5f28df68c921086378daf56b87084285524d281f05fa8e1bd0
Confirm,Player-facing message for the site confirm interface state.,Confirm,,translated,,,tx1_3kwrbyhri33pbvrsavluamyvuy,row1_mkazucz74cx2en4kf4mprvjom4,message,,src/cumulus/screens/AugurySiteScreen.tsx:463:22; src/cumulus/screens/BattleForeseeOverlay.tsx:490:20,rev1_95fe31b9f4caf561828eee6a14663933af29c2526d3a6a4642e51cd47931f8dd
Close deck browser,Accessible name for dismissing a battle deck browser.,Close deck browser,,translated,,,tx1_3sullvxz7fdpbw6zxeqwu64gkq,row1_g43piypuy64mqvu2o7nksbfub4,message,,src/cumulus/screens/CardZoneBrowserOverlay.tsx:423:21,rev1_dfc111023ef5b1434d3bfaaf06c91052b856337e42929e021e1cc39380a8cc8f
Transfigured,Section heading for transfigured cards in a compound Exploration outcome review.,Transfigured,,translated,,,tx1_3ujsico7q6udtixjxllx4vblfy,row1_iyxdxp474eavmbwt2yv6skpiue,message,,src/cumulus/screens/ExplorationSiteScreen.tsx:6329:23,rev1_659334d1c0871bf7ea772b5bf2fa29fbb62cac1e1a8724bb9b3530bcdc036181
Dismiss status,Accessible action name for dismissing a transient player status message.,Dismiss status,,translated,,,tx1_3yk2fwtydvcyz37hblxrx3bcba,row1_qimc7mn5nxidyv7flgb247zbce,message,,src/cumulus/components/status/TransientStatusToast.tsx:42:15,rev1_6b5b712a1a9c509359b482ffacf0a16ddb2ea83272c905a08438699c62c32c8d
Signature Cards,Visible collection label for the active Dream Avatar's authored signature cards.,Signature Cards,,translated,,,tx1_3z4odc7e7femmbukesbj5tl4du,row1_b2rbgltip6jv45sgr2774zenqu,message,,src/cumulus/screens/BattleStartScreen.tsx:375:23; src/cumulus/screens/BattleStartScreen.tsx:399:22; src/cumulus/screens/PoolViewerScreen.tsx:307:30,rev1_4d9df1c86bcce492c2757b22fc20ba9876c484ec9f76c4405dd34c66bebec726
Draw for {essence_cost} Essence,Accessible command for paying to draw in Four-Suit Reprise. essence_cost is the non-negative Essence price paid by the current player and is also rendered separately on the button.,Draw for {essence_cost} Essence,,translated,,essence_cost,tx1_3zkuzkdhqdn3un2zzojrwoem7a,row1_fpubwprnoldvu2xeiyjcxmpxre,message,,src/cumulus/screens/GambleSiteScreen.tsx:3597:43,rev1_8f80501d090a77add09e8e038686d76c19e84f20a07ea791892ff6184777aa6d
Note expiry,Player-facing message for the battle card note expiry accessible name interface state.,Note expiry,,translated,,,tx1_43y5jfkij6x2gkf45p5j3b6yri,row1_i3qnpblswjzva5qrwp4yxyy6dy,message,,src/cumulus/screens/battle-overlays/BattleCardNoteOverlay.tsx:115:24,rev1_cba2f63b138619d44e6eaee2a6f7f6fc2e6d01fb82b2b39ca07d77983822d67a
Sort zone cards,Player-facing message for the battle zone browser sort accessible name interface state.,Sort zone cards,,translated,,,tx1_45iowzmj6mwflfalz7y3pskqxq,row1_x2cqc2l7qyunijlxpgdx2otwxa,message,,src/cumulus/screens/CardZoneBrowserOverlay.tsx:308:24; src/cumulus/screens/CardZoneBrowserOverlay.tsx:334:24,rev1_79b6ac8d2116a2bafc157fd548a301cedf9fdac23134fca31121d9cae286fd49
These are the cards you begin the journey with.,Player-facing message for the starting deck subtitle interface state.,These are the cards you begin the journey with.,,translated,,,tx1_4dxutqozmboksfqdix2ajg5o5y,row1_4tisv7cxf7qb3byrrpz6lgak6m,message,,src/cumulus/screens/StartingDeckOverlay.tsx:72:17,rev1_792c24978950ad2be77889bcfa03677004d7a44120102df40da3e9b5d0a0ac78
Cancel replacement,Player-facing message for the dreamsign revelation cancel replacement action interface state.,Cancel replacement,,translated,,,tx1_4ew7aowxkuqgb5hll6srooh2qu,row1_sdvyzbl6f6oifbrtzp65ltwu2a,message,,src/cumulus/screens/DreamsignRevelationScreen.tsx:176:23,rev1_20e87d383b48f8feafed6f186d293adcb87f624156f65716f18f1b551078f844
Fast,Accessible name for the single-bolt Fast attribute shown before a card name.,Fast,,translated,,,tx1_4felw7zt232usvm5joap6ujyim,row1_fxm4th2rveia5yljle5kgo7xiy,message,,src/cumulus/components/card/CardView.tsx:594:20,rev1_619029a6fa323d7274ab034b243059b0e28897c3e69dc649f6c57ae251906e76
"Your turn, Dawn phase",Accessible battle phase for the local side during Dawn.,"Your turn, Dawn phase",,translated,,,tx1_4gpqb2mu3wnuin4dawcu4czkq4,row1_svr7ap5h7l77m52tusibvqd7eu,message,,src/cumulus/screens/MobileBattleScreen.tsx:1401:11,rev1_28660f03c33c6ed89704251bc557af35c94065342980a4309b9ad8e99de52120
Purged,Past-tense result heading for cards removed from the player’s deck.,Purged,,translated,,,tx1_4iqcualbp2yaxjqoeqgghzv5o4,row1_wqeoz522nz7wuy2plc3sy4iymi,message,,src/cumulus/screens/ExplorationSiteScreen.tsx:6285:23; src/cumulus/screens/GambleSiteScreen.tsx:438:14,rev1_4ac2bd6ff61ed2b548b9a03d08ef698b652c56a648e0ab2847119346aac4101c
Close,Command that closes the Journey status-bar Dreamsign window.,Close,,translated,,,tx1_4ivxsach26fu6nyxcwu4jvgnj4,row1_vc67trsapkrk3sbnrjzm2rvibu,message,,src/cumulus/components/hud/JourneyStatusBar.tsx:370:20,rev1_7c1d40bf5126b0d36b1b61aa52846c5ca1c927a1a2385fcfb7dc4e1fa993d18a
Choose Pack {pack_number},Accessible command that chooses one Exploration card pack. pack_number is the same positive one-based display number; the visible button says only Choose.,Choose Pack {pack_number},,translated,,pack_number,tx1_4jsm3fv2kyksyrgkztpzmyw5de,row1_7tv7jpf43qeg5lretmkjkmg5tq,message,,src/cumulus/screens/ExplorationSiteScreen.tsx:7945:49,rev1_139c290d0554fd94469130a67bf8a505f21015875562f38f9e40d7819aeac3ed
Rule definition unavailable,Missing glossary copy shown in the player reveal card when a requested authored glossary entry cannot be resolved. This visible fallback contains no variables and must not expose the glossary id.,Rule definition unavailable,,translated,,,tx1_4kewsuq4qx6ifyfvbew7wmt6ou,row1_wuouufowsy3zrvoxpnacwxeb3e,message,,src/cumulus/components/card/glossary-info-card.ts:47:27; src/cumulus/components/card/glossary-info-card.ts:65:27; src/cumulus/components/card/glossary-info-card.ts:81:25,rev1_eb97db25da73edcdc965656ed73a525036cf483f84452f2d05f98313088cd9e1
No actions available.,Empty-state message shown when a command menu has no available actions.,No actions available.,,translated,,,tx1_4lujtivmw5vohrq2ns5ocsvzga,row1_jnjacppwdrgxqjs67tbifv4mru,message,,src/cumulus/components/overlay/CommandMenu.tsx:531:13,rev1_fbeb09ad0d7a61085ea7933934253cd7f44b56edfda2cf1207b91f209a36a20d
{card_count} cards transfigured,Accessible completed-event summary for an Exploration action transfiguring ordinary UUID-backed deck entries. card_count is the positive number of visible card results.,{card_count} cards transfigured,compoundTransfigurationReward.transfigurations.length.plural=other,translated,,card_count,tx1_4m2ktcstouwxgciszkucuwofiu,row1_rkfzzmzopiyzylkar4ppnkp3ei,message,,src/cumulus/screens/ExplorationSiteScreen.tsx:5989:19,rev1_dd5f629f52b7158c0c3fd00e43afbfc8117bef180219d5aa902db45e501ee8e4
{card_count} card transfigured,Accessible completed-event summary for an Exploration action transfiguring ordinary UUID-backed deck entries. card_count is the positive number of visible card results.,{card_count} card transfigured,compoundTransfigurationReward.transfigurations.length.plural=one,translated,,card_count,tx1_4m2ktcstouwxgciszkucuwofiu,row1_som544rf7vxpimtvk3oogphqsy,message,,src/cumulus/screens/ExplorationSiteScreen.tsx:5989:19,rev1_ee7918f92694db192b0354b3a5e0457727510791baa7b2196c6c0a61b6a8ea8a
Your Void,Title for the local player's battle Void browser.,Your Void,,translated,,,tx1_4mcveshvynbmqoyv4djzt7lfsm,row1_lipgv4hxnw5oyyycqq65tigj7u,message,,src/cumulus/screens/CardZoneBrowserOverlay.tsx:358:15,rev1_96479dd63e876eb301b0055895b2c590791cecfe658cf8c708f5efb508df6ebe
Transfigure,Command that commits the selected Transfiguration form.,Transfigure,,translated,,,tx1_4nv4v44vqoynb463jhisve6jjm,row1_vu5rb64gioviwmu2txu763roje,message,,src/cumulus/screens/TransfigurationSiteScreen.tsx:520:21; src/cumulus/screens/TransfigurationSiteScreen.tsx:531:32; src/cumulus/screens/TransfigurationSiteScreen.tsx:536:34; src/cumulus/screens/TransfigurationSiteScreen.tsx:547:32,rev1_8bb770ab80df4bbee05f10b201fd26013087d5d2cf96d3741846a7bf8c56601f
{tide_count} Tides,"Visible Pool Viewer disclosure summary showing the number of Tides used to construct the pool. tide_count is a visible nonnegative safe integer, can be zero in synthetic or incomplete data, and governs Tide number grammar.",{tide_count} Tides,disclosure.tideCount.plural=other,translated,,tide_count,tx1_4r7vbijoelukpvbblnbstuel5q,row1_b4zry4cuzzjtamn3rpuhhkatvi,message,,src/cumulus/screens/PoolViewerScreen.tsx:212:17,rev1_8df022b890a9541c5a408da92d69b3aac1128eed83b37e4fa723c2ffb5f297f7
{tide_count} Tide,"Visible Pool Viewer disclosure summary showing the number of Tides used to construct the pool. tide_count is a visible nonnegative safe integer, can be zero in synthetic or incomplete data, and governs Tide number grammar.",{tide_count} Tide,disclosure.tideCount.plural=one,translated,,tide_count,tx1_4r7vbijoelukpvbblnbstuel5q,row1_fzz4dlpj67bq4uxfc6ysn22diy,message,,src/cumulus/screens/PoolViewerScreen.tsx:212:17,rev1_1ae5469c31d83515afbea7e7bf0affd2fdc7fa7b2abda315a6bb8ae8c2f43e02
Starter card {purged_card_name} replaced by {gained_card_name},Accessible name for one persisted starter-card replacement. Both names are canonical UUID-resolved authored card names.,Starter card {purged_card_name} replaced by {gained_card_name},,translated,,gained_card_name; purged_card_name,tx1_4rluzhnw2p4s4lljzf473cj7hm,row1_kvycm5h7v6cxt5yzhgudsoedjm,message,,src/cumulus/screens/ExplorationSiteScreen.tsx:1874:13,rev1_40c87b149e4a3fec80659f34cb4809aab1dd56430615ce2c69602ffb7e6dfbc7
{card_name} changed from {before_card_type} to {after_card_type},Accessible name for one persisted card-type mapping. card_name is the canonical UUID-resolved display name; before_card_type and after_card_type are the closed Character or Event card-type values.,{card_name} changed from {before_card_type} to {after_card_type},,translated,,after_card_type; before_card_type; card_name,tx1_4sxgb2yphr42enbyow2v2gtvs4,row1_zxynb2zau6fhg2oopvretqbj6e,message,,src/cumulus/screens/ExplorationSiteScreen.tsx:2296:27,rev1_41f9ab8013cc62144e2173599fd4d8c225d5d752fcccd87b8220205b4dd2f7e1
Dreamtides Cards:,Card-anatomy loading title and labels.,Dreamtides Cards:,,translated,,,tx1_4t7dn4s7krzu33qtluwgrfyday,row1_sy3r4gr7r33ftsxfkcsndmsyoe,message,,src/cumulus/screens/LoadingScreen.tsx:487:18,rev1_9b2236a7501a102dbd5f875d35510387ae04e55f823be2ccba875c53a5db0256
"Opponent’s turn, Dusk phase",Accessible battle phase for the opposing side during Dusk.,"Opponent’s turn, Dusk phase",,translated,,,tx1_4tmpad2fjjwtpo2ugpjacq5ak4,row1_bn4bzlhdlxprygewjrc4krcibu,message,,src/cumulus/screens/MobileBattleScreen.tsx:1414:15,rev1_e4e648a81f16ba4a2c8494aa1b9e60f6ed9a86403749a0d224f7aa6bf1793082
Pool Viewer,Player-facing message for the journey menu pool viewer action interface state.,Pool Viewer,,translated,,,tx1_4vwydh2hrmdhob5jcsrvdks7tu,row1_itvavj3e5vf2o4hypxtr44nb6m,message,,src/components/DreamscapeJourneyMenu.tsx:91:14,rev1_333073de3171991d93d2b595e313522d17c7506328d9b6b1f85e73a619246ab1
Failed to save journey.,Fallback status when a Journey save failure does not provide technical detail.,Failed to save journey.,,translated,,,tx1_4w5jzkezmico7jpeoc4yl75fey,row1_prv7g7m6swmodpj4c6dg2q76x4,message,,src/components/JourneyUtilityMenuController.ts:214:24,rev1_3ab2a7ad84f312fdc2126f853ea320ef90035a51c02378be208502dd49e96086
Dreamsign changes — purged: {purged_count}; gained: {gained_count}; replacements: {replacement_count},"Accessible completed-event summary for a persisted Exploration Dreamsign mutation. The label-and-count structure deliberately avoids inflecting three independent count nouns. purged_count, gained_count, and replacement_count are non-negative exact counts; random identities have already been committed before this message is presented.",Dreamsign changes — purged: {purged_count}; gained: {gained_count}; replacements: {replacement_count},,translated,,gained_count; purged_count; replacement_count,tx1_4w7dozhuv4lnmykrxczs6tzyki,row1_zxns26hauamaaw7d2stbefadtq,message,,src/cumulus/screens/ExplorationSiteScreen.tsx:7107:33,rev1_4e5dc1ebd42870090110e815791d0684e7d01a6518bfb545f39c38dfc044bbb5
Reject AI action,Command that rejects the proposed opposing AI battle action.,Reject AI action,,translated,,,tx1_4zqr4v2xrbfzfoejtz3kdd4oye,row1_acytucogapbwl3x3ygq47s2tue,message,,src/cumulus/screens/MobileBattleScreen.tsx:3980:28,rev1_7b0e37940b53e6e3f597c18adeab82b06fc6fe8f389c27292614555a74126ac3
Player challenger,Accessible name for the local player's challenger card in a battle challenge.,Player challenger,,translated,,,tx1_55dhko4yyysvsmldgnr6byqioi,row1_unigdzxe2zze7sr4gvua7tv2o4,message,,src/cumulus/screens/MobileBattleScreen.tsx:1579:13,rev1_81396e78bc36519457f2fdc803789bc11a61079605757891edb4f375a6ed5330
Joining Game,Busy status while a client joins an existing shared room.,Joining Game,,translated,,,tx1_55ye6fycj73vgtdbszk2pdoq4u,row1_qctih4vheog3424b7fi5i7i56i,message,,src/coop/RoomGate.tsx:578:24; src/coop/RoomGate.tsx:631:22,rev1_ad039a5366d2c8213a3cd5870a10c432b5193a0fcd7ea53e98034feb8fca6f85
{free_purchase_count} Free Purchases,Compact outcome headline after Exploration grants counted free purchases. free_purchase_count is the positive initial count persisted by the action.,{free_purchase_count} Free Purchases,shopModifierReward.freePurchaseCount ?? 0.plural=other,translated,,free_purchase_count,tx1_566565bx4n3m4bjoqdcr3enpe4,row1_ixug7uxjndoivectksitxuwgim,message,,src/cumulus/screens/ExplorationSiteScreen.tsx:5253:21,rev1_67f3259a4acedc0634240fde66397005fe5055a9e0e9b679582e8030b97890f5
{free_purchase_count} Free Purchase,Compact outcome headline after Exploration grants counted free purchases. free_purchase_count is the positive initial count persisted by the action.,{free_purchase_count} Free Purchase,shopModifierReward.freePurchaseCount ?? 0.plural=one,translated,,free_purchase_count,tx1_566565bx4n3m4bjoqdcr3enpe4,row1_cdht7a2rx66w2j7h7d2ei7h574,message,,src/cumulus/screens/ExplorationSiteScreen.tsx:5253:21,rev1_da31be182ca4021f8fd25f76e4b70e9668d35413226fbedfce24f14d570a0821
{count} Cards,Subtitle reporting the non-negative number of physical cards visible in the current card browser. count can be zero.,{count} Cards,cards.length.plural=other,translated,,count,tx1_56w2zmctxskpcy7g3h3kkgc6xm,row1_brk4wagbd2dh2uqhfi6cixw7w4,message,,src/cumulus/screens/CardZoneBrowserOverlay.tsx:233:9,rev1_ec5e8cfae5509ccc762ee63a1594e05577eb629f4ea1d4de4217da3fc70838e5
{count} Card,Subtitle reporting the non-negative number of physical cards visible in the current card browser. count can be zero.,{count} Card,cards.length.plural=one,translated,,count,tx1_56w2zmctxskpcy7g3h3kkgc6xm,row1_egxojkgurs66g52l4xpyj2glhi,message,,src/cumulus/screens/CardZoneBrowserOverlay.tsx:233:9,rev1_c9856a9d1ab15e495a2309f16ed08863d761fe5d82cf498527eaafd4f0e7dea9
Choose a site to add to this Dreamscape,Accessible name for the available Exploration site-type choices.,Choose a site to add to this Dreamscape,,translated,,,tx1_5aqiuu55ximu7gaikcbwgop7aa,row1_utlivu2xdu46ffdlt3q6bts7eu,message,,src/cumulus/screens/ExplorationSiteScreen.tsx:8043:21,rev1_ad1a18572c4875194a26635d0931eddfa4934980b4756841110d083bd6d902a2
Something Went Wrong,Title for a generic failure while setting up a shared room.,Something Went Wrong,,translated,,,tx1_5dpx4yq4f224ihjbivp6u3avki,row1_rynpnvhtofu62sshpotwshqebm,message,,src/coop/RoomGate.tsx:673:16,rev1_ba29f5cb09ed023fb9a81690bcfb663700ddca892efc7e3805db4db1f1eb275f
This card will be copied,Accessible status on a selected card marked for a pending copy operation.,This card will be copied,,translated,,,tx1_5etxhas6cjeubgexyhh3rqwzra,row1_moss23e7t4idv2vbss6ca5szv4,message,,src/cumulus/components/card/CardChoiceGrid.tsx:45:14,rev1_b7abb20c0522db55340ec7839abac6f04044a1a07c151f455d81d89e782b1dd6
Characters,Visible card-browser type filter option that keeps Character cards.,Characters,,translated,,,tx1_5f3eadihskkhkchsu6imq5lhsa,row1_jeg3csdmoboivlsq5dhh5ljwme,message,,src/cumulus/screens/CardZoneBrowserOverlay.tsx:185:13; src/cumulus/screens/DesktopDeckViewer.tsx:527:16; src/cumulus/screens/MobileDeckViewer.tsx:310:16; src/cumulus/screens/PoolViewerScreen.tsx:341:30,rev1_05e3fe0efcd3fbc1f5b4e12e9bf4d564e8b67eff80ea70e847717d784635aa73
Duplicated,Player-facing message for the gamble duplicated outcome interface state.,Duplicated,,translated,,,tx1_5feedyzixvv7duoncj66zunoyq,row1_szjjdkpdrdyygzoewquhawjqle,message,,src/cumulus/screens/GambleSiteScreen.tsx:433:14,rev1_fb3f3cee71fc9629a64cc907f216f8d439047c89331a7861dadf4add1898c82f
Close replacement choice,Accessible command that closes the Gamble Dreamsign replacement picker.,Close replacement choice,,translated,,,tx1_5hecywvddbqtv64dwpdnbm3zu4,row1_uur7t2c3v3rq3mqgc2vrpvmv2e,message,,src/cumulus/screens/GambleSiteScreen.tsx:1667:23; src/cumulus/screens/GambleSiteScreen.tsx:2004:23,rev1_823a798b9ed95185ca1a35ecbf1455b44e71250831f750413a8ff6cfde1ac777
Close deck browser,Accessible name for the icon-only control that dismisses the player's deck browser and returns focus to the Journey screen beneath it.,Close deck browser,,translated,,,tx1_5ij3qqw6xjvvxamd3nyt23flsm,row1_pwfpqd7kborw2ypf46j5no5m5m,message,,src/cumulus/screens/DesktopDeckViewer.tsx:318:16; src/cumulus/screens/MobileDeckViewer.tsx:271:20,rev1_37a7c331366c6309c51f4c82c58b4c802d013b5f11b602a8f511b89b4fa3a481
Gamble Rules,Comparison-row label for the shared room's Gamble rules fingerprint.,Gamble Rules,,translated,,,tx1_5jaqeag53ss5fy266it3kpgyya,row1_ot6wyrqqyyd6l7cqrw6fzchrnu,message,,src/coop/ConfigGateScreen.tsx:107:14,rev1_786de26ed7b17cb0b1c8c1834697decb7f88065ff93d5c9c0e60fb03368415c4
"Climb for a larger prize, but a low draw loses the wager.",Player-facing message for the gamble starway rules interface state.,"Climb for a larger prize, but a low draw loses the wager.",,translated,,,tx1_5jqef2iv53rnrjhfm57ymq5pja,row1_ximmc4it2sv5gi22fzvtcybzba,message,,src/cumulus/screens/GambleSiteScreen.tsx:485:14,rev1_49701eee198de16ae4122dc44d42db608bab693150bc77e9a62cb311210b416a
Your next battle begins with {opening_hand_delta} Card and your cards cost {energy_cost_reduction} less Energy,"Complete accessible summary for the Exploration reward that reduces both the current player's next opening hand and card Energy costs. opening_hand_delta is a negative integer card-count change, energy_cost_reduction is a positive integer Energy reduction, and both changes apply for the next battle.",Your next battle begins with {opening_hand_delta} Card and your cards cost {energy_cost_reduction} less Energy,,translated,,energy_cost_reduction; opening_hand_delta,tx1_5lbri5f2pisjpxrxy6xstq5leq,row1_srad46dcmirmt7j3gkge26sfgq,message,,src/cumulus/screens/ExplorationSiteScreen.tsx:5096:33,rev1_5902a4d918c5ab0e2f7eb99fe5c4af91b2c9327d54a2203159f3ad01a3742dfd
{subtype},Compact headline for an Exploration deck subtype change. subtype is an opaque authored subtype name and is shown exactly as supplied.,{subtype},,translated,,subtype,tx1_5ltjgj6kss7e6u2c26yyu6mmxy,row1_g5za3decwkneeads7wi4azj5ia,message,,src/cumulus/screens/ExplorationSiteScreen.tsx:782:11,rev1_b38ae6a4d1954469091a9757935b39ffc909820e3f50605a8876b1a8d5b6ed3f
{source_card_name} copied as {result_card_name},Accessible name for one persisted source-to-copy mapping. Both values are UUID-resolved authored card names and may match.,{source_card_name} copied as {result_card_name},,translated,,result_card_name; source_card_name,tx1_5njm3wxns7escmu5dglkbbq7mq,row1_bxmk4c6m65ohxyt3z6sj7yulzu,message,,src/cumulus/screens/ExplorationSiteScreen.tsx:2193:13,rev1_0907f39b8e4a59dae91569e9e4e8f1b4f4bb81ec14c9ab9c8c85ae28a552d60b
{site_type}.,Parenthetical disclosure naming the authored site type offered by an Exploration action.,{site_type}.,,translated,,site_type,tx1_5nxm6toeurkov5swqzjklpbu7a,row1_t5x64vjh7fn3rxnrnswxd22lxi,message,,src/cumulus/screens/ExplorationSiteScreen.tsx:873:13,rev1_a5616ea139f889587ffe4805a29665d3f78f85d744050a847426d19505d3e5cc
Copy Details,Secondary action that copies technical failure details for support or debugging.,Copy Details,,translated,,,tx1_5t5iuddbpbc3z7iajmepco3nay,row1_xhpbzw2b6a5rfmumdnr2yi4r4i,message,,src/App.tsx:658:22,rev1_418579361f33df0b52587d93a7ebec6d7915d74a3eb2d4402fcf948e70c8431f
Push,Player-facing message for the gamble push outcome interface state.,Push,,translated,,,tx1_5u7gjfaeutsvvohav5byturvle,row1_dhq6mh2ejjxponzyd5754njpie,message,,src/cumulus/screens/GambleSiteScreen.tsx:453:14,rev1_44829eb577bdefb58e4238ce6b92874fed8002cd41f2eba34f8fb3d7c64abdab
"Choose a gate, then draw. Higher gates are harder and pay more.",Player-facing message for the gamble gravok rules interface state.,"Choose a gate, then draw. Higher gates are harder and pay more.",,translated,,,tx1_5ugjacyct7tfc3brclzqmmodr4,row1_nqo4ubvusht63rci655fjtmwcy,message,,src/cumulus/screens/GambleSiteScreen.tsx:475:14,rev1_a2ea348a8fb7e14cd5b03978b1cf116c784eb8f0418a8c45d08ff9399b3fd797
Loading,Player-facing message for the loading progress label interface state.,Loading,,translated,,,tx1_5w2kyk7ejdu6bffhopl6omivg4,row1_357wlwixuczeaamm5c2gaqjlcy,message,,src/cumulus/screens/LoadingScreen.tsx:584:24,rev1_56ade0416408184a526a1ae5d194c4d73324835c6a8168b9983a9facd89b51ca
Manual Dismissal,Player-facing message for the battle card note expiry manual interface state.,Manual Dismissal,,translated,,,tx1_5ywsdfhw5qxpxf5mesqer2hdni,row1_cn6fp2dscwdloyiytjlqkkbbla,message,,src/cumulus/screens/battle-overlays/BattleCardNoteOverlay.tsx:145:24,rev1_6ec69b6207b35af8d72d957250722bf7b0515422fc9ba20e40f4f6907e208577
Cancel,Visible command and accessible close name that cancels a pending Figment merge.,Cancel,,translated,,,tx1_5zdl7bevt2mxanvqxxmnphrogi,row1_gqt2ha2d2mkq7xxrhlhmdw2qva,message,,src/cumulus/screens/MobileBattleScreen.tsx:5596:23; src/cumulus/screens/MobileBattleScreen.tsx:5632:24,rev1_d4e1926f51427d691408058304185a2493b5119487497d44378c49c2d7e50ae0
Review {card_count} card changes,Accessible name for the bounded focusable scroll region containing every persisted card object or pair in a compound Exploration outcome.,Review {card_count} card changes,compoundCardChangeCount.plural=other,translated,,card_count,tx1_63v5rejz466e6ijte65sdhazp4,row1_huhw2mm27zlgrbn465lkycrgje,message,,src/cumulus/screens/ExplorationSiteScreen.tsx:6236:33,rev1_9a233248cca2163f4dcc103145f49cfbe48ccf6a3deaee1a7b0b2e0f5daaee69
Review {card_count} card change,Accessible name for the bounded focusable scroll region containing every persisted card object or pair in a compound Exploration outcome.,Review {card_count} card change,compoundCardChangeCount.plural=one,translated,,card_count,tx1_63v5rejz466e6ijte65sdhazp4,row1_fcthsc3ca2qimri4bxvjbv7u4a,message,,src/cumulus/screens/ExplorationSiteScreen.tsx:6236:33,rev1_0208caf05b4f4f18cf3ccd7093b8d97fda6ef8d343c8caa820bc8966bb9cc834
Bet on Six Gate for {essence_cost} Essence,Accessible command for betting on the Six Gate. essence_cost is the positive Essence price.,Bet on Six Gate for {essence_cost} Essence,,translated,,essence_cost,tx1_64d67gxwks4ktsttasw4bhm6rm,row1_xdfm76rvb225dx4jrhhc73n54u,message,,src/cumulus/screens/GambleSiteScreen.tsx:570:14,rev1_a11d4f98237f4204a03d463648387d5bb6ad83849cae502b7dc0e0735106a615
Begin Journey,Player-facing message for the starting deck begin action interface state.,Begin Journey,,translated,,,tx1_64jts7uqmtmifevx5jp3oeb6wu,row1_entqhnr4y3pyfg7prybzibeocu,message,,src/cumulus/screens/StartingDeckOverlay.tsx:81:20,rev1_d62dc0e4887b486720df8f4becc0d874b9af2ea7349dd017641dcc0809551705
Battle tutorial,Tutorial region accessible names.,Battle tutorial,,translated,,,tx1_653gvimesiq3xuzpkh757qlgci,row1_j7u53vhqyhwnfcd5trzchyecp4,message,,src/cumulus/screens/BattleTutorialGuidance.tsx:427:27; src/cumulus/screens/ViewportTutorialDialogue.tsx:163:13,rev1_617cc9d624bd9727da612c3f7d79d011eb9ede33b526a72d1fb757ee7c828f54
Take,Player-facing message for the gamble take action interface state.,Take,,translated,,,tx1_6afasgui2f2qomhxhwsttbf5e4,row1_3fsvs25e5wj2jtyequzi3vbdr4,message,,src/cumulus/screens/GambleSiteScreen.tsx:346:14,rev1_e7bd238c9b7505f52def39cbc70b6312f283b9a7fe5490bcfb9ec94f4d27a40c
Drag {source_card_name} to block {opposing_card_name}.,Player-facing message for the tutorial drag to block interface state.,Drag {source_card_name} to block {opposing_card_name}.,,translated,,opposing_card_name; source_card_name,tx1_6baag3mydg6pgtg6s3otpxjida,row1_qiwbhcepnrr4h2uuhsaskzbwki,message,,src/cumulus/screens/TutorialScreen.tsx:2980:30,rev1_dcab1048e7a94c592ddb04915aa784726e6e82794228e79efe887e2f461b9b1b
Failed to write presence.,Failure detail shown when the client's shared-room presence cannot be recorded without a technical error message.,Failed to write presence.,,translated,,,tx1_6bev4ot6k5bap3fsn2m5gniodu,row1_e4vrpsyrqs7cef4qkagz4iydnu,message,,src/coop/RoomGate.tsx:471:30,rev1_3691354a00972b2a150a77a5687410068ad4b7dd2d1be31e3121d618cae8cfe5
This dreamscape is completed.,Accessible state sentence for a Dream Atlas node the player has completed.,This dreamscape is completed.,,translated,,,tx1_6cdh3sdpjzz6lpnm7f3laj6kvq,row1_ghpsbuoftqs6khnjbmnitassa4,message,,src/cumulus/components/atlas/AtlasNode.tsx:224:16,rev1_b14350ef924cf4bf9c0188e6aa84e464f72b629774171e14d2d1353f35387c1a
Firebase Setup Issue,Configuration-error title when the shared-game Firebase service cannot initialize.,Firebase Setup Issue,,translated,,,tx1_6emjhx7qhkdfcx2ued2xryyraa,row1_r6yxlslltrxpacivtgvi2kigfq,message,,src/App.tsx:701:18,rev1_f77520111c903109bbecf1901a9a871863eb72954c0be348248aee5ef8b5f2cb
Type,Compact visible Pool Viewer sort-field option for card type.,Type,,translated,,,tx1_6gsuk7yfqasd2v4djovjsgsw2i,row1_irlvq27ecrkfhbhlzrliduu4v4,message,,src/cumulus/screens/PoolViewerScreen.tsx:414:25,rev1_39a70eb211ebbc13e1186cd3c041c63cbeefcbf1d85cef61ba21bedba64ab0e3
Four-Suit Reprise,Player-facing message for the gamble four suit title interface state.,Four-Suit Reprise,,translated,,,tx1_6hfkepctlsgnbmyz5bt4pucnj4,row1_yyrtf6h47middjepopg5gzwpcm,message,,src/cumulus/screens/GambleSiteScreen.tsx:520:14,rev1_8a232ced1c14e6b8a69955551bd0f1e21ab765c09a717f2fe85a736bb9b09315
Preparing this journey state.,Loading status while a requested QA scene is prepared.,Preparing this journey state.,,translated,,,tx1_6hjibrcxyow76cd7hfmrwnwmqu,row1_nnyvt2w72wdk5rebiamcyv7jji,message,,src/App.tsx:339:20,rev1_41c61bddfef010a37b94f13addc9851d9c69821518bd62085641c95103d71302
Sort deck by Name,Accessible name for sorting the deck by card name.,Sort deck by Name,,translated,,,tx1_6kdawijw6utgmi3sfp7fyx4atu,row1_276fehm2vsgphgyjuewnojwxum,message,,src/cumulus/screens/MobileDeckViewer.tsx:373:16,rev1_6e032ec020742852f1975222e5704505c3b3ebd9e4d83659aae7d2c2b0298f9c
Essence Gained,Headline on an Exploration reward announcement that grants Essence.,Essence Gained,,translated,,,tx1_6lty2m2iwzt2qeov7r5vhmgfny,row1_mqnu4ipptuunbfe5thvtes5gzi,message,,src/cumulus/screens/ExplorationSiteScreen.tsx:5716:25; src/cumulus/screens/ExplorationSiteScreen.tsx:5819:25; src/cumulus/screens/ExplorationSiteScreen.tsx:5913:25; src/cumulus/screens/ExplorationSiteScreen.tsx:7354:25,rev1_00f4a8924071e9a4d04a88654a6050e6e39f889be82c89f40b2fd28602ab34ff
{removed_dreamsign_name} replaced by {gained_dreamsign_name},Accessible name for one persisted Exploration Dreamsign replacement pair. removed_dreamsign_name and gained_dreamsign_name are canonical display names with unknown grammatical gender.,{removed_dreamsign_name} replaced by {gained_dreamsign_name},,translated,,gained_dreamsign_name; removed_dreamsign_name,tx1_6mfkoki2xu7jotymb4xbu37mhy,row1_3oefta5y4we3g4d57qit4skdve,message,,src/cumulus/screens/ExplorationSiteScreen.tsx:2436:27,rev1_df5457af899d07a19531d6222dc1399cde66af8fa89c9c88c5845bb786a5421e
{form_name} Transfiguration,Accessible description and tooltip for a card's Transfiguration badge. form_name is the authored Transfiguration form name.,{form_name} Transfiguration,,translated,,form_name,tx1_6nzgbqzn5x46zjg6q6lndaan2m,row1_m5a3ttdldjytzchwkel334ekjq,message,,src/cumulus/components/card/CardView.tsx:1073:13; src/cumulus/components/card/CardView.tsx:1080:13,rev1_6c5c005caab3cf9506f74a61ad17c884ff9608680c34272fe086c13bb2e54e6b
Exploration effect resolved,Generic player-safe Exploration outcome fallback when the resolved action is unavailable to the presentation model.,Exploration effect resolved,,translated,,,tx1_6odehdhqdpvuxagcwsaqb6ch6i,row1_mkwx7hrnyauatewsv3q7frpmcq,message,,src/screens/cumulus_adapters/exploration-view-model.ts:3749:20,rev1_d80b555ac44faf9bf9e991dc64362b4abae73161abb14a3aa0fe771b8c5c516f
Purging {purged_card_name} before copying {source_card_name},Accessible announcement during the first phase of a compound Exploration outcome. purged_card_name is removed before a copy of source_card_name is made; both are canonical card display names with unknown grammatical gender.,Purging {purged_card_name} before copying {source_card_name},,translated,,purged_card_name; source_card_name,tx1_6si7ekvjmscvrn32dhby5o72wi,row1_fu7dtyxghgfty6aj3jhq77rj64,message,,src/cumulus/screens/ExplorationSiteScreen.tsx:4765:33,rev1_2bab44ad8cb3c383fe47df706ca74f419c18f1f5a5cde9ebdfe63852ed5491db
Defeated {opponent_name} · {player_score}–{opponent_score} · {turn_count} Turns,Victory summary after a battle. opponent_name is the authored display name of the defeated opponent and has unknown grammatical gender; player_score and opponent_score are non-negative point totals; turn_count is a positive count of completed battle turns.,Defeated {opponent_name} · {player_score}–{opponent_score} · {turn_count} Turns,view.turnCount.plural=other,translated,,opponent_name; opponent_score; player_score; turn_count,tx1_6tfepzt2k5fgptkw3s7xovkk3q,row1_65n6dfo5jw2fbjgiqvfirpmkoa,message,,src/cumulus/screens/BattleResultSurface.tsx:211:22,rev1_820e963e2c3c25c4d4da3d53d102f450f34c11407aed6be43095c07d45467590
Defeated {opponent_name} · {player_score}–{opponent_score} · {turn_count} Turn,Victory summary after a battle. opponent_name is the authored display name of the defeated opponent and has unknown grammatical gender; player_score and opponent_score are non-negative point totals; turn_count is a positive count of completed battle turns.,Defeated {opponent_name} · {player_score}–{opponent_score} · {turn_count} Turn,view.turnCount.plural=one,translated,,opponent_name; opponent_score; player_score; turn_count,tx1_6tfepzt2k5fgptkw3s7xovkk3q,row1_uwn5orqqlqhwkwdppuqomlkflm,message,,src/cumulus/screens/BattleResultSurface.tsx:211:22,rev1_d286f7135be5ccec055460371a6ae9cf7446b34414f5208c00c8d50007c4ed41
Gained {amount} essence,Accessible reward status when Essence is gained. amount is the non-negative Essence quantity.,Gained {amount} essence,,translated,,amount,tx1_7344554my7efkucwzml4oq7a4m,row1_55gh7t3jyppgsmn54ipqjkxftm,message,,src/cumulus/screens/DreamscapeScreen.tsx:308:17,rev1_43d2240220153a9a5c9d7245627c9eeb5b73274f4b7ee29125c3005b091535f8
Next Shop Free,Compact outcome headline after Exploration queues a visit-wide free Card Shop.,Next Shop Free,,translated,,,tx1_73bgpvo5fhkpeqqlczwonn6dxi,row1_azylvitppeqnmnl5yitnid4mfq,message,,src/cumulus/screens/ExplorationSiteScreen.tsx:5249:21,rev1_f2c838a0c680308b5f7c22c9e2576a7731c78b91ffb9d589557a77b9fdbfc5d8
Transfigure,Player-facing message for the gamble transfigure outcome interface state.,Transfigure,,translated,,,tx1_73guob6yghyp63pcxodtoijjk4,row1_zegcpwpgouwp2mewwghaxn36ke,message,,src/cumulus/screens/GambleSiteScreen.tsx:423:14,rev1_cc58ec41921db15cb5b54b8c6e6bf70941aaff768f63b79edffa3fc4fcf8f3cd
Start Challenge,Primary command that starts the battle Challenge phase.,Start Challenge,,translated,,,tx1_75katmumryhomw627hfnavabju,row1_xefvlswxuv57y4nmcgeffersxu,message,,src/cumulus/screens/MobileBattleScreen.tsx:3959:25,rev1_f341591d2074f663ebe384da8e21954a518dcadce8ab963a4740ce63330a3ef0
Transfiguration options,Player-facing message for the transfiguration options accessible name interface state.,Transfiguration options,,translated,,,tx1_77chkmxgxlyjadpuftzyd6ojqa,row1_zzczrdhxftxdx54l6bfjjhvys4,message,,src/cumulus/screens/TransfigurationSiteScreen.tsx:618:35,rev1_7345789082f69e6f605357bb77bb624c419127e080e78fc9e7069febe138a7e8
Reorder {card_name},Accessible command on a drag handle that reorders one battle card. card_name is the UUID-resolved authored card name with unknown grammatical gender; arrow-key commands move that physical entry.,Reorder {card_name},,translated,,card_name,tx1_7bgzfbxarc2vnxvh4yagp2kynm,row1_vwl2am5ipdu5nmtu7tmkc74lla,message,,src/cumulus/components/controls/CardOrderEditor.tsx:176:15,rev1_c8c81c2cf909455d6ff6659d0a01b86c319093cef0b0a2e519e929adec40389f
Cannot Merge,Headline inside a blocked Figment merge target when exhaustion prevents the merge.,Cannot Merge,,translated,,,tx1_7ddcm5qxv7prevqxdqyacbzevi,row1_cw3xgz5nbdhzm5rsjfkmh4qfue,message,,src/cumulus/components/status/RadialAnnouncement.tsx:832:19,rev1_16bc3851bdd9a93a272d4d68380d985b53f144af9e36c1acfe9b6110b9803297
Replace,Player-facing message for the dreamsign replacement replace action interface state.,Replace,,translated,,,tx1_7dgyqg5h7dcehzmaioqup5zkru,row1_g2nbtjx2zpnsq2oax3auersuua,message,,src/cumulus/screens/DreamsignReplacementDialog.tsx:132:26,rev1_504cd0ba83edfc3aeb1ac6c40894c4b07685a68310d847160dfe03cf67078a31
Copies Gained,Section heading for card copies gained in a compound Exploration outcome review.,Copies Gained,,translated,,,tx1_7enwdffam7al4df4zt2hm5xexi,row1_es2jznyn57q4icla2a3gsxw7re,message,,src/cumulus/screens/ExplorationSiteScreen.tsx:6455:23,rev1_c5b5187830561817528a9b14c106b5b272cdbf263da6b50896a5ea4ffcfe3ab3
Cost,Loading-screen card feature labels.,Cost,,translated,,,tx1_7gun3dqgdv5k5oevc57aenwlt4,row1_f3izbg6pml5zricq6dr26dhlhq,message,,src/cumulus/components/overlay/TutorialFeatureCallout.tsx:25:12,rev1_ed0bb7c06fc81fbfccb7a6659f57fc6bb81c31bae42f8bbbb47d8f2974393390
Battle Pool Viewer,Visible Pool Viewer heading for the floating Battle inspector.,Battle Pool Viewer,,translated,,,tx1_7h3jxoshsxcfhdh47a7wpyamdm,row1_6mhbtianefhkyv3cq3fok33zla,message,,src/cumulus/screens/PoolViewerScreen.tsx:393:27,rev1_faa5aebb04653c6c367a4fe7a6e4c8b2f710151fe33b6245b552de9f5a8a44e0
{before}a Starter card{after},Complete Exploration effect fallback when its authored starter-card target cannot be resolved. before and after are opaque authored effect-text spans surrounding the missing semantic target.,{before}a Starter card{after},,translated,,after; before,tx1_7hgxswwximn37k2bczn5cxeh7m,row1_6s4z5ownwf7clpoonzrygcds3a,message,,src/cumulus/screens/ExplorationSiteScreen.tsx:854:19,rev1_4350418df350586d6ba157b79c167af475c40db03c6f344952cffc038d6ffeea
Cost X,Compact visible Pool Viewer Energy-cost filter option that selects cards with a variable printed cost.,Cost X,,translated,,,tx1_7jmztgkoxu7caxsrwmfotagxtu,row1_ij7odvrl2qi3vqwlflb44zqcri,message,,src/cumulus/screens/PoolViewerScreen.tsx:380:22,rev1_635f7d8e209c3e6dbbcb04cc0cdfd55e38ce2e21ad1c8d405e2a8cd6dbb33c1e
Build SHA,Command in the Journey utility menu that displays the current build identifier.,Build SHA,,translated,,,tx1_7jwbhvteflwldxdklpiavqwy3q,row1_nh3pfkbren7yonrun47x6weybi,message,,src/components/JourneyUtilityMenuController.ts:113:22,rev1_abae54f9984a69933840eaf05f80559e7e30bd54529142066580ed6df87f54a7
"Opponent: {current_energy} of {max_energy} Energy, {points} of {points_to_win} Points","Accessible summary for one participant's battle status card. owner is ""viewer"" for the side nearest the current local perspective or ""opponent"" for the opposing side. Energy and point values are non-negative integers; maximums and the points-to-win target are positive integers.","Opponent: {current_energy} of {max_energy} Energy, {points} of {points_to_win} Points","relationship === ""near"" ? ""viewer"" : ""opponent"".select[1]=otherwise; pointsToWin.plural=other",translated,,current_energy; max_energy; points; points_to_win,tx1_7lt3o2dgph3phqbmg37e3kku7e,row1_uy5vhcobv7oo2veqoimvzqmol4,message,,src/cumulus/components/battle/BattleStatusDisplay.tsx:74:27,rev1_5c16b24b32750d5c8309a9e4d171dfd9be1e48628138512391f72e45378f3d6f
"Opponent: {current_energy} of {max_energy} Energy, {points} of {points_to_win} Point","Accessible summary for one participant's battle status card. owner is ""viewer"" for the side nearest the current local perspective or ""opponent"" for the opposing side. Energy and point values are non-negative integers; maximums and the points-to-win target are positive integers.","Opponent: {current_energy} of {max_energy} Energy, {points} of {points_to_win} Point","relationship === ""near"" ? ""viewer"" : ""opponent"".select[1]=otherwise; pointsToWin.plural=one",translated,,current_energy; max_energy; points; points_to_win,tx1_7lt3o2dgph3phqbmg37e3kku7e,row1_7l7tsfz7d2ztehz42p5qib7pe4,message,,src/cumulus/components/battle/BattleStatusDisplay.tsx:74:27,rev1_337bd45491494a3aae6bf81d594782c15dfa9022f0839985eb0254a37c90acd9
"Your side: {current_energy} of {max_energy} Energy, {points} of {points_to_win} Points","Accessible summary for one participant's battle status card. owner is ""viewer"" for the side nearest the current local perspective or ""opponent"" for the opposing side. Energy and point values are non-negative integers; maximums and the points-to-win target are positive integers.","Your side: {current_energy} of {max_energy} Energy, {points} of {points_to_win} Points","relationship === ""near"" ? ""viewer"" : ""opponent"".select[0]=""viewer""; pointsToWin.plural=other",translated,,current_energy; max_energy; points; points_to_win,tx1_7lt3o2dgph3phqbmg37e3kku7e,row1_ck4ktboccvruk443q2grjfgg6a,message,,src/cumulus/components/battle/BattleStatusDisplay.tsx:74:27,rev1_4eba2e6648ae6514563803ea213b99e1efc531d4bef90dfeeced3f5d1e98eec3
"Your side: {current_energy} of {max_energy} Energy, {points} of {points_to_win} Point","Accessible summary for one participant's battle status card. owner is ""viewer"" for the side nearest the current local perspective or ""opponent"" for the opposing side. Energy and point values are non-negative integers; maximums and the points-to-win target are positive integers.","Your side: {current_energy} of {max_energy} Energy, {points} of {points_to_win} Point","relationship === ""near"" ? ""viewer"" : ""opponent"".select[0]=""viewer""; pointsToWin.plural=one",translated,,current_energy; max_energy; points; points_to_win,tx1_7lt3o2dgph3phqbmg37e3kku7e,row1_o3ohe42oiq5wjlbtyxhlhbqabi,message,,src/cumulus/components/battle/BattleStatusDisplay.tsx:74:27,rev1_dc56aae32bde4a7f5e5a8930f77baeeec5e760dbb113de89f85406052b6e3841
Rarity: {rarity}.,Complete accessible rarity sentence for a revealed game card. rarity is the card catalog's authored rarity label.,Rarity: {rarity}.,,translated,,rarity,tx1_7nheklfrbsxqytzxx3xe37onoq,row1_czdr3xuzcyicxsbydd7e5jc4bu,message,,src/cumulus/internal/reveal/context.tsx:148:22,rev1_d5442f5be6f256e51904694a24e230a87e611403876e2866ebcfb5b94f73cbe1
{winner_name} wins the challenge. {loser_name} dissolves into the player void.,Accessible narration after a tutorial challenge whose losing card enters the local player's Void. winner_name and loser_name are canonical card display names with unknown grammatical gender.,{winner_name} wins the challenge. {loser_name} dissolves into the player void.,,translated,,loser_name; winner_name,tx1_7qpbigvacz7aruotpfcqsd2ubq,row1_maipattjpznhx6w6l5r3pl4kka,message,,src/cumulus/screens/TutorialScreen.tsx:1453:13,rev1_72108d19860e1eb5f75bf05a268a0c43511fc964eecba0f5738243b9db0580f3
Back,Command-menu action that returns from a nested group to its parent command list.,Back,,translated,,,tx1_7t2mxptteaghw26wyxerlzcwca,row1_hyukvm3ya3opbymsxyl5kdon4a,message,,src/cumulus/components/overlay/CommandMenu.tsx:482:20; src/cumulus/components/overlay/CommandMenu.tsx:489:18,rev1_081f2e9fc7fecb705d245119741b976b398a43c0b79fc0a390ceca70e7bba3d4
Spark,Player-facing message for the tutorial feature spark interface state.,Spark,,translated,,,tx1_7u36teoolbetkhlkdcdtzoqqca,row1_bdyzdtykpjxelfehrexfspwyum,message,,src/cumulus/components/overlay/TutorialFeatureCallout.tsx:31:12,rev1_14ec28c68da6889ec7d66a2c6794155ee2346b54c53712903f4c02a58d889f08
Wins,Player-facing message for the gamble wins outcome interface state.,Wins,,translated,,,tx1_7wesuypxs3emfztf2ksk6yrrw4,row1_4oks2nhdlgcgzrdrx56jkr7bne,message,,src/cumulus/screens/GambleSiteScreen.tsx:463:14,rev1_e433c2c3c62766ef5a057c8d11f108a7e8f1b789d4ed885beef55f454a8f61a5
Economy Rules,Comparison-row label for the shared room's economy rules fingerprint.,Economy Rules,,translated,,,tx1_7xzzjxrmsic26dcbw2omv4d4mq,row1_r5y6zlpvq3dknslrhpwsb2ok3y,message,,src/coop/ConfigGateScreen.tsx:102:14,rev1_2d4f32add958642c90f05c8b5060d69664d48a1f9a1e7916822e66102e9dc242
Opponent Turn,Radial announcement when battle control passes to the opposing side.,Opponent Turn,,translated,,,tx1_7yivxrbx76iv6eqxssvcw3brj4,row1_mdtlh75njlbv6duv6wunykh7hy,message,,src/cumulus/screens/MobileBattleScreen.tsx:792:9,rev1_bf9306345b63ff61b6ac1c3ad1fd5a173849b7cd9dafef17f2bbc5b104b24ca3
Next Draft or Shop,Compact detail naming where that reward takes effect.,Next Draft or Shop,,translated,,,tx1_a2b3bfcm6xe33ns47ik32aqjqq,row1_76wth56nacq7ylol3bwd5h2wja,message,,src/cumulus/screens/ExplorationSiteScreen.tsx:5322:23,rev1_290d2ea73190ef684755ce4d2893558bb3f52686542e1914c9995f19c2f476e8
Interrupt,Accessible name for the double-bolt Interrupt attribute shown before a card name.,Interrupt,,translated,,,tx1_a2i7mhyjbhwmcrvsofnwrdzbm4,row1_iv656c35yqd23u4fomu77mlv6q,message,,src/cumulus/components/card/CardView.tsx:582:20,rev1_bdd0d8fd4255162d62704966d7f9046dec1d910ba3ce049ca8dc69fc48a209cf
Opponent card,Player-facing message for the battle opponent card accessible name interface state.,Opponent card,,translated,,,tx1_a3g6lijmwy2l4jdt5hm2ohu7au,row1_ozitcmxgtfy572nojv74ny5yh4,message,,src/cumulus/screens/MobileBattleScreen.tsx:1094:26,rev1_1394692049022dc4e4991bf41f05cd98ec26c80eb6b2754844ced16b23409a38
No eligible cards to reforge.,Empty state when no card can be reforged.,No eligible cards to reforge.,,translated,,,tx1_a75nksdaj6kce5i4v4lmj2kcgm,row1_tsnygm3bswqnhyldvveqkekura,message,,src/cumulus/screens/TransfigurationSiteScreen.tsx:426:13,rev1_284e8ec0fe79d4f4ea898679b8e4954fa1a2d116e94a6fbebffec9c8fd7ec81b
Cancel,Visible command that cancels the tutorial card's pending target selection.,Cancel,,translated,,,tx1_aa4y7ywhbgtkcekztxw77c6qiy,row1_77zf7wetyetckrlmp7rmrh2bd4,message,,src/cumulus/screens/TutorialBattleScreen.tsx:394:24,rev1_3e65522a70e82f5091b76f1a206fc6ec3f858b6123e4eade1f80b3df65b0aeb4
This rule's definition is temporarily unavailable.,Player-facing message for the glossary definition unavailable body interface state.,This rule's definition is temporarily unavailable.,,translated,,,tx1_adytcdfs3xefjxkpg2gafsyhbm,row1_lg6ofwerxtmt4uwhvdtn7pq5d4,message,,src/cumulus/components/card/glossary-info-card.ts:51:26; src/cumulus/components/card/glossary-info-card.ts:69:26; src/cumulus/components/card/glossary-info-card.ts:85:24,rev1_96de8ff52c8642db8469f107ba1a2621200da2875bc09bddb1d002ffe6a76799
Choose Your Avatar,Title and actions on the Dream Avatar selection screen.,Choose Your Avatar,,translated,,,tx1_afayk6y2i7tzrboi27ao7gwpeq,row1_3lvuv2tlepbtdexdw45nju4cwq,message,,src/cumulus/screens/journey-start-desktop.tsx:329:18; src/cumulus/screens/journey-start-mobile.tsx:272:16,rev1_6357d3745c0259de936c5df0400e3ae47c1d1a0f7b2b680b34028c251b6d4a5e
{amount} additional starting Energy in the next battle,Accessible announcement for an Exploration reward adding starting Energy in the next battle. amount is positive.,{amount} additional starting Energy in the next battle,,translated,,amount,tx1_afvvxn2nedpq2o4mo3cyskic2q,row1_sehpebvdqbfibxgak5cssudf2y,message,,src/cumulus/screens/ExplorationSiteScreen.tsx:5037:19,rev1_0155f6348df872a517de121df10ea24a2557bebbbe38e9dbc1b42071b1b90ce3
All Cards,Visible Pool Viewer source-tab label for the full card catalog.,All Cards,,translated,,,tx1_ag73dzp4igejbv7evjrklxildi,row1_n3u6ivcisxikkomoypim7nwujm,message,,src/cumulus/screens/PoolViewerScreen.tsx:303:28,rev1_9eff9abfe99b344ec340ab98bf5c923a13932bc361782273bef85ed554346895
Your Banished Cards,Title for the local player's banished-card browser.,Your Banished Cards,,translated,,,tx1_ah4m74aaoujvqi42zzc4wmhdfm,row1_7c7ivmtdmlypus7js3t5ck6l2m,message,,src/cumulus/screens/CardZoneBrowserOverlay.tsx:359:15,rev1_9097ab442cb173359820e37204322148a3dbc3806d9cda294fa3d4daafad22c7
Leave,Visible command that exits the current Gamble site.,Leave,,translated,,,tx1_ai3s5faovk5v6r6ejfu2i566na,row1_ohfgnqbahgrxxrqz3hh7epjp5q,message,,src/cumulus/screens/GambleSiteScreen.tsx:1598:28; src/cumulus/screens/GambleSiteScreen.tsx:1634:26; src/cumulus/screens/GambleSiteScreen.tsx:1967:26; src/cumulus/screens/GambleSiteScreen.tsx:2341:28; src/cumulus/screens/GambleSiteScreen.tsx:2352:26; src/cumulus/screens/GambleSiteScreen.tsx:3038:26; src/cumulus/screens/GambleSiteScreen.tsx:3083:26; src/cumulus/screens/GambleSiteScreen.tsx:3276:28; src/cumulus/screens/GambleSiteScreen.tsx:3617:30; src/cumulus/screens/GambleSiteScreen.tsx:3646:30,rev1_77f3487c7dc0e4e32cfee6917b84c23aac896fa2aeffa63e277de65e9c62938b
This avatar has no signature cards.,Visible Pool Viewer empty-state sentence when the Dream Avatar has no authored signature cards.,This avatar has no signature cards.,,translated,,,tx1_ajrdojupxq3rwe32ppdp4ijqie,row1_sovzvxphdqxypqopia5js56aae,message,,src/cumulus/screens/PoolViewerScreen.tsx:328:30,rev1_988c2d58c10c4fc450e9ee6e4d511fb99088cdb1d728454ea2e31ca90263afed
Reorder Revealed Cards of Player Deck,Title of the partial deck-ordering dialog for revealed cards from the Player side's deck.,Reorder Revealed Cards of Player Deck,,translated,,,tx1_ajvf5ige7xmcylve3nhbx42zma,row1_aefoupo3nq7fhgkuhna2xu57sa,message,,src/battle/components/BattleDeckOrderPicker.tsx:72:15,rev1_e12223554c655dfbdb82443a2d2988aa08d2f3b92d13fa4681ab3e9e54362ce1
Face-down four-suit playing card,Accessible name for a concealed Four-Suit Reprise playing card.,Face-down four-suit playing card,,translated,,,tx1_akytxevxnwbwivrw725cj34dru,row1_5m2xcw6aclakfltcuz6eidm7ge,message,,src/cumulus/components/card/PlayingCard.tsx:427:9,rev1_f07fba521da11f82785dabacd2d1f447a2410cb34469f9dec5aa0db491354330
{site_type} added to this Dreamscape,Accessible completed-event summary after an Exploration action adds a site to the current Dreamscape. site_type is the configured display name of the exact persisted site type and has unknown grammatical gender.,{site_type} added to this Dreamscape,,translated,,site_type,tx1_al67qehfdasilguw33voju3v4m,row1_eevbo2hiq2njhh3o6qj4luoqhi,message,,src/cumulus/screens/ExplorationSiteScreen.tsx:5353:33,rev1_7f4e44f0db7266f9b1b1eb62cc241789eaf3d0ebf82111cccdef47ba87fa8f14
Three Reflections Remain,"Headline for the compound Exploration result that purges, transfigures, and copies prepared cards.",Three Reflections Remain,,translated,,,tx1_amekkhyogmmtt223jtp6u6rh4u,row1_hf23mhbimbq7mtqgosg4pfwy7y,message,,src/cumulus/screens/ExplorationSiteScreen.tsx:6218:25,rev1_c38f7565bb721d204fe287f4b871f65d7ff3e043317d2e467858e75d5dd7ba8c
Sort deck by Subtype,Accessible name for sorting the deck by card subtype.,Sort deck by Subtype,,translated,,,tx1_amtijvo7sattdlqnbs4qgefj3y,row1_akfcjpuu7v4zxagtbx5glx2peq,message,,src/cumulus/screens/MobileDeckViewer.tsx:381:16,rev1_7f0cc218389ab4f2c9aad293e3dc52faf11aa974785c63cf0a2a7361a9672666
Close void browser,Accessible name for dismissing a battle Void browser.,Close void browser,,translated,,,tx1_aopnfcs4qcxfimqdmm3e7bvq5m,row1_co5grld5bfue2omffmupkqrksy,message,,src/cumulus/screens/CardZoneBrowserOverlay.tsx:425:23,rev1_ad43731ddb9db328302818e46b201d9dbad27d554a32b6dca337d1e3bbfc30ad
Essence Remaining,Label beneath the remaining Essence at the end of a Journey.,Essence Remaining,,translated,,,tx1_ashydtul7odtvj2xhaqgtl6pxm,row1_kftmxhfen6ppcng6z5bptnrs7m,message,,src/cumulus/screens/JourneyCompleteScreen.tsx:58:16,rev1_65100d8621821ab643b93c69e7e1da42f51b5d22dac9eb351db98efc5da3e0eb
{suit}: Duplicated,Accessible name for a Four-Suit Reprise row granting card duplication. suit is the canonical authored playing-card suit.,{suit}: Duplicated,,translated,,suit,tx1_avvg4a62psqs7seewrzx2waase,row1_egh5ueuygptccypesofyyzzl3q,message,,src/cumulus/screens/GambleSiteScreen.tsx:608:14,rev1_a49d7741544695e2cf8eb4aedfb523b6a3e0e79a3ce66e954d2f2f2af74b30e2
Tide: {tide_name},Accessible name for an interactive Tide object. tide_name is its canonical authored display name and has unknown grammatical gender.,Tide: {tide_name},,translated,,tide_name,tx1_awvqxhpayijnymyquu5n3b7iju,row1_kfmexkoqm2xlhfyqegu4yauxmi,message,,src/cumulus/components/hud/TideDisc.tsx:68:25,rev1_115f7dd86e56b2b364d3996eec7bd0dc02fb7871492b48f31f3bc8bb2ed47e31
Fast,Compact headline in the radial announcement for an Exploration deck-wide Fast keyword grant. This visible message is paired with the bolt glyph.,Fast,,translated,,,tx1_axjw66nvkjjdl7nxzf2yb3ghua,row1_5si2lzcfakfmhyajhj5b3adv5u,message,,src/cumulus/screens/ExplorationSiteScreen.tsx:766:14,rev1_deaae9eb0b503afc77b3e8b5af4b53d2957084fca629379af8c3911a71ebf2a5
Save current journey as:,Native browser prompt text for naming a downloaded Journey save. The prompt is visible before the file is created and asks for the player's authored name.,Save current journey as:,,translated,,,tx1_aya6k7rqvgu4veozhvaimg5goq,row1_fjqg33bqi3vwo6ylaocq5y6csu,message,,src/components/JourneyUtilityMenuController.ts:173:9,rev1_f6b59c221e083f5b9ffc4de54b5c222e2d5ea3a7557a6695abb6b706e91e00b9
Gathering possibilities…,Loading status while Duplication choices are prepared.,Gathering possibilities…,,translated,,,tx1_b2o5lvr6yssyub4cqwo7lotkte,row1_cjkzmjfhiyon5yxecmqy2mrshi,message,,src/cumulus/screens/DuplicationSiteScreen.tsx:114:21; src/cumulus/screens/DuplicationSiteScreen.tsx:153:21,rev1_019bbbed9b94087a41def97e48104d7062e69841d8711146b9d7867675ccdeaf
Action not applied: this playtest is controlled from another browser.,Transient status when a read-only playtest observer attempts a player action.,Action not applied: this playtest is controlled from another browser.,,translated,,,tx1_b3llamwnsstvjtympvhmjg4r7q,row1_zcd5nftglfpc3jkg6d46m6x4te,message,,src/coop/BounceToast.tsx:45:14,rev1_1832166bb550fc16b140b5528920c3de7957db651365e357a6afc27a0136686b
Avatar ability: {rules_text},Accessible name for interactive authored Dream Avatar rules text.,Avatar ability: {rules_text},,translated,,rules_text,tx1_b3u5uxr52yipy46jxvbobhk4li,row1_otzrfzcnwkkze4aj6hmsdcxuaq,message,,src/cumulus/components/card/RulesText.tsx:560:12,rev1_bb15c9945de28f1b2b17775b0ceef23479512175a469cc56815c5070be4b34b4
Nightmares and Dreamsign Gained,Headline shown while an Exploration compound outcome presents the exact persisted Nightmare cards together with its Dreamsign gain or replacement.,Nightmares and Dreamsign Gained,,translated,,,tx1_b3yzdsbhrxkdrzvnx6dpdnmb2u,row1_rr5anesl727xqbolndfowlsxdu,message,,src/cumulus/screens/ExplorationSiteScreen.tsx:6936:25,rev1_00dd2da973f487990b37fb932ca657df79aa405e1d790a53065b8955639cff71
{amount} additional opening-hand cards in the next battle,Accessible announcement for an Exploration reward adding opening-hand cards in the next battle. amount is a positive card count.,{amount} additional opening-hand cards in the next battle,battleModifierReward.amount.plural=other,translated,,amount,tx1_b4jasz6csylnwza676qfekatjq,row1_nivamu7ns7r5ach45enpi2rfsm,message,,src/cumulus/screens/ExplorationSiteScreen.tsx:5025:19,rev1_e72602eae5d91d76d2f0e1a24f68ee51c6bae44e063ca5657a924bbc4bf16b11
{amount} additional opening-hand card in the next battle,Accessible announcement for an Exploration reward adding opening-hand cards in the next battle. amount is a positive card count.,{amount} additional opening-hand card in the next battle,battleModifierReward.amount.plural=one,translated,,amount,tx1_b4jasz6csylnwza676qfekatjq,row1_z5bwbzyq5jsiypdy37w6evzfpe,message,,src/cumulus/screens/ExplorationSiteScreen.tsx:5025:19,rev1_da9a18a141258cf6dd94ee0add92b8d618636117e39f7ef29eb4651e42993273
This game needs settings this build cannot adopt.,Detail explaining that this client cannot adopt the shared room's content settings.,This game needs settings this build cannot adopt.,,translated,,,tx1_b4v6vevgj5ddkisbiyvmdpj45y,row1_e7mobihqymkiksysy2uy2epwnq,message,,src/coop/ConfigGateScreen.tsx:39:24,rev1_ab940aad697035981d505d4502e0aec9a0a4019721bbdb3974e615b68fe28d2e
Dreamwell History,Player-facing message for the battle dreamwell history title interface state.,Dreamwell History,,translated,,,tx1_b7mnlxvo6p4ptqupce43obqnda,row1_tww52eeluvbo7whzkekhqv254u,message,,src/cumulus/screens/battle-overlays/BattleDreamwellHistoryOverlay.tsx:30:14,rev1_2049286b235e942735d865e615c28bb1f777de918298ad9c6bb9b866d42e83cb
"Exploration boons: every item in this shop is free, with {remaining_count} free purchases remaining.",Persistent live status above a Card Shop shelf when T56 and T82 overlap. remaining_count is the positive total of successful T82 purchases remaining; those counters are consumed even while T56 also makes the visit free.,"Exploration boons: every item in this shop is free, with {remaining_count} free purchases remaining.",status.freePurchasesRemaining.plural=other,translated,,remaining_count,tx1_bbsmbjfycw7see4ocfk6xfm5mm,row1_5thhwcqvbetyflccavfhyildv4,message,,src/cumulus/screens/ShopFreePurchaseStatus.tsx:49:11,rev1_231a795de62be5d1e1b64f8ad360a8779b6f927350f507c99eac12255da96d03
"Exploration boons: every item in this shop is free, with {remaining_count} free purchase remaining.",Persistent live status above a Card Shop shelf when T56 and T82 overlap. remaining_count is the positive total of successful T82 purchases remaining; those counters are consumed even while T56 also makes the visit free.,"Exploration boons: every item in this shop is free, with {remaining_count} free purchase remaining.",status.freePurchasesRemaining.plural=one,translated,,remaining_count,tx1_bbsmbjfycw7see4ocfk6xfm5mm,row1_hvnvnyjiv2atlebgbaqgjvqtf4,message,,src/cumulus/screens/ShopFreePurchaseStatus.tsx:49:11,rev1_d624744eb4a866af9194bc5344e224a68dca21f8f7d10c8de597b02e19ec09ee
{essence_after} Essence total,Detail below a direct Exploration Essence reward. essence_after is the non-negative shared Essence balance persisted after the reward resolves.,{essence_after} Essence total,,translated,,essence_after,tx1_beru6jixxfti6uk2p5a3cecfhe,row1_z2sr2ie3v6irvloom3bo54qbxq,message,,src/cumulus/screens/ExplorationSiteScreen.tsx:5720:23,rev1_3f085bb26600af1cb2cbadaf55b76e478ec604279382a1325f03bfb61f1a4a1d
Energy cost,Accessible name for the numeric Energy-cost orb on a card. The visible numeral is inside the same labeled element.,Energy cost,,translated,,,tx1_bf6nhibq3dronbzq5mfr6w2vxe,row1_ifvn3typhdkfjbivlrjnurnlay,message,,src/cumulus/components/card/CardStatOrb.tsx:156:9,rev1_db79ffdb46e0873cd68d6eed08fbfba0beb99619c4bed78420ef96648d5f1680
{count} Connected,Compact presence status showing the nonnegative number of connected clients; zero is possible.,{count} Connected,count.plural=other,translated,,count,tx1_bmqogxarmaxwzedpa6kpeykdyu,row1_imgo3epbftazbwe7fc2kqlmdqa,message,,src/cumulus/components/hud/CoopPresenceStatus.tsx:48:13,rev1_db0616f6fbe9b61e124aa21fdacb1ed56090e00296cfdb49cf2203a98d932034
1 Connected,Compact presence status showing the nonnegative number of connected clients; zero is possible.,1 Connected,count.plural=one,translated,,count,tx1_bmqogxarmaxwzedpa6kpeykdyu,row1_62bwa34kw6sepagj3eucx7tlka,message,,src/cumulus/components/hud/CoopPresenceStatus.tsx:48:13,rev1_68d28f4312174d085bb49f5145bf92804177238c5fe0c0815c38010e5b609512
+{spark_count} ✦,Compact Spark detail inside an available Figment merge target. spark_count is the non-negative Spark that the destination Figment will gain; the star is the canonical Spark symbol and is converted to the shared accessible glyph.,+{spark_count} ✦,,translated,,spark_count,tx1_bpyhgddpssvod6653fmplsxlku,row1_d3qvrauj6drbipzap5isvi3hca,message,,src/cumulus/components/status/RadialAnnouncement.tsx:845:25,rev1_0e1897892d4bf5234a61a9b64905ffc3b629f41ce990aa8adebf3b82714b3c60
Bet,Player-facing message for the gamble bet action interface state.,Bet,,translated,,,tx1_br7dmb65eunsrzcjwzdkm5u324,row1_sezqlfktd6hs67w3gob4jvipji,message,,src/cumulus/screens/GambleSiteScreen.tsx:331:14,rev1_3545993adddf53579ac23a3d14c0279ac2009bb9a8a1c1cec653c8d4075843e3
Battle controls,Accessible label for the group of battle navigation and choice controls.,Battle controls,,translated,,,tx1_bu6tclbf34nrztxggh34mxbs3a,row1_b45fmd5y654tqxbh5xnvmzc4ai,message,,src/cumulus/screens/MobileBattleScreen.tsx:3764:9,rev1_d1dcfe03ac0082356d81ca444b92b0f7e67c87b848059fe84662bf8ab8bd9968
Opponent’s Banished Cards,Title for the opposing player's banished-card browser.,Opponent’s Banished Cards,,translated,,,tx1_buoxksnjxw2yyisq6skohcekke,row1_6daovmkospormagitlxtkvyp6e,message,,src/cumulus/screens/CardZoneBrowserOverlay.tsx:364:15,rev1_50a2c34ecb5a35a4a98c556220bfe43c39285a2ad81b8c6f493a53e465738ab1
Loading Saved Journey,Loading title while a requested saved Journey is fetched.,Loading Saved Journey,,translated,,,tx1_buqfmoqmbv77ums3n7yrshbgoy,row1_6makftomhv33ify35j52zgndke,message,,src/App.tsx:360:18; src/App.tsx:369:22,rev1_1a7141baf8cb1c2d1f25a6d789727a2ae66c16c0d3c19939ad4c9f7da59560c5
Exploration boon: every item in this shop is free.,Persistent live status above a Card Shop shelf when its T56 visit-wide Exploration benefit is bound to this exact visit.,Exploration boon: every item in this shop is free.,,translated,,,tx1_bylmom7d5ioolvuxa3q3pippyi,row1_lj3chcbjn5g5pauhfz4ue2e7om,message,,src/cumulus/screens/ShopFreePurchaseStatus.tsx:34:9,rev1_bb076b874d259f4094cbc9b3f40c49faaf45aa8b9a798039ba7f12396f1bd180
Switch to the Opponent side to resolve this choice.,Polite battle status shown when the pending choice belongs to the opposing side controlled by the local user.,Switch to the Opponent side to resolve this choice.,,translated,,,tx1_byxtvi3gc6vow5sq5z7v564ufy,row1_4lhu6y27dhliloxwznwn3txkoq,message,,src/runtime/localization/battle-prompt-messages.ts:41:11,rev1_08bb4238abc512dc8de89bb2ddf03577a668c69b3b0b8eb8bd949184f602dc45
No avatar is active.,Player-facing message for the journey status no avatar interface state.,No avatar is active.,,translated,,,tx1_c4cjxnnfmt3h7m3odfxh3opw54,row1_7y5ecexvgx4ahgdxqamriiqsae,message,,src/cumulus/components/hud/JourneyStatusBar.tsx:422:30,rev1_c3525e0cefe9fa9470b80a04d32714c78f1c49a5829b409b7fc824d2a10eb36d
Your Back Rank,Caption for a card candidate in the viewer's back rank.,Your Back Rank,,translated,,,tx1_c5fohvjsynmahx65gbvtmfsgke,row1_rzllf4vzij2eo4azy762xqqbza,message,,src/cumulus/screens/MobileBattleScreen.tsx:3553:9,rev1_00183e3a33347ac273ad27e514252326327df1e1b2b10b8f48017d0fed2d2106
Card anatomy,Player-facing message for the loading card anatomy label interface state.,Card anatomy,,translated,,,tx1_cc7uaws6p5fzatjee37rcvpyle,row1_mw454rlxqnzizzidtwstzxjwca,message,,src/cumulus/screens/LoadingScreen.tsx:490:29,rev1_12475c15d886d085e2fca7aac1fd2640c59f6f094972362208a53eb2ff571fdc
Bet on Jack Gate for {essence_cost} Essence,Accessible command for betting on the Jack Gate. essence_cost is the positive Essence price.,Bet on Jack Gate for {essence_cost} Essence,,translated,,essence_cost,tx1_cd2skohkcq4cqc435q4qsrvnse,row1_6ho62nbgtxujc4kfm3eajib3ly,message,,src/cumulus/screens/GambleSiteScreen.tsx:582:14,rev1_615200d2cba77285f9c616a4d59fd3e4f4d447e69962da7ae194feea642da8df
You Win!,Player-facing message for the gamble player win outcome interface state.,You Win!,,translated,,,tx1_ce3275g5bxq2l4fqcftell4pgi,row1_c72dixstyyzvofmpyrgfl3wxn4,message,,src/cumulus/screens/GambleSiteScreen.tsx:443:14,rev1_325608eaac6aa73215c1a61db811557fe0e2e9d0687b85a0ac6b345daf9f820f
Win {essence_amount} Essence and {dreamsign_name}.,Reward sentence on a wager prize that includes a Dreamsign. essence_amount is the positive Essence payout and dreamsign_name is the canonical authored Dreamsign name.,Win {essence_amount} Essence and {dreamsign_name}.,,translated,,dreamsign_name; essence_amount,tx1_celve2r3jadtz4ajeqzeszmf3m,row1_npgdnwhnvalu3pntajdskcqxua,message,,src/cumulus/components/card/PlayingCard.tsx:661:9,rev1_cc4733f99fd89514198ca0417beab19dcd33617845766152a4082126ef02cbf8
Your Hand,Caption for a card candidate in the viewer's hand.,Your Hand,,translated,,,tx1_cevhwwgzwwrdeg553j277vp4cy,row1_hngyreuenbaaao47dombcbcam4,message,,src/cumulus/screens/MobileBattleScreen.tsx:3537:9,rev1_5ffc012fe77d303983084fc3642f68608ef8952115c255c7ef92cfabf23c245a
The journey content could not be prepared.,Recoverable error explanation when Journey content fails to load.,The journey content could not be prepared.,,translated,,,tx1_cfb5apzmkjwqrouoaw726jgjwa,row1_6ubvumcxhimqeeeyxq777ointe,message,,src/App.tsx:642:20,rev1_1f6b9f5fa2c792a35f91cc5abd02a53c5b8d97ac014b13e321a2c5ac3ca37a1e
{figment_name} merged and gained {spark_count} Spark,Accessible live announcement after one Figment merges into another. figment_name is the displayed name of the surviving Figment and has unknown grammatical gender; spark_count is the non-negative Spark increase.,{figment_name} merged and gained {spark_count} Spark,,translated,,figment_name; spark_count,tx1_cgximzzwj7qmm5mpjqxk7bbix4,row1_bhclgbr7bicmo3mlnrb4e6jltm,message,,src/cumulus/screens/MobileBattleScreen.tsx:850:27,rev1_bd8e439618d83833118bff8fde56936f31ccf54ee7e9e449fe6e476530fb603f
Final Deck,Label beneath the number of cards in the completed Journey's final deck.,Final Deck,,translated,,,tx1_ch7c6njnjrlfk2wmoa5wqivndi,row1_nl7m2mf2go3fbdbveqszwlejxm,message,,src/cumulus/screens/JourneyCompleteScreen.tsx:54:16,rev1_f3502bb020c0abd4e0e665049eb487a4fa42840e398066507b49ed612eb3caf7
Essence Earned,Eyebrow above the animated Essence payout on a victorious battle result.,Essence Earned,,translated,,,tx1_cjeifjqo54aithqu2c5blp4pna,row1_rnfxlunakeaaindm7j4hqhghsi,message,,src/cumulus/screens/BattleResultSurface.tsx:253:26,rev1_28335d81f29b419ec353cf8a1694db9764621bf885627f9389b11f616d9f41d1
Starting Deck,Copy for the modal that introduces the player's initial deck.,Starting Deck,,translated,,,tx1_cloznhuyovo35pboc33wejf7ki,row1_5s5dixh5yavqkjmovem5su7cxu,message,,src/cumulus/screens/StartingDeckOverlay.tsx:68:14,rev1_91c04be4264b437f16205b5782e50d1bb7ba5036d1154520fa81c55ad080ebc4
Sort order,Player-facing message for the deck sort accessible name interface state.,Sort order,,translated,,,tx1_cnjzp2ijbgrohfesmtsltoednq,row1_3bhpoekyfgz7xfx7dzevv7l3s4,message,,src/cumulus/screens/DesktopDeckViewer.tsx:643:20,rev1_646cfba0a97ea0c9e4a5dcf183870b5c6d227c42327f4574db9b611e461c047f
This character is exhausted and cannot move to the front rank.,Error when an exhausted Character cannot enter the front rank during the opponent's Dusk.,This character is exhausted and cannot move to the front rank.,,translated,,,tx1_cos7lyeumt5lykxzs4glhfl73i,row1_pl56utddbpsyxo3igilopd3mdq,message,,src/cumulus/screens/TutorialBattleScreen.tsx:414:21,rev1_67599004480779d299ef0071ff0ba6c13d8fd490375294be431c8c74930b9976
Cancel,Player-facing message for the battle card note cancel action interface state.,Cancel,,translated,,,tx1_cptyitcz5oalgg5hwqyv2u3rdq,row1_hhzsw35evwkkfjrl5ascnvtbcq,message,,src/cumulus/screens/battle-overlays/BattleCardNoteOverlay.tsx:192:20,rev1_ac1534ff7f698426feb8d63d1b9ade55ab47cfc7f1dc6b257dcedad127e57fea
"Opponent’s turn, Day phase",Accessible battle phase for the opposing side during Day.,"Opponent’s turn, Day phase",,translated,,,tx1_cpwfm3fneyoy3upqirthvsihuu,row1_cllw2q7ovxeprczkh37w56p77m,message,,src/cumulus/screens/MobileBattleScreen.tsx:1412:13,rev1_a3e209ac0da8975fb2082dddc7fd7a91cebae0c14a29f874d541af9613c8b2fe
Duplicating…,Pending status while a duplicated card is saved.,Duplicating…,,translated,,,tx1_cr5exwlhw2cox5veskmbsd4euy,row1_bz67jszjlhppagm4tg6yjjud5i,message,,src/cumulus/screens/DuplicationSiteScreen.tsx:130:23,rev1_a2bafe704968d011e099c7c2a83114b157a5e0ee30e3b0d1ef2f9696c8b55c18
{visible_count} of {total_count} Cards,Filtered card-browser subtitle. visible_count is the non-negative number matching the active filters; total_count is the non-negative collection size before filtering and governs Card grammar.,{visible_count} of {total_count} Cards,view.totalCount.plural=other,translated,,total_count; visible_count,tx1_crfpgctievk6lv7ze7tel4n37i,row1_misbsbi644p27fpkajdou5ufha,message,,src/cumulus/screens/PoolViewerScreen.tsx:254:21,rev1_26f70984026eda23b93acaae62ecd99e6ca83c9999b3d8a7fcf7d25e15b0084b
{visible_count} of {total_count} Card,Filtered card-browser subtitle. visible_count is the non-negative number matching the active filters; total_count is the non-negative collection size before filtering and governs Card grammar.,{visible_count} of {total_count} Card,view.totalCount.plural=one,translated,,total_count; visible_count,tx1_crfpgctievk6lv7ze7tel4n37i,row1_dxlw3e5fchqrgud7h354ppjtpq,message,,src/cumulus/screens/PoolViewerScreen.tsx:254:21,rev1_a3f4b1ddee77c5495062f93062aaf0cf855f0724443e684c79df8dcfcabfd688
Try Again,Action that retries shared-room creation or setup.,Try Again,,translated,,,tx1_crp35wdyicigun5meebep3ak7e,row1_xt242k2kql5msnfobibqo3rf24,message,,src/coop/RoomGate.tsx:690:20,rev1_7404b4ea5e336d0906074bb098b713b057a9a45ba533c50296fa5dabe60d54d6
+{amount} ✦,Compact headline in the radial announcement for an Exploration deck-wide Spark increase. amount is a finite positive integer displayed with the Spark glyph; the sign and glyph stay part of this complete visible message.,+{amount} ✦,,translated,,amount,tx1_ctqxfebwifnn22dvjkqstajxaa,row1_an3m6usm6qtln6vdd34fke33r4,message,,src/cumulus/screens/ExplorationSiteScreen.tsx:760:14,rev1_24eb64060530e2bdbd8387cfe966636d708050f8ec46332867c29f3d0f98992a
Win {essence_amount} Essence.,Reward sentence on a wager prize without a Dreamsign. essence_amount is the positive Essence payout.,Win {essence_amount} Essence.,,translated,,essence_amount,tx1_cwz6gwuqopryqspxs5hajphpgy,row1_47fp5xovos6lpn3v66rw422bku,message,,src/cumulus/components/card/PlayingCard.tsx:656:9,rev1_ff6a58e527fb76f7419855a9844b3655d9c6e175d41079a711d8b46e6212d7fd
M,Player-facing message for the deck size medium interface state.,M,,translated,,,tx1_d4yhvzwavxvqtsu4xavo56zpca,row1_ohu7byeybvdj5c266v2kcgeqy4,message,,src/cumulus/screens/DesktopDeckViewer.tsx:575:16,rev1_b85b050207c9417850f5cd96008a025e26d69cbddc95539bd371753d7acc1ac6
Take {essence_amount} Essence,Accessible command for ending a Starway Stairs run and taking the accumulated payout. essence_amount is the positive integer Essence granted to the current player; the same amount is also visible beside the button label.,Take {essence_amount} Essence,,translated,,essence_amount,tx1_dboibqdkjj7ro5xhvan7mgojmi,row1_mw2tpqsmf5vxtk2x6kau5snrpi,message,,src/cumulus/screens/GambleSiteScreen.tsx:2306:39,rev1_5c6c50ed6ce15fcea1c7a9db067d5f507cb03aa121ba657ac80a07a0eb0cda7c
Gained,Player-facing message for the gamble gained outcome interface state.,Gained,,translated,,,tx1_diupgrmu3fzisc4izmlfassjzu,row1_un6wfzqljsjkuq4xciqu2xqlwy,message,,src/cumulus/screens/GambleSiteScreen.tsx:428:14,rev1_4e0cf7cfc9ed47bf8bb4a05221fbb7ac7ae57a445e191b4848aa5432be2b9cde
{speaker_name} speaks,Accessible name for character dialogue. speaker_name is the displayed name of the character currently speaking and has unknown grammatical gender.,{speaker_name} speaks,,translated,,speaker_name,tx1_dmclbruhhhe4ncrewuvvq73s4u,row1_lbxqme5o4xk7uufhb4tc2zv2ya,message,,src/cumulus/components/overlay/CharacterDialogue.tsx:95:27,rev1_2e1e0d88e2da36a8ee4b6d833205554e9007c0b64b27e1bdd57ed5952e579c8d
Player Disconnected,Title shown when the controller of a hosted playtest disconnects.,Player Disconnected,,translated,,,tx1_dpkh2p4kwii4uc2rjzuwxsykjm,row1_aic5y44gwmiyydiyu4uap5cgii,message,,src/coop/HostedPlaytestShell.tsx:95:20,rev1_f97a67bc00af7783e322612eb9ac97323a5795c60467fbfd24fc16d2f92cdb96
Next Battle · Cards cost {energy_cost_reduction} less Energy,Compact detail below the opening-hand headline. energy_cost_reduction is the positive integer Energy reduction applied to every card in the next battle.,Next Battle · Cards cost {energy_cost_reduction} less Energy,,translated,,energy_cost_reduction,tx1_ds7sdcjejhdez4rvtogs75o66m,row1_tgr7laoeuoe7x4jtb3e4qbsagu,message,,src/cumulus/screens/ExplorationSiteScreen.tsx:5123:23,rev1_8b4a4bf8c334b9bec96061504e80007b63dfeb447bcb9647ea4c340b5e740fd8
Pick any card to reforge,Instruction when any eligible card may be reforged.,Pick any card to reforge,,translated,,,tx1_du5u2ziv65sisgwbusiimeevma,row1_rzyokh7njtirpfjsr4etghr3xa,message,,src/cumulus/screens/TransfigurationSiteScreen.tsx:374:9,rev1_eda77237aa27f6b38ad4b5f23e35d9fffdcaba9a45d245efce129bba9464a0fd
Download Log,Command in the Journey utility menu that downloads the diagnostic Journey log.,Download Log,,translated,,,tx1_duzv6hteqgbheirklvtlyh5kky,row1_k3sj5sinv2r2sny5nbtu3g4bei,message,,src/components/JourneyUtilityMenuController.ts:100:22,rev1_991e5714554434cd14e6bbe8d046188ec29184973b5b2ef4800a0888fe9a9f36
Interrupt,Accessible name for the paired rules-text bolt marker.,Interrupt,,translated,,,tx1_dxwzu3pmpfnqvlpade2gfofimq,row1_rvoawgzt5nt7pei7oqstvgydwq,message,,src/cumulus/components/card/RulesText.tsx:399:9,rev1_d01d04b6bf69fc4bbca290e9d3760b068c4bbf7632425a81e8abc9ccf12c3e0e
Opponent’s void,"Accessible label for a battle card pile. owner is ""viewer"" for the near, local-perspective side or ""opponent"" for the far side; zone is ""deck"" or ""void"" and identifies the inspected pile.",Opponent’s void,"position === ""near"" ? ""viewer"" : ""opponent"".select[1]=otherwise; ""deck"".select[1]=otherwise",translated,,,tx1_dyd4exhze5wyvhff6zbdmjrv5a,row1_oezd7iapnvmoi2jxxlfhbra4em,message,,src/cumulus/screens/MobileBattleScreen.tsx:1233:20; src/cumulus/screens/MobileBattleScreen.tsx:1350:20,rev1_60f51eb4e5ebabf951314bf3cda8f98af8b0ff9179d4b51206a29af357ecd5ef
Opponent’s deck,"Accessible label for a battle card pile. owner is ""viewer"" for the near, local-perspective side or ""opponent"" for the far side; zone is ""deck"" or ""void"" and identifies the inspected pile.",Opponent’s deck,"position === ""near"" ? ""viewer"" : ""opponent"".select[1]=otherwise; ""deck"".select[0]=""deck""",translated,,,tx1_dyd4exhze5wyvhff6zbdmjrv5a,row1_u6jbkjqnbfozokzlgdbag7mi34,message,,src/cumulus/screens/MobileBattleScreen.tsx:1233:20; src/cumulus/screens/MobileBattleScreen.tsx:1350:20,rev1_fd0180779c2e7c06686ca1a37a0f92efe6dd35c2e1fb3613b02e36725cb6b8cf
Your void,"Accessible label for a battle card pile. owner is ""viewer"" for the near, local-perspective side or ""opponent"" for the far side; zone is ""deck"" or ""void"" and identifies the inspected pile.",Your void,"position === ""near"" ? ""viewer"" : ""opponent"".select[0]=""viewer""; ""deck"".select[1]=otherwise",translated,,,tx1_dyd4exhze5wyvhff6zbdmjrv5a,row1_63okgq77slee45kd35m2l5cevi,message,,src/cumulus/screens/MobileBattleScreen.tsx:1233:20; src/cumulus/screens/MobileBattleScreen.tsx:1350:20,rev1_fb2771679a96d179de457d403014dd0404e27a293759c50256d5d9033c02a043
Your deck,"Accessible label for a battle card pile. owner is ""viewer"" for the near, local-perspective side or ""opponent"" for the far side; zone is ""deck"" or ""void"" and identifies the inspected pile.",Your deck,"position === ""near"" ? ""viewer"" : ""opponent"".select[0]=""viewer""; ""deck"".select[0]=""deck""",translated,,,tx1_dyd4exhze5wyvhff6zbdmjrv5a,row1_rgaeqtzkragoxkb4bq3dkbu4vm,message,,src/cumulus/screens/MobileBattleScreen.tsx:1233:20; src/cumulus/screens/MobileBattleScreen.tsx:1350:20,rev1_622407a3b580cf60858c1ebc52b9904c8f395239fdb059211e24b4fab789d11c
Filter zone cards by type,Player-facing message for the battle zone browser filter accessible name interface state.,Filter zone cards by type,,translated,,,tx1_dyhufr5arg7ulsd6jcaszdoisy,row1_v7s63ahzqrv45rckoavc4o4nyu,message,,src/cumulus/screens/CardZoneBrowserOverlay.tsx:343:24,rev1_0bd9961af369584f3fa0ab0ca7df042276689eeebf6c11b53ce25a29b17686c7
Exploration card returning face down,Player-facing message for the exploration card returning face down interface state.,Exploration card returning face down,,translated,,,tx1_dz4ee7z5alec4l6ewfpilvaj7y,row1_dbu4g33m5jltwqn63kl34bvl4m,message,,src/cumulus/screens/ExplorationSiteScreen.tsx:4367:24,rev1_1c7d94823480af0aa7f07793db3f577f5b8d981f8bdff6e12c4bf6e6e33801b8
"Shared draws, most recent first.",Player-facing message for the battle dreamwell history subtitle interface state.,"Shared draws, most recent first.",,translated,,,tx1_dzumal6hlyfjzizeheguadfwri,row1_v3iaw6uscjb36xcpnc6zxmbgo4,message,,src/cumulus/screens/battle-overlays/BattleDreamwellHistoryOverlay.tsx:34:17,rev1_2d0dacb273a1cbb17e3919730708dacf4ef4efd49ddc80d8442adbff84879bbb
No eligible cards are available.,Empty state for an Exploration card choice with no eligible deck entries.,No eligible cards are available.,,translated,,,tx1_e3ca6gimuwtgafiuavt2cq4ljq,row1_i2tjjoomok2hakxvrbn7rrf2he,message,,src/cumulus/screens/ExplorationSiteScreen.tsx:7619:37; src/cumulus/screens/ExplorationSiteScreen.tsx:7852:31,rev1_73f408b102377aa4bfd2aeb936acc1a603ba4da5ab080270fc30a24014202193
Dreamsigns,Label beneath the number of Dreamsigns in a completed Journey. The number is rendered separately above.,Dreamsigns,stat.value.plural=other,translated,,,tx1_e54arjdqcx2xguw6lc337sgc74,row1_js65qr7uctkl3l4frt2f4d4poi,message,,src/cumulus/screens/JourneyCompleteScreen.tsx:56:16,rev1_fb4c5f98800205ef3f130e2ff91785859da15247ab4c042aec87bdcea4727ce8
Dreamsign,Label beneath the number of Dreamsigns in a completed Journey. The number is rendered separately above.,Dreamsign,stat.value.plural=one,translated,,,tx1_e54arjdqcx2xguw6lc337sgc74,row1_ockkgajje7siskcslxqppmvdvq,message,,src/cumulus/screens/JourneyCompleteScreen.tsx:56:16,rev1_51344aa905a2b5ad29b75a357d71df24ba8114156018e07a15a695636c147ce2
Card tutorial,Player-facing message for the tutorial region card interface state.,Card tutorial,,translated,,,tx1_e6ph7u7e5urjkhph67xu5nlci4,row1_zk3nx7cmjfb2neiorsdezv6hi4,message,,src/cumulus/screens/ViewportTutorialDialogue.tsx:165:15,rev1_f370a9426ccfd398751c78227bba8cbe6f2875d25af21617ab4bcf15f5c9f89d
Cost 5+,Compact visible Pool Viewer Energy-cost filter option that selects cards with a printed cost of five or more.,Cost 5+,,translated,,,tx1_e6u62uwlcpthyqrcnzouxcp6di,row1_eo4ez7yy5nsoof4gdvgn6d642m,message,,src/cumulus/screens/PoolViewerScreen.tsx:376:26,rev1_35490db33c844028ce7d91fe7def8d203735606d6d67737d84d073031dc44b6a
Opponent Deck,Caption for a card candidate in the opponent's deck.,Opponent Deck,,translated,,,tx1_eatzsclrhvs5y3qwv22daefr74,row1_n7xztjje2uncwk2sgqpdk2uro4,message,,src/cumulus/screens/MobileBattleScreen.tsx:3546:9,rev1_2f31b7b2cf92451bb87df8c5020f59adce059028b092d1fa58cf2be98db29530
Opponent deck order,Accessible name for the ordered Opponent deck card list.,Opponent deck order,,translated,,,tx1_ebpl3gj374z225jmghgudi3lcu,row1_5zolv7ukfxamh4ymwe5jwdlxtq,message,,src/battle/components/BattleDeckOrderPicker.tsx:87:13,rev1_c8d3dc505a22e1275e42837c94b6264be9337d7e6fab1c465e53fa41179cb078
Reforging…,Pending status while a Transfiguration is being saved.,Reforging…,,translated,,,tx1_ecpz3umiuu5qfwrkgsd5wm6dju,row1_rozqje446kprdvnx76s2qaf23m,message,,src/cumulus/screens/TransfigurationSiteScreen.tsx:519:21; src/cumulus/screens/TransfigurationSiteScreen.tsx:540:34; src/cumulus/screens/TransfigurationSiteScreen.tsx:551:32,rev1_3f983762965a93c80f5822733447e99c532bc5d57ccd48ad8455c44c5218a30d
Decline,Compact command that declines the current site interaction without applying it.,Decline,,translated,,,tx1_edy3l45fxexn27ohxkj3sdhc5u,row1_7efrhicjqxrvmmjcl6t5q2e3ci,message,,src/cumulus/screens/DuplicationSiteScreen.tsx:123:23; src/cumulus/screens/PurgeSiteScreen.tsx:240:26; src/cumulus/screens/PurgeSiteScreen.tsx:99:22; src/cumulus/screens/TransfigurationSiteScreen.tsx:389:24,rev1_bd974174c9a8154da36490cbf8d11afd9293cd1498f90ab8b1e2943b1c9deb53
Save cancelled: a name is required.,Transient status after the player submits an empty Journey save name.,Save cancelled: a name is required.,,translated,,,tx1_eipk2nhai74xncgo23xicysgzm,row1_roqvwhkbixvd4higtttbrshjfu,message,,src/components/JourneyUtilityMenuController.ts:184:18,rev1_ba329b0d98152270c3649c2697056f1322880c851769ea49e9c2ba5cc1f03385
Both players use the same content settings to play together.,Explanation that all participants in a shared room must use matching content settings.,Both players use the same content settings to play together.,,translated,,,tx1_ejfjmrupf647frjvefxrnojh3u,row1_dv6khu3hdsb46dql6v7cd7ibpm,message,,src/coop/ConfigGateScreen.tsx:34:18,rev1_d314a15728c368048098ac442f1ea4a1462952c956609b554d05fb577ef67ca5
Yours,Comparison-table heading for the local client's content configuration.,Yours,,translated,,,tx1_ejvuuxjzer7kxtkt4ocqu6ywom,row1_7ucgmzq2idydpjo3jo5vnrvbmy,message,,src/cumulus/screens/ApplicationStateScreen.tsx:258:11,rev1_34c624ec4731f824cb8dbb909ad9698c7f4663e1f126e782ab7aa20c07165223
Battles Won,Label beneath the completed Journey's number of battles won. The number is rendered separately above.,Battles Won,stat.value.plural=other,translated,,,tx1_eo7vqrc26z7azbqa6rmm5sai5m,row1_konbhxnw2cbmxggzo2cnos6oeq,message,,src/cumulus/screens/JourneyCompleteScreen.tsx:50:16,rev1_25975e65dc246e8fabf24e931ad917644b4f565d69793240a5deebb023f8b4b7
Battle Won,Label beneath the completed Journey's number of battles won. The number is rendered separately above.,Battle Won,stat.value.plural=one,translated,,,tx1_eo7vqrc26z7azbqa6rmm5sai5m,row1_kqzoitr5bvwc5ue6dkoualpewa,message,,src/cumulus/screens/JourneyCompleteScreen.tsx:50:16,rev1_213aabf0de41df9745f70173e74ea498c3e2204b582e2c807d0b8d0242d7b36b
Failed to load journey.,Fallback status when a Journey load failure does not provide technical detail.,Failed to load journey.,,translated,,,tx1_ephgiamvuvw63qliauwr6vvnqi,row1_fgxwthc3rssed5vdmku3lrjmlq,message,,src/components/JourneyUtilityMenuController.ts:259:24,rev1_c728da4e670a8efeb956996f02836b3117f01a13f653a3f882e6ecfedac5e270
Reclaim,Compact headline in the radial announcement for an Exploration Reclaim grant.,Reclaim,,translated,,,tx1_epiayxogipzbjwi4gufogtkjty,row1_5ly3yd4gyrvzwzwc7o6punjfjq,message,,src/cumulus/screens/ExplorationSiteScreen.tsx:788:14,rev1_af014ee8c707831649da7be0beefb4b1d93097a8b603bdaf3349fa0d9c28663a
Annotate {card_name},Title of the optional player note editor for a battle card. card_name is the canonical display name and has unknown grammatical gender.,Annotate {card_name},,translated,,card_name,tx1_eqk5osctrez7o3hxmpjgrwn7mm,row1_g4jjj37ib4crx5zi4r2ijkbjdm,message,,src/cumulus/screens/battle-overlays/BattleCardNoteOverlay.tsx:50:14,rev1_56c1dbf2d52e7859f3ac5517a8298bfa20088b851f68ebc9930b6f3c13f18059
Select a highlighted legal target.,Instruction beneath that title; the current player must activate one of the visually highlighted legal targets.,Select a highlighted legal target.,,translated,,,tx1_er5gq5gglyl4dlts6uitawwwjq,row1_5q6grd5dn5tmtp3rlhxx3ezyoq,message,,src/cumulus/screens/TutorialBattleScreen.tsx:384:23,rev1_f7fd7550e7dc2199b8a3a53242a1a96d0309daa6b9bae8636a07b13e146eca19
Dealer hand,Accessible name for the Blackjack dealer's playing-card hand.,Dealer hand,,translated,,,tx1_erxgdh7wqu3yugcutm4m57qo3e,row1_ub2zigoxeupd6dn7sia42pwhpq,message,,src/cumulus/screens/GambleSiteScreen.tsx:2718:15,rev1_16b4ea859ccb6268a6693699789f3ebf762aa90c443facaf041106441ecc99c1
Bust!,Player-facing message for the gamble bust outcome interface state.,Bust!,,translated,,,tx1_eu2seeeoq6y5zavk4g7dh3b53u,row1_dcqnw56lp2hk43rqvy56ylwaaq,message,,src/cumulus/screens/GambleSiteScreen.tsx:413:14,rev1_8fe2f6a4bef345a07a08b8b57c205de9efe212704329cb0e26ab77dbb50ca128
Prize at stake,Player-facing message for the gamble prize at stake outcome interface state.,Prize at stake,,translated,,,tx1_f2nvw4o7qwdpnkrwthfwpamega,row1_i4sbbrjoijztkb7em4lpg6noyu,message,,src/cumulus/screens/GambleSiteScreen.tsx:418:14,rev1_58ccba5249d5468c56c83407437c0da21ec06a9667b4b74b7e704e7239f45b84
"Deal, hit, or stand against the dealer without going over 21.",Player-facing message for the gamble blackjack accessibility description interface state.,"Deal, hit, or stand against the dealer without going over 21.",,translated,,,tx1_f57mk5fignymtpdnnbclmcah6i,row1_vxxygunvvd6dza5r7ex2drm3vi,message,,src/cumulus/screens/GambleSiteScreen.tsx:557:14,rev1_2a019047905d536348b246ad0d18fde58b8ec40f851f73db3f13f3dbac0be09f
Deck,Player-facing message for the battle foresee deck destination interface state.,Deck,,translated,,,tx1_f5m5texs3xepjzj544aedasmbi,row1_3cp7h7iwv7larcl2ib2hgz4lqa,message,,src/cumulus/screens/BattleForeseeOverlay.tsx:433:24,rev1_1351f1cbd52bef533ddacf945003f6dd74d824952b322fd092003b9098d4b4c4
Draw a card on each rung of a four-step ladder.,Player-facing message for the gamble ladder accessibility description interface state.,Draw a card on each rung of a four-step ladder.,,translated,,,tx1_f6kgj2ihymf3fst2jaugt3zdtu,row1_7p7wr66iq2s2ya7i4xooyy2fjm,message,,src/cumulus/screens/GambleSiteScreen.tsx:542:14,rev1_1ea063e2d2659592a761390172b57d6136014840ec74e91c36b79825016ad8c9
Dreamsigns,Section label for the player’s collected Dreamsigns.,Dreamsigns,,translated,,,tx1_f6qhc27v3r5mutnu2wydzjsmhq,row1_jbkhhulqqvqxlgn5vv2y3mvb3a,message,,src/cumulus/components/hud/JourneyStatusBar.tsx:362:22; src/cumulus/screens/BattleStartScreen.tsx:421:22; src/cumulus/screens/DesktopDeckViewer.tsx:430:16,rev1_1f16b05267b7f9468a4f0fb5555832a3ad1a735a02bb582f7254e0959a371efe
Score Threshold Reached,Cause shown when a Journey battle ended at its score threshold.,Score Threshold Reached,,translated,,,tx1_fbq22ns46midbm7ex22odx5v5e,row1_fpuknsvacrs5ovo67qawiu3ygy,message,,src/cumulus/screens/JourneyFailedScreen.tsx:212:29,rev1_38ce280e3b88748d230464b94b78a96570303d98e15c876cfb3f80b32e3a44cf
Tides information,Accessible name for the reveal trigger that explains Tides.,Tides information,,translated,,,tx1_fghi2tiszc5qljhogs7lv2sjiy,row1_qom3wkxq74gwlogoyxsbiua5gq,message,,src/cumulus/components/hud/TidesInfoLabel.tsx:49:25,rev1_d0be929718c13294c3a1395c7654ae432c9a2d1469a24f060514a0dc7e7d819d
No valid targets.,Empty state in a battle card picker whose current prompt has no legal cards.,No valid targets.,,translated,,,tx1_fhfuig2gdhspnracig245rffae,row1_zb6ccerwc65fqbu5uka7354dii,message,,src/cumulus/screens/MobileBattleScreen.tsx:3706:23,rev1_21849bbe959531fee922519e8162db6640c72d02f2438b45416526fe000636b7
New Dreamsign,Eyebrow above the newly gained Dreamsign in the replacement dialog.,New Dreamsign,,translated,,,tx1_fhqjskopg2e3afznrzvlba2qdy,row1_7wiuqx7pgudilmdsbrlx4er37u,message,,src/cumulus/screens/DreamsignReplacementDialog.tsx:86:15,rev1_792a7cc219fb783d3b9009d67e521a4341a604fba931cd811e392d6fab10638b
Your Front Rank,Caption for a card candidate in the viewer's front rank.,Your Front Rank,,translated,,,tx1_fj5z3ykzaflpcimukz5buo4wau,row1_xg2csqxd2oq44q6u3k2gtgklru,message,,src/cumulus/screens/MobileBattleScreen.tsx:3564:9,rev1_7b811dc2e458f4548d98ff28e3674286510ff417f640f3a65e975d4e8ec9d791
Unavailable,Comparison-table value for content settings unavailable in a shared room.,Unavailable,,translated,,,tx1_fk7hn7yz6gtytpq5lufgcwg4ne,row1_j4wqjtdgrfirby5qxmba7tvp2q,message,,src/coop/ConfigGateScreen.tsx:135:18,rev1_d3a86984ab3620a4d44be797977d076c81723bad1d83465563d872a5669359ae
Opponent’s Void,Title for the opposing player's battle Void browser.,Opponent’s Void,,translated,,,tx1_flax3vawessrzr7pjpwhx7rtuq,row1_gfug2tbdd2vadjxfc5dfniv6se,message,,src/cumulus/screens/CardZoneBrowserOverlay.tsx:363:15,rev1_73fd8b6ea0b80b0301da59112cd8f309761b4fcdcb05aa323d42fa307c48b43d
"Opponent’s turn, Challenge phase",Accessible battle phase for the opposing side during the Challenge.,"Opponent’s turn, Challenge phase",,translated,,,tx1_fmz56yr7lggeqnn57cewwez3yq,row1_dtyru6wvqj6jzvvszsag33czpy,message,,src/cumulus/screens/MobileBattleScreen.tsx:1417:17,rev1_53d20a1fc2deb8ed36313c58039ce21380c04d8ec08b7c25be5e3f0f25ec3b06
No Dreamwell cards drawn yet.,Player-facing message for the battle dreamwell history empty interface state.,No Dreamwell cards drawn yet.,,translated,,,tx1_fo63ss6if54ll7ck3l2ao5n5ae,row1_3rygw23yzq32vm3w5nxmndd2da,message,,src/cumulus/screens/battle-overlays/BattleDreamwellHistoryOverlay.tsx:63:22,rev1_9820ecb58fdf8399608d19663abfc4f788873c7daa6d870b8d9ac674986b6f86
Spark: {spark_amount}.,Complete accessible Spark sentence for a revealed card. spark_amount is the non-negative printed challenge strength.,Spark: {spark_amount}.,,translated,,spark_amount,tx1_foohjt3t7r5ghlo5cd72nkxkbq,row1_mrf667gfnmsizoteehxffee6vm,message,,src/cumulus/internal/reveal/context.tsx:189:24,rev1_fa12d2cdf709087940c05da1f4cde991c109d68db12b97c5ff422448aa091bc9
{card_count} starter cards transfigured,Accessible name for the review region containing starter-card Transfiguration mappings. card_count is the positive number of UUID-backed entries.,{card_count} starter cards transfigured,compoundTransfigurationReward.transfigurations.length.plural=other,translated,,card_count,tx1_frrgvqlwrxrq6zamchqotshcmm,row1_lqqx3x32wdrbp2f4feubuch73a,message,,src/cumulus/screens/ExplorationSiteScreen.tsx:6069:21,rev1_e92febbe82a57c52e75074f0d169c2492c0cba2fd39357fb7946045f379fe268
{card_count} starter card transfigured,Accessible name for the review region containing starter-card Transfiguration mappings. card_count is the positive number of UUID-backed entries.,{card_count} starter card transfigured,compoundTransfigurationReward.transfigurations.length.plural=one,translated,,card_count,tx1_frrgvqlwrxrq6zamchqotshcmm,row1_ignpxm7ie5wd2vexr444xd7ysy,message,,src/cumulus/screens/ExplorationSiteScreen.tsx:6069:21,rev1_56ba6c12062c3c1d4993b9acdccde0830f791c4c0e973ef6a7e8deccf89722e1
Known dreamsign,Tooltip identifying the known Dreamsign reward badge on a Dream Atlas node.,Known dreamsign,,translated,,,tx1_funriqmibn63rspszdokvl2szy,row1_24g44w223srrwu5puimdnookii,message,,src/cumulus/components/atlas/AtlasNode.tsx:380:13,rev1_ae27e34dc82667e3830338ccda9360cbc0aace6cda09ee69986975328c00d3ef
"Could not load {room_id}. The game may not exist, or the database is unreachable.",Explanation containing the opaque room identifier of a shared game that is missing or unreachable.,"Could not load {room_id}. The game may not exist, or the database is unreachable.",,translated,,room_id,tx1_fwjogl3hvryxqtz6lwrwk4uzde,row1_3kzok7l7lg7ikye5g4ifzlo4dm,message,,src/coop/RoomGate.tsx:649:20,rev1_6fc032ec3f0ce3dee0663b666633cea02e0e67164873389dba81c34b4eb9e258
Confirm Choice,Player-facing message for the exploration confirm choice action interface state.,Confirm Choice,,translated,,,tx1_fz6lrsso7beodpqdjnpokp3ylq,row1_767ylluzxp43ryldbyfxagxnti,message,,src/cumulus/screens/ExplorationSiteScreen.tsx:7597:36; src/cumulus/screens/ExplorationSiteScreen.tsx:7749:34; src/cumulus/screens/ExplorationSiteScreen.tsx:7824:31; src/cumulus/screens/ExplorationSiteScreen.tsx:7984:30; src/cumulus/screens/ExplorationSiteScreen.tsx:8166:38,rev1_652f1a767bcf8ba9c6aed5b5cd363d588e0d120c09750790d048a6aaac38c534
Reroll draft offer,Player-facing message for the draft reroll offer interface state.,Reroll draft offer,,translated,,,tx1_g2pipareahio73h3c3bi2ovf5q,row1_fhz2fdmvqwh6wunmylvvevlbpi,message,,src/cumulus/screens/DraftScreen.tsx:241:18,rev1_e18a8d5a2fa72295a68da29e01b8aeceb8dc40ee85072807f0e3566651c826f7
Opponent Hand,Caption for a card candidate in the opponent's hand.,Opponent Hand,,translated,,,tx1_g3yfcdvemuhfdsudlrmbi7c4ky,row1_un4njamfudzdsfv4vbgh52vnki,message,,src/cumulus/screens/MobileBattleScreen.tsx:3538:9,rev1_099aa5a52cd3b9e40ad4b90a5d4a4f42e36842f2db943d69b54fede1db2260c6
Gained dreamsign: {dreamsign_name},Accessible reward status when an authored Dreamsign is gained. dreamsign_name is canonical authored content.,Gained dreamsign: {dreamsign_name},,translated,,dreamsign_name,tx1_g66qeo5iclghpbyco4ija2p2ka,row1_urdyaivb764cdtldszox327gqi,message,,src/cumulus/screens/DreamscapeScreen.tsx:303:19,rev1_3e4b0ee538777393f7938496731d359936287005b6a8e6c3340dab6b72630e74
Merge Blocked,Title of the transient notice shown when a Figment merge is rejected before the current player's intent is sent.,Merge Blocked,,translated,,,tx1_gcy37uaqyxn4fqoofzgzg3lzu4,row1_igwt5cg5lsza2lfhg556drpl6e,message,,src/cumulus/screens/MobileBattleScreen.tsx:5574:20,rev1_abe6c4dff0d747c7a744bdb5c1e58fb1f8f9d47827ea97136614cdb729e5af9e
All subtypes,Visible Pool Viewer subtype option that clears the authored Character-subtype filter.,All subtypes,,translated,,,tx1_gdtlycntxllxzgbv74oqktnsr4,row1_5yuk2dumq3ncmfaaeew4eohyyi,message,,src/cumulus/screens/PoolViewerScreen.tsx:169:41,rev1_1256a10bf68bbcad160191f472a3e330c401cdccb07549f9d36d461f58082053
Choose,Command that chooses the currently selected Dream Avatar or starting-deck option.,Choose,,translated,,,tx1_geh3mm6sysqok6kuja3hbpr5lu,row1_5lprtlqovr4y3ue4yzz24l4gom,message,,src/cumulus/screens/journey-start-desktop.tsx:364:28; src/cumulus/screens/journey-start-mobile.tsx:334:26,rev1_423871b8c1880045b5394e55675dc7cb8e6aec451fbb132d4cd545ffd1f92caa
#{position},Compact one-based position beneath a card in the current battle deck order.,#{position},,translated,,position,tx1_ghultu2bk3guuvsbl3h7frldfq,row1_dytrjozxbg2gtobnevw5wg6awu,message,,src/cumulus/screens/CardZoneBrowserOverlay.tsx:262:22,rev1_e918011fa05bf5ba3623eb7e80f6aebe98b28ef5e6497e1e53db5c3fda7e5486
Build Git SHA: {git_sha},Transient status after the player requests the current build identifier. git_sha is an opaque technical build identifier.,Build Git SHA: {git_sha},,translated,,git_sha,tx1_gmecedbwssrpslyxgcwqgk6rxi,row1_rzc3hfp7lyrbqf5ogupo6k52a4,message,,src/components/JourneyUtilityMenuController.ts:285:22,rev1_4344144a8edcf756879303c06d317cdd14050a0bfe721acf686f6c8d2c49a35b
Close,Accessible action name for the control that dismisses a dialog.,Close,,translated,,,tx1_gmg4j37xwgj6jlmjnkh3jrqkvi,row1_nxiw4oycvqzgp2me54kcmoljjq,message,,src/cumulus/components/overlay/GlassDialog.tsx:300:27,rev1_d98609340ce09313cc724dd16fc6a33cea388c2a5f866b3c238503604a1b5f8c
Game Version,Eyebrow above a shared room reducer-version compatibility gate.,Game Version,,translated,,,tx1_gn2k4teqxoe56lkjrpwfhnnpjq,row1_pshw2xjwmfrnvum4bysj5g3mte,message,,src/cumulus/screens/ApplicationStateScreen.tsx:86:14,rev1_4089320ada4cf67401df21909c64f37a959afbe3524963c3782bc89f70a1ae03
Ability,Player-facing message for the battle start ability label interface state.,Ability,,translated,,,tx1_gndiazay3yg2hmazac7hg6fmxm,row1_3uvhq2qe4f2qdxtj6phr3k2oga,message,,src/cumulus/screens/BattleStartScreen.tsx:341:22,rev1_da27a02da6972b06a686443d13e746e2f77372980d67a323c27be85786173f2a
Dealer Wins,Player-facing message for the gamble dealer win outcome interface state.,Dealer Wins,,translated,,,tx1_gqjffrumgsimfwwckksnw5iu3e,row1_oj42b2w6qiimcgh5ub3l2un4eu,message,,src/cumulus/screens/GambleSiteScreen.tsx:448:14,rev1_e1b68cc535e5701d5c05e26178d56ab4e752813d7c3a4a2acb1afe54790d109f
Cancel deck ordering,Accessible name for the command that closes battle deck ordering without committing it.,Cancel deck ordering,,translated,,,tx1_gs7vx3g4qfl37esqhdhbiuq5vy,row1_mjokuix72gnpurivxdwokwoyiq,message,,src/cumulus/screens/battle-overlays/BattleDeckOrderOverlay.tsx:68:19,rev1_78f93654836a6b31f46c21851f1dd5b7fb1f0b037173f62bbd0daecf34a7bed4
Pack {pack_number},Title above one numbered Exploration card pack. pack_number is a positive one-based display number.,Pack {pack_number},,translated,,pack_number,tx1_gtzbsbj3zxo37dq4r46jejguke,row1_64em5l5h3gxvtbblmtvnrq27di,message,,src/cumulus/screens/ExplorationSiteScreen.tsx:7911:29,rev1_ca1a52e2794053724d0fe0b193d5443ec032c7c653e597281cc3a985cc3e835b
{suit}: Gained,Accessible name for a Four-Suit Reprise row granting Essence. suit is the canonical authored playing-card suit.,{suit}: Gained,,translated,,suit,tx1_gvb7j72zsk35auc7hdic5mmeaq,row1_67gqguzjfxpzli6hthgqrdqzgq,message,,src/cumulus/screens/GambleSiteScreen.tsx:602:14,rev1_005072c2e5d5e9c08a6851ec4fc65f89baa627e576cafeb439163417e2fb89cf
Draw {target_label},Title printed on a wager prize card before its concealed playing card is revealed. target_label is the authored rank or rank range the current player must draw.,Draw {target_label},,translated,,target_label,tx1_gw6xawacny6nz75uynkvgaqy5q,row1_x5w7467xfjpaf6nidrdrmvbjai,message,,src/cumulus/components/card/PlayingCard.tsx:702:13,rev1_57612d9a866545623901ab202b0cd0d043a75e29882b9742dae3e4d741cf9e74
Your Banished,Caption for a card candidate in the viewer's banished zone.,Your Banished,,translated,,,tx1_gwhnsumd4r3vhiq5svjknhd2fe,row1_t5mztsg2kdnvmlmnivypm5a2b4,message,,src/cumulus/screens/MobileBattleScreen.tsx:3582:7,rev1_b0fdda67dc83414ff788f02af06d54e33b9729b541925c7fffdae513c962ff10
Choose a card to reforge,Instruction for choosing the offered card to reforge.,Choose a card to reforge,,translated,,,tx1_gwj3oi7i3y66554svppox3nbxy,row1_ipwkbgagb7fkgh7sndzmaotd3m,message,,src/cumulus/screens/TransfigurationSiteScreen.tsx:375:9,rev1_a25a4765a42535905328c9f96b6d259ff2607d36020f53ff30bb8220d8062b27
This Game,Comparison-table heading for the shared room's expected content configuration.,This Game,,translated,,,tx1_gy7fc3ptiqm6rasgfklx4rf7ua,row1_bdxkq6sx2emoqzcgbfru5hwaj4,message,,src/cumulus/screens/ApplicationStateScreen.tsx:250:11,rev1_534f2100814e7d4619fe09f3c6e6b7a335ed56e7e26d007083fe6c41d9c7c456
Purging {purged_card_count} Cards,Accessible announcement while an Exploration outcome purges cards and grants no reward objects. purged_card_count is a positive count of cards being removed from the player's current deck.,Purging {purged_card_count} Cards,purgedRewardCards.length.plural=other,translated,,purged_card_count,tx1_gyp4latupizljrz5mn4jki3edm,row1_sutfymzpk6l4ja4flzqxtv2swy,message,,src/cumulus/screens/ExplorationSiteScreen.tsx:2936:11,rev1_70ff066a9a4611bc45edd12d9eb7659dd91cfc18a564aaea8d2752dbad16e79e
Purging {purged_card_count} Card,Accessible announcement while an Exploration outcome purges cards and grants no reward objects. purged_card_count is a positive count of cards being removed from the player's current deck.,Purging {purged_card_count} Card,purgedRewardCards.length.plural=one,translated,,purged_card_count,tx1_gyp4latupizljrz5mn4jki3edm,row1_uiuviqujlgfge4x43dprrvueca,message,,src/cumulus/screens/ExplorationSiteScreen.tsx:2936:11,rev1_24ca0eced30039328601e2faaac5b560d7639ddb5c7df0cb8d5bbbd9968d72a9
Subtype,Compact fallback headline when an imported Exploration subtype result has no authored subtype value.,Subtype,,translated,,,tx1_h55zy642wi7kniyrwhc45pyvma,row1_a5psdo5rvnpvpmykchnkwmrcmm,message,,src/cumulus/screens/ExplorationSiteScreen.tsx:778:11,rev1_6c6c4a69ee51579cb0697882ee241a6cea9a81cb86fd29fc8dcefc664f306e61
Name,Visible card-browser sort-field option for canonical authored card names.,Name,,translated,,,tx1_h5ja3chztkk4vrwz6revi7isj4,row1_l74j2eovxjc57hkibjt7aajj3m,message,,src/cumulus/screens/CardZoneBrowserOverlay.tsx:174:15; src/cumulus/screens/DesktopDeckViewer.tsx:541:16; src/cumulus/screens/MobileDeckViewer.tsx:326:16; src/cumulus/screens/PoolViewerScreen.tsx:402:25,rev1_5d22f65c975bbee0d8e758d95d9113a413b007a020ef75c6c2c9199bdbe5458b
Tide provenance,Visible title of the Pool Viewer disclosure explaining which Tides constructed the run pool.,Tide provenance,,translated,,,tx1_h5um6iezhlbidtffyszcheadsm,row1_4tvt7ljdjmgglxxl67tvgx5use,message,,src/cumulus/screens/PoolViewerScreen.tsx:201:17,rev1_ff29cb4e505d9511bf49f1b38a85054e8f63d57481c3ef67f8e39e0467d7cd77
The visions shifted. Choose again.,Player-facing message for the augury error visions shifted interface state.,The visions shifted. Choose again.,,translated,,,tx1_h74lkmo4l57yxeefsnhrabnox4,row1_osjpw5ct3qifrfdup43uxtgld4,message,,src/screens/cumulus_adapters/augury-view-model.ts:802:16,rev1_1d4df47faec0fde3f3b4ce55e6f9c3ec5d6c3bf03f54c3f4ae9ff132465606ca
Configuration,Eyebrow above a fatal application configuration problem.,Configuration,,translated,,,tx1_h7fe3wfddl7y3fjsnun3w7ony4,row1_hpkdkt3btgerd542r2zz7fh3a4,message,,src/cumulus/screens/ApplicationStateScreen.tsx:81:14,rev1_3245fe00d720cb3e7ae87f70b73a7dc28f3bd9b55f907220de4fa41fc7da3d38
+{amount} ●,Compact headline for an Exploration starting-Energy reward. amount is positive and the dot is the canonical Energy symbol.,+{amount} ●,,translated,,amount,tx1_h7lncsm3aundpr46lwpck4skoe,row1_pqxxvep7rh33j35wzhwznxqese,message,,src/cumulus/screens/ExplorationSiteScreen.tsx:5063:21,rev1_22c1a5d4fb50e5e8d81800970e1550cc9bf6593da70edc4557dcf4bd3599f8a7
Turns Before Expiry,Player-facing message for the battle card note turns label interface state.,Turns Before Expiry,,translated,,,tx1_hbla4sc65didthjhrvu253e35q,row1_52ebzax2gwq6ufr5wvaozbcwoi,message,,src/cumulus/screens/battle-overlays/BattleCardNoteOverlay.tsx:160:22,rev1_ac17e34d0f021a0c430e5b6be3dbdf471f42405f675a9078a25091e97e151812
{suit}: Transfigure,Accessible name for a Four-Suit Reprise row granting Transfiguration. suit is the canonical authored playing-card suit.,{suit}: Transfigure,,translated,,suit,tx1_hbtgkmfuipzt2antg3kixdl57y,row1_fy3426zzyl5qsoyk7n6gdgp57i,message,,src/cumulus/screens/GambleSiteScreen.tsx:596:14,rev1_d135a2b18e2db34035b4e2d41ef4e01b87aba8bddec72b7705ac546388b9b8ba
Swiftness at a Price,Headline for the compound Exploration result granting Fast and adding Nightmares.,Swiftness at a Price,,translated,,,tx1_hdqc5hx3qr5b4rmb72u7naixim,row1_4bizh6muiynjvqakhmjp2icisu,message,,src/cumulus/screens/ExplorationSiteScreen.tsx:6208:23,rev1_d9843358451c6e073d6f1b89f04dbc34ba9873b70f22d652053a61b106ae91e0
Every item in your next Card Shop is free.,Detail beneath the queued free-shop outcome headline. The benefit applies to successful item purchases during one future Card Shop visit.,Every item in your next Card Shop is free.,,translated,,,tx1_hhaqven5vk3btsyadkzuwcow4e,row1_idsxydozwndpbydcrm5sgc576i,message,,src/cumulus/screens/ExplorationSiteScreen.tsx:5267:21,rev1_a18560af864643237dfe8f75a2dc6a09c5c48a35556ae17cddc00601fdc48254
Site tutorial,Player-facing message for the tutorial region site interface state.,Site tutorial,,translated,,,tx1_hie6ue7hjjb2xglsndr7kuct54,row1_daujw2nhxoilzjs6rnmu2tagqi,message,,src/cumulus/screens/ViewportTutorialDialogue.tsx:169:15,rev1_64992bd2524680719872b7b031dda8c65a8e04641ce17d745cded619b8b54e09
Action not applied because of an internal error. Please try again.,Transient status after an internal fold or malformed shared-game event prevents the player's action.,Action not applied because of an internal error. Please try again.,,translated,,,tx1_hjqc2egxf377fi633e4fhrnmxi,row1_cdwj74ypmmem36yg4ch3lgdiom,message,,src/coop/BounceToast.tsx:51:14,rev1_08e81d0dcfa6d6ab7724e6ad7af5d5f674183319b52695fb82137aca33e6ada2
Run npm start to launch the Firebase Realtime Database emulator with Vite.,Configuration instructions shown when local Firebase emulator mode cannot initialize.,Run npm start to launch the Firebase Realtime Database emulator with Vite.,,translated,,,tx1_hkjfcfabaa26rlym3x2pvlq7om,row1_iar7hg2pxn34qhylco7mtihu7m,message,,src/App.tsx:794:12,rev1_0bd2fd35764ab0266c489aaa2c3c194d97dc930a4c62144c4bd428c9c6013f27
Forced Result,Cause shown when a Journey battle ended with a forced result.,Forced Result,,translated,,,tx1_hqem2ommp3epkkbsxqqlb5sx3m,row1_u2eigwojol3r62v7kv56js6uze,message,,src/cumulus/screens/JourneyFailedScreen.tsx:215:31,rev1_49e6e984cf70a4e7d1185b58e0dd95e2c1955a1ec82daefed8c093ce854921f2
Filter card cost,Accessible name for the Pool Viewer selector that filters cards by their Energy-cost category.,Filter card cost,,translated,,,tx1_hquitrgv43hx2dgyykrzozywri,row1_2zce2276azcwffl232whoqhtzi,message,,src/cumulus/screens/PoolViewerScreen.tsx:182:22,rev1_e7e07aeef9e5698549eb61b143c5df4f381d03cc33bdfe84a011369386751eb6
Deal,Player-facing message for the gamble deal action interface state.,Deal,,translated,,,tx1_hsyp6rxy6pfy2swjehbuo5wbwa,row1_prjw4uvurcgi2x5kwt5d4biooi,message,,src/cumulus/screens/GambleSiteScreen.tsx:356:14,rev1_f6419f3c7700ba9d86eaa1f3bdccbff39fc5452f93854668472c257a3f1921ed
Gained {copy_count} copies,Accessible announcement after Exploration duplicates one or more selected cards without purging another card. copy_count is a positive integer count of newly added physical deck entries.,Gained {copy_count} copies,cardCopiesReward.count.plural=other,translated,,copy_count,tx1_hujamvwx7nvmmo4ysrcpq5poim,row1_wukucwzmptdnoyojm5773q4i4m,message,,src/cumulus/screens/ExplorationSiteScreen.tsx:4834:19,rev1_876a4e423fa6ce120708b2d1a196deae105556a3badc8c2ffeebdda4077bf84f
Gained {copy_count} copy,Accessible announcement after Exploration duplicates one or more selected cards without purging another card. copy_count is a positive integer count of newly added physical deck entries.,Gained {copy_count} copy,cardCopiesReward.count.plural=one,translated,,copy_count,tx1_hujamvwx7nvmmo4ysrcpq5poim,row1_znaxv6lq7lqkek4vmohyz5gqru,message,,src/cumulus/screens/ExplorationSiteScreen.tsx:4834:19,rev1_64da409dd76bef2b1d7503914c17ee6c55ac5036271b3e714f040a69eb5bd6db
View Deck,Normal Journey utility-menu actions. These labels are visible in the shared app chrome; debug-labelled actions remain in the same menu only when their route supplies the corresponding developer capability.,View Deck,,translated,,,tx1_hv23x342ksaqi5jjxhg4zju7x4,row1_7lbe7dkvuilzlxm5xumayb2dky,message,,src/components/DreamscapeJourneyMenu.tsx:81:14,rev1_d4ada184e665fb9db22b0f91bcc066ab92e85df67b5b31629f18b563806babf0
Transfiguration,Title of the card picker at a Transfiguration site.,Transfiguration,,translated,,,tx1_hvjgn6ebxqe27hpdj77k4sejuu,row1_x2stnetjtxk74b4bbiha5rbg6y,message,,src/cumulus/screens/TransfigurationSiteScreen.tsx:379:14,rev1_e9ce82b0aa534885a817c95cbf09876e79d99501999f4a08ab7add76e37bea2b
Reward,Player-facing message for the battle start reward label interface state.,Reward,,translated,,,tx1_hxbxi6mudlromm5ktwmjpzlqui,row1_li3ykw4nguwvlc5zymwflzasli,message,,src/cumulus/screens/BattleStartScreen.tsx:469:24,rev1_2d3a803bfa108edfb48a499174e2d10e10740b5d9e3f9450c0f52e91f4ee47de
Nightmares Gained,Section heading for Nightmare cards gained in a compound Exploration outcome review.,Nightmares Gained,,translated,,,tx1_i2itwubzl6u7xnno6zeddp657y,row1_2pwyve5ryuah2gomubxpups2fa,message,,src/cumulus/screens/ExplorationSiteScreen.tsx:6411:23,rev1_111555041c64b670406bd802d714b9e3f2fd136b7f7b607bf186ab4a46a9f56f
Only {spark_count} ✦ from this Legionnaire will be added. Its Warrior-count bonus does not transfer. This merge cannot be undone.,"Complete warning in the confirmation dialog for a Legionnaire Figment merge. spark_count is the non-negative Spark added to the destination Figment. The ✦ is the canonical Spark symbol and becomes an accessible glyph. The Legionnaire's Warrior-count bonus is excluded, and the action is irreversible.",Only {spark_count} ✦ from this Legionnaire will be added. Its Warrior-count bonus does not transfer. This merge cannot be undone.,,translated,,spark_count,tx1_i2kp4jyf6ykrinzqhvyvdo7znm,row1_gngp5a3xcbxnfb75o4abccbsnm,message,,src/cumulus/screens/MobileBattleScreen.tsx:5617:25,rev1_e0da3ea9154896243f8f59c3d858a68e8cdac8f05e6444aa8ea0f504bfdcd15f
Starway Stairs,Player-facing message for the gamble starway title interface state.,Starway Stairs,,translated,,,tx1_i2yieabfruyqynabamyarhi3re,row1_an26v4haupyqarvrobxjhnxkcy,message,,src/cumulus/screens/GambleSiteScreen.tsx:515:14,rev1_c17905978d15963bb5ed02c19567531edfd52f257f3f90c1a1fdf55412ae3998
Draw,Player-facing message for the gamble draw action interface state.,Draw,,translated,,,tx1_ibwirir2ium4kkaneccimf6jam,row1_cfl7fol6ai5f4vseefppk4rbly,message,,src/cumulus/screens/GambleSiteScreen.tsx:336:14,rev1_11822008edb8cac26367726227e918b63d25b775f2da3c703b4dbb07d2bf06f3
Enter a non-zero whole number.,"Validation message for a command-menu field that requires a signed, nonzero whole number.",Enter a non-zero whole number.,,translated,,,tx1_id2vzepgarrjfw7wtm2osepzgq,row1_miulfugbkscn7c6xt4gimubh3e,message,,src/cumulus/components/overlay/CommandMenu.tsx:556:9; src/cumulus/components/overlay/CommandMenu.tsx:566:9,rev1_405aa3fd734991fd1b39d2d2a6a270664b6632e26598d2d6b4cec31fa5acc78f
This dreamscape is unrevealed.,Accessible state sentence for a Dream Atlas node whose contents have not been revealed.,This dreamscape is unrevealed.,,translated,,,tx1_iexuhinkawqurnpmuuvfmyo4vu,row1_fbfrpehdpdaxrluo7mokagze4q,message,,src/cumulus/components/atlas/AtlasNode.tsx:209:16,rev1_dc6fc9353c0e080d05b89c7ee30659525c6f945dd7a890474c9d14fe8d73afca
Draw attempt {attempt_number} for {essence_cost} Essence,Accessible command for purchasing the next Tidemark Ladder draw. attempt_number is the one-based attempt number from 1 through 4 and essence_cost is the non-negative Essence price paid by the current player.,Draw attempt {attempt_number} for {essence_cost} Essence,,translated,,attempt_number; essence_cost,tx1_igbnxpgsha7cujdmcnw2l27ari,row1_jsjtosbuoj3orx4eapb2yfaqhq,message,,src/cumulus/screens/GambleSiteScreen.tsx:1943:41,rev1_4fab744acaae07d594091f261d93f6b712a3ef51565e5e0820e22bc7413aad1a
Turn Limit Reached,Cause shown when a Journey battle ended at its turn limit.,Turn Limit Reached,,translated,,,tx1_ijjd5wijc44mxa2cpxp26kavzm,row1_vj3xzbog23xtwpkcvfewgamdem,message,,src/cumulus/screens/JourneyFailedScreen.tsx:214:31,rev1_d18f0c7c562ba49008ad3c62c6dc7db04900f0f1da10a715cfda0419b56951ac
Found dreamsign: {dreamsign_name},Accessible reward status when an authored Dreamsign is found and requires replacement. dreamsign_name is canonical authored content.,Found dreamsign: {dreamsign_name},,translated,,dreamsign_name,tx1_io7dg7zcgz3xovyehbp5mu5euu,row1_qu2hk6pqreu6pim7xxowzxboum,message,,src/cumulus/screens/DreamscapeScreen.tsx:298:19,rev1_247190456afe46acbbfc1ff6b4cf1801ea30f3a7a3bae9b53ed8843ad75373e5
Merge,Headline inside an available Figment merge target.,Merge,,translated,,,tx1_iolzu7e5upqekujbnxnoxslt3a,row1_qwa6hnoqfos4lzs5olpqlprl7u,message,,src/cumulus/components/status/RadialAnnouncement.tsx:836:19,rev1_580369f3e28afb28c242a85f8da651e7601f15ff6f1bdaac320b18c4fe4623d1
Opponent Score,Label beneath the opponent's final score in a failed Journey.,Opponent Score,,translated,,,tx1_iqa4zdyr3ofr5f2cu2itrec26u,row1_kivlt3xqqn722k4obhtvj6amci,message,,src/cumulus/screens/JourneyFailedScreen.tsx:298:19,rev1_78ccfc34b6cda3c48b166a085a5f6455c039d48f1ba8af952f5f329ef5eea761
Dream Codex,Main-menu action that opens the Dream Codex.,Dream Codex,,translated,,,tx1_iqkyugjinywsjpyrzyiizeyeta,row1_ibqp5vmae73lgk5khemyysudaa,message,,src/screens/cumulus_adapters/main-menu-view-model.ts:18:16,rev1_b1b6a628c90902cd00f15b36547cc7a345b74db98973a6889eed9f4f654b4749
No eligible cards remain.,Empty state in that picker when the current player owns no cards eligible for the wager.,No eligible cards remain.,,translated,,,tx1_irhgupyiwvurkq2bclgggzgwyq,row1_xvej5xwj3ptyecis3p7gc6fm74,message,,src/cumulus/screens/GambleSiteScreen.tsx:3289:29,rev1_f71f34fcc28c6465dfe64815feae1dace104cecc0a5357d72848854a2a065a5b
Sort deck by Spark,Accessible name for sorting the deck by Spark.,Sort deck by Spark,,translated,,,tx1_itvudatxqjn2xasgz2wfpji56u,row1_7cwf3qlbf74tpbbr4c6xg6yfgi,message,,src/cumulus/screens/MobileDeckViewer.tsx:379:16,rev1_7183c1a4143a8b69603b9acb8fe27469de39370b2b9b729b6d2fd3fc7f59a6d1
{avatar_name},"Accessible name for Dream Avatar artwork. avatar_name is the canonical avatar display name and avatar_title is its authored epithet; neither has modeled grammatical gender. has_title is ""yes"" when the epithet is present and ""no"" when the artwork should be identified by the name alone.",{avatar_name},"dreamAvatar.title === """" ? ""no"" : ""yes"".select[1]=otherwise",translated,,avatar_name; avatar_title,tx1_iujc7tal2woshc3ksezb4ygh3y,row1_unbsmcd3ntk3eqct7yi7esypvu,message,,src/cumulus/components/hud/DreamAvatarPortrait.tsx:197:15; src/cumulus/components/hud/DreamAvatarStage.tsx:43:15,rev1_bd42a7af420c52940d6fadcf09b0f3e3854195c2061deb7676291a9bd31a2d49
"{avatar_name}, {avatar_title}","Accessible name for Dream Avatar artwork. avatar_name is the canonical avatar display name and avatar_title is its authored epithet; neither has modeled grammatical gender. has_title is ""yes"" when the epithet is present and ""no"" when the artwork should be identified by the name alone.","{avatar_name}, {avatar_title}","dreamAvatar.title === """" ? ""no"" : ""yes"".select[0]=""yes""",translated,,avatar_name; avatar_title,tx1_iujc7tal2woshc3ksezb4ygh3y,row1_jsrjyxit5f3bpo2badvda6ysqq,message,,src/cumulus/components/hud/DreamAvatarPortrait.tsx:197:15; src/cumulus/components/hud/DreamAvatarStage.tsx:43:15,rev1_f99b9ff97321dc77761e19033b9c9bb880ede350de65565f7472928d1da89563
Spark: X.,Complete accessible Spark sentence for a card whose Spark is variable.,Spark: X.,,translated,,,tx1_iydzxjqc2oaw536mshfva7rrbm,row1_aibotmrph7ssav74sbfhdi6tgm,message,,src/cumulus/internal/reveal/context.tsx:178:22,rev1_f29211ab7a333a6f4af57e86d246f9686af4449eff94ffa7f6254d5942da334e
{selected_count} of {required_count} Dreamsign choices selected,Polite status for a compound Exploration Dreamsign picker. selected_count is the non-negative number of UUID-backed choices currently selected and required_count is the positive exact total required before confirmation.,{selected_count} of {required_count} Dreamsign choices selected,,translated,,required_count; selected_count,tx1_iyidobhjliawiwcuatqu4uy5z4,row1_lgtpyylijsrbti7sldukf4edw4,message,,src/cumulus/screens/ExplorationSiteScreen.tsx:8183:45,rev1_432629e1e87ccfb4b39985c295209b65aa86af670fc10a8d1e982ec593031c98
Choose a Dreamsign to Purge,Heading above held Dreamsigns when an Exploration follow-up requires a purge.,Choose a Dreamsign to Purge,,translated,,,tx1_j4w65hidcohddnjpfs5eqmpjsu,row1_v4xfaxwr7smwenepdiymd6ma6u,message,,src/cumulus/screens/ExplorationSiteScreen.tsx:8231:35,rev1_f8ff593e350888e6b587ac6afa242b0fdf771b96049fe05909a6e968c036764f
Reclaim cost: {reclaim_cost}.,Complete accessible Reclaim-cost sentence for a revealed game card. reclaim_cost is a non-negative resource amount.,Reclaim cost: {reclaim_cost}.,,translated,,reclaim_cost,tx1_j6gtd7zbmhbpylez5thxz7nm3y,row1_bvp5guf7m6cxkqnfkcdzde435e,message,,src/cumulus/internal/reveal/context.tsx:223:22,rev1_0e9534f9a4bce25a195c16fae9f63e074ee5af673099ddcbd155ba726486ed43
Tides:,Visible eyebrow labeling the list of a Dream Avatar's Tides.,Tides:,,translated,,,tx1_j7bmwnww5m2scn7ggfdoriuvbe,row1_um55hy2dgtfzjmbn23p6jkkx6m,message,,src/cumulus/components/hud/TidesInfoLabel.tsx:72:16,rev1_9b179d129f02387415ddcf3b0d3e72ce292bb2aed6280ab9ee24ba78d458db77
Rules text changed by {form_name} Transfiguration,Tooltip explaining why a card's rules text differs from its base rules. form_name is the authored Transfiguration form name.,Rules text changed by {form_name} Transfiguration,,translated,,form_name,tx1_jaewvspnl4xzizll5c3w3nh62e,row1_y4c4rukiu546xeg6uvnigmuxca,message,,src/cumulus/components/card/CardView.tsx:1497:17; src/cumulus/components/card/CardView.tsx:1516:28,rev1_84803aceb277c7f908c7e8e1c38d92bc34d52ff52cc9cb326a4f91d95de704f5
Dreamsign found,Visible status when a Dreamsign reward requires replacement.,Dreamsign found,,translated,,,tx1_jb45ogkn3g7li4rvhxp3u4eama,row1_qs6luuzzl7loiqcfxmlmh775tm,message,,src/cumulus/screens/DreamscapeScreen.tsx:402:23,rev1_ee74aae576d2bfeb60161e78f6810c8eafad8e00c0d1e3bc893b1a514a4383a3
All Subtypes,Deck filter option that includes every character subtype.,All Subtypes,,translated,,,tx1_jc5qwedxnxholtenzpbmv7q7ji,row1_lfedtt43capt6vdcbsabzmsxoy,message,,src/cumulus/screens/DesktopDeckViewer.tsx:628:26,rev1_53c3a15f79748b1f9f4d2b90fd7f4540579e4584258692c2e605b24fd592f79a
View {count} Dreamsigns,Accessible name for the Journey status-bar control that opens the player's Dreamsign gallery. count is the positive number of collected Dreamsigns.,View {count} Dreamsigns,signs.length.plural=other,translated,,count,tx1_jfm7acguwk3eti7xm7otlyp4me,row1_tgivz6gofwm2jsghkt6yua7dve,message,,src/cumulus/components/hud/JourneyStatusBar.tsx:168:25,rev1_fb8ebc73692e8791c81f46f3efef31f657080ee0d3456c9309f1033f57f292f7
View {count} Dreamsign,Accessible name for the Journey status-bar control that opens the player's Dreamsign gallery. count is the positive number of collected Dreamsigns.,View {count} Dreamsign,signs.length.plural=one,translated,,count,tx1_jfm7acguwk3eti7xm7otlyp4me,row1_bj6efoyqyrrmdlffh3od4cwqdm,message,,src/cumulus/components/hud/JourneyStatusBar.tsx:168:25,rev1_4e34276e5181b234bb5a5267380f574358caee7eeee5f86c34e4fecd0339f926
{winner_name} wins the challenge. {loser_name} dissolves into the opponent void.,Accessible narration after a tutorial challenge whose losing card enters the opponent's Void. winner_name and loser_name are canonical card display names with unknown grammatical gender.,{winner_name} wins the challenge. {loser_name} dissolves into the opponent void.,,translated,,loser_name; winner_name,tx1_jgg6meysg6seczloz533rghmp4,row1_olfd25tvqhx3vp77s3yioivxuu,message,,src/cumulus/screens/TutorialScreen.tsx:1445:13,rev1_be290e4e98e0890306914efb2ca1345b8caa810b7555cb0d2dfe0342bb224ee7
No cards were purged,Completed Exploration outcome when a purge effect removed no cards.,No cards were purged,,translated,,,tx1_jgywnoofxn54bchxwewmpalyfe,row1_olxro4rxo5wy6ftcsdigrvmvqq,message,,src/cumulus/screens/ExplorationSiteScreen.tsx:2917:9,rev1_71f2248cd366df4dc0c2ade6cfc79cf87e1d4dc781a06066644f439086e46d90
Game Settings,Eyebrow above a shared room content-settings comparison gate.,Game Settings,,translated,,,tx1_jjaj5y4lmrfi6a7qyieunskjxa,row1_4qmk2fx2zaeiukyqkel4nsmhpm,message,,src/cumulus/screens/ApplicationStateScreen.tsx:91:14,rev1_f91d7d3deba36db249fd0aa206844eecd43ed8fa2077045d6537763819ca133f
Card name: {card_name}.,Complete accessible identity sentence for a revealed game card. card_name is the canonical UUID-resolved authored name and has no grammatical-gender metadata.,Card name: {card_name}.,,translated,,card_name,tx1_jjqmi74tggh3fb5zctnehqsd6e,row1_uqoa62ujdmhxzfmnijew5aa3fm,message,,src/cumulus/internal/reveal/context.tsx:137:16,rev1_1e80c0b1b16720efdd26439db78e5016e9b8673c02ee6c6a49881dc5175d5da6
Starting…,Disabled action label while a replacement shared room is being created.,Starting…,,translated,,,tx1_jk4x5ss3zx7xaheqknzrk4kowm,row1_bceahxg5ighyaubdghsyah4n3m,message,,src/coop/UnreadableRoomScreen.tsx:55:19; src/coop/VersionGateScreen.tsx:55:19,rev1_69af6b0d1eabf8ec0524df6902ff7c9f6b79ce1ce862d834040dc0a8c1d4b482
Your Void,Caption for a card candidate in the viewer's Void.,Your Void,,translated,,,tx1_jlrkbq2jy2zzc3y25fpbvmgwne,row1_67noxsb5sw5cc3tjzmwp3m2fye,message,,src/cumulus/screens/MobileBattleScreen.tsx:3575:9,rev1_3613ae264960ccff2300446bf26c6a758382c075c3d176da5ec416a0602dae63
Stand,Player-facing message for the gamble stand action interface state.,Stand,,translated,,,tx1_job26a44ydv65gpxxioxuwzh7m,row1_uzpdzedjgmbfz6p7irrdphx46i,message,,src/cumulus/screens/GambleSiteScreen.tsx:366:14,rev1_d0f70a899e02e390196d27c9e7f3cea31f5014da3089815b480866ae4cb0868f
Switch to the Player side to resolve this choice.,Polite battle status shown when the pending choice belongs to the player side controlled by the local user.,Switch to the Player side to resolve this choice.,,translated,,,tx1_jqjn2mfq3vl7h6nd7drf3iuqky,row1_hcupxpcwb5is7d5o75hvcgfh5e,message,,src/runtime/localization/battle-prompt-messages.ts:45:11,rev1_a52b329532534ddab3efa4aa61fb3a40b3801c27a5de596deb334058e4c6db26
Tidemark Ladder Climb,Player-facing message for the gamble ladder title interface state.,Tidemark Ladder Climb,,translated,,,tx1_jrisoziqo6xx6ctzgm5p3qj4fa,row1_5op3wr65sb53niunhemnhdagwe,message,,src/cumulus/screens/GambleSiteScreen.tsx:510:14,rev1_bb1c946524dc8b6d590371713ada672174772c61a8fcd140be40148e68f16db2
Ability,Player-facing message for the tutorial feature ability interface state.,Ability,,translated,,,tx1_jrqhn5b25pesmo7hdlq2q4bpui,row1_6aimjbxm752amkqsp53y42kvye,message,,src/cumulus/components/overlay/TutorialFeatureCallout.tsx:43:12,rev1_2841d12d5e1ec88d76ed0d700004b2f57e91cb4a3c87df429c69cddc81baa0e0
This dreamscape is unreachable.,Accessible state sentence for a Dream Atlas node that cannot be entered on this journey.,This dreamscape is unreachable.,,translated,,,tx1_jrubuihbvgemxbul7qih6p2uvu,row1_5xee7mzbni7ixifw52hobs5r7e,message,,src/cumulus/components/atlas/AtlasNode.tsx:229:16,rev1_6d18a81243fc5ae4e77f8e8042ae5cc5164a862596f91ebb4994b30c17c93e40
Defeat — Reopen,Command that reopens a dismissed defeat result.,Defeat — Reopen,,translated,,,tx1_jsralsmnah3bmiqtt7njcq7kj4,row1_rl5xwlyujvlm4m5joib3uj2zsq,message,,src/cumulus/screens/BattleResultSurface.tsx:112:15,rev1_07ab3dd78c21b23a2a7360a63ecdee11f59d34e7b193a59c2204dbe19fbb3fd7
No Cards.,Empty state when the selected battle zone itself contains zero cards.,No Cards.,,translated,,,tx1_jtmm4fhb2ew23cutnvwldfvmhq,row1_nrehxfrcl6627q6grasbvl3bz4,message,,src/cumulus/screens/CardZoneBrowserOverlay.tsx:434:17,rev1_d631d7f9f223736aa87a74b53a98e2a0a6ac56a6cc917dd45cc431bb1dcd861f
Miss,Player-facing message for the gamble miss outcome interface state.,Miss,,translated,,,tx1_jum45e4lxn6ys5sb5myx6z5odm,row1_pajfxp4xbytlnteozmswexbtyu,message,,src/cumulus/screens/GambleSiteScreen.tsx:403:14,rev1_b1e3de65d4eb90448999741ddb0937e63a573b7505f80e63adc25640c6e7c37a
Next Battle,Detail below the Exploration battle-modifier reward headline.,Next Battle,,translated,,,tx1_jvnb5x2gz5pqk4chcekz2tcyp4,row1_phc2owc4q3gyfauq6qw4omi624,message,,src/cumulus/screens/ExplorationSiteScreen.tsx:5069:23,rev1_b5b0ce57673f0f20357eba2a6bb6a3a1f5b48291ec4037ac91622fbd963d2916
Loading {journey_name}.,"Loading status containing the requested saved-run name, or the player-safe fallback ‘saved journey’.",Loading {journey_name}.,,translated,,journey_name,tx1_jw26u23kxut7hqrixzdop256li,row1_puy4jtrgcb6r7uai5srjqsvgiq,message,,src/App.tsx:364:20,rev1_1e072455bc4c14d570489ff6cf7e8eb684b416c4e9ecdd8350c21542bcdc3f78
Action not applied: your partner changed the game first.,Transient status after another player wins a compare-and-swap race for shared game state.,Action not applied: your partner changed the game first.,,translated,,,tx1_jwm64c3hhqb57gdwmsz5cy334i,row1_66mco52ngqoa4jw4qj5lagqcvq,message,,src/coop/BounceToast.tsx:7:58,rev1_f0e7c38b74138ef8ecb68e801b071c30ebd44d502544275fc8173156f7a06a9b
Game Connection,Eyebrow above a shared room connection failure.,Game Connection,,translated,,,tx1_jxzhbnsua3lf35kauq2gidud34,row1_n7tqn7f2rbl5gnk7weskjmjweq,message,,src/cumulus/screens/ApplicationStateScreen.tsx:101:14,rev1_08b318c1f78a64d745442638aaf73c79e01551fd8dcbf9675f3628252ec59d3d
Card type: {card_type}.,Complete accessible card-type sentence for a revealed game card. card_type is the authored Character or Event display label.,Card type: {card_type}.,,translated,,card_type,tx1_jy42im5cawejrssdvdypf5yera,row1_a3ow5uzvhiy4mediy2az7z6kde,message,,src/cumulus/internal/reveal/context.tsx:157:16,rev1_90e295f6bd1bdf1147d5e3bcae36277c5c48687ea70bc5e513fedf4afc204a4c
Cancel,Player-facing message for the battle deck order cancel action interface state.,Cancel,,translated,,,tx1_jzkwjb24ekbqyw2sfmzzpqis5e,row1_tubqvdcjlslj6jg3ooclszcl7e,message,,src/cumulus/screens/battle-overlays/BattleDeckOrderOverlay.tsx:94:20,rev1_15d3aa947ff7026f05a316f17dbc46810b214700f0b239e748d32ed737ddcb93
This card will be transfigured,Accessible status on a selected card marked for a pending Transfiguration operation.,This card will be transfigured,,translated,,,tx1_k352tiakdidxmij2jbzytfwdo4,row1_ua3if66rzsuqybbkmautfy5neu,message,,src/cumulus/components/card/CardChoiceGrid.tsx:53:14,rev1_470cbb8a3744efe22c5bfb2357a654c67f02c54e04577d2a7cd56811069e6db8
Notes appear on the card and in the inspector.,Player-facing message for the battle card note subtitle interface state.,Notes appear on the card and in the inspector.,,translated,,,tx1_kctfae7ueck7dnjl6qej5mmhiu,row1_6uils7pot7gs7lbfth4vbxw47e,message,,src/cumulus/screens/battle-overlays/BattleCardNoteOverlay.tsx:55:17,rev1_678c79d27ebcc7c313ebeed0825d319ea4fcd7d08a1327d9be71a9568dc7195f
Edit Journey State,Player-facing message for the journey menu edit state action interface state.,Edit Journey State,,translated,,,tx1_kdicvsatmxmhddnznewf5pvppq,row1_sqwzrxqkbltpxavfxxq2f4wlxi,message,,src/components/DreamscapeJourneyMenu.tsx:131:14,rev1_5df55018a8fb324dcd9996a6f829dc9b72f2586d330ef52757ac23f168279b8c
Banished Cards,Shared title for the browser that can switch between both players' banished cards during a battle.,Banished Cards,,translated,,,tx1_kdkfty7vb6nqhartd746bt3ycm,row1_6y723a7r3ssd46nvi4v4wtpkga,message,,src/cumulus/screens/CardZoneBrowserOverlay.tsx:365:9,rev1_63310ddba7e23c2fa6ae8dda9cbf65f5236bd0b756ea779e10cb2e7542268c1f
Choose,Visible command that chooses the Exploration pack shown above the button.,Choose,,translated,,,tx1_kdrsjgk6qczmq4loj54smhoftm,row1_w4dyzdpfj7nenwjles3avg76kq,message,,src/cumulus/screens/ExplorationSiteScreen.tsx:7941:36,rev1_94263481e907b1f85206ac1e9c3d439909556e1b2a8aa2cf67517a5df2915b3d
None collected yet.,Player-facing message for the deck viewer no dreamsigns interface state.,None collected yet.,,translated,,,tx1_kdtzm2xj33dnvfq7z3vxv7z7x4,row1_o3euqwjiwui5mna3lm37cs7tvq,message,,src/cumulus/screens/DesktopDeckViewer.tsx:439:20,rev1_597f7f1de920120efbaa0c42f5848bfbcf6d6115268a1780291ed69299efae0d
Action not applied: it is not valid for the current game state.,Transient status after the shared-game rules reject the player's action in the current state.,Action not applied: it is not valid for the current game state.,,translated,,,tx1_ke4tzeqd6y3zaaiijknqeyir44,row1_ah7vfvvp2w32kvzmzwrv3ljxre,message,,src/coop/BounceToast.tsx:12:56,rev1_de13ff9e5958348f97d5d6dfd19adb84c8dd82bc41a886293ee62adeeed67bc2
All,Visible card-browser type filter option that keeps every card type.,All,,translated,,,tx1_ketar2basdmcx6y42h44zt5hwu,row1_effhjwhq62ckfhd37r5ofrgw4e,message,,src/cumulus/screens/CardZoneBrowserOverlay.tsx:183:11; src/cumulus/screens/DesktopDeckViewer.tsx:525:16; src/cumulus/screens/MobileDeckViewer.tsx:308:16; src/cumulus/screens/PoolViewerScreen.tsx:337:24,rev1_7c07ad56be08fd1e67cbb48328e7fea172b35e26be1928a2a42d8d899eb19b5b
Transfigured Cards,Headline for the same completed Exploration reward.,Transfigured Cards,,translated,,,tx1_kfg6nqto4xs5rhsepzulsd4m6m,row1_ycsb63bhnfzqohfq5qowowk6oq,message,,src/cumulus/screens/ExplorationSiteScreen.tsx:5318:25,rev1_53e32a0bc9ec9118ad54e33be9e35ea466e4ea006ce328fce85189d283295b9d
No Matching Cards.,Empty state when a non-empty battle zone has no cards matching the active search or type filter.,No Matching Cards.,,translated,,,tx1_kfnfyincnqm2kdrwo2ba2vpybm,row1_3vcwwzyqyb7eilrgjcwldvhv5y,message,,src/cumulus/screens/CardZoneBrowserOverlay.tsx:438:17,rev1_3cdb2729417334cf3f359a54e89497828eb1f34125d0980ac95243e39259791a
Purged {purged_card_name} and gained {copy_count} copies of {source_card_name},Accessible announcement after one Exploration outcome purges a card and adds copies of a different source card. purged_card_name and source_card_name are canonical display names with unknown grammatical gender; copy_count is the positive number of new physical deck entries.,Purged {purged_card_name} and gained {copy_count} copies of {source_card_name},cardCopiesReward.count.plural=other,translated,,copy_count; purged_card_name; source_card_name,tx1_kgt7vewq64e4yzun4v6kltcku4,row1_rr5gv3ugoz3ag7dk3fxmlgxqwy,message,,src/cumulus/screens/ExplorationSiteScreen.tsx:4842:19,rev1_1424c6f4e90e32763d323d4eadf7428746c1307d3931dfbeaf616a950a063cb3
Purged {purged_card_name} and gained {copy_count} copy of {source_card_name},Accessible announcement after one Exploration outcome purges a card and adds copies of a different source card. purged_card_name and source_card_name are canonical display names with unknown grammatical gender; copy_count is the positive number of new physical deck entries.,Purged {purged_card_name} and gained {copy_count} copy of {source_card_name},cardCopiesReward.count.plural=one,translated,,copy_count; purged_card_name; source_card_name,tx1_kgt7vewq64e4yzun4v6kltcku4,row1_mktzhv5hi3ur3cfkrzftp3xavq,message,,src/cumulus/screens/ExplorationSiteScreen.tsx:4842:19,rev1_666d7856acdc15a3679ecbf31a6f300d774b597785cc1ac86186e09e0cd55808
This card will be changed,Accessible status on a selected card marked for another pending card-change operation.,This card will be changed,,translated,,,tx1_khz32e6vbfvot65pfmuvs33owi,row1_efoczwg47jluw3gy63pt2zhlsy,message,,src/cumulus/components/card/CardChoiceGrid.tsx:61:14,rev1_3c5dd929dee11533e49eb97c477a7c5e9b6b812aee8e7244932a5b6cb6e1768b
S,Player-facing message for the deck size small interface state.,S,,translated,,,tx1_kiyh6e3nwoqxueggnpbumjif6q,row1_qjiiqsjjgxtg623zcame353nai,message,,src/cumulus/screens/DesktopDeckViewer.tsx:570:16,rev1_05786410856c884b904c749b34d268ce061fe91297902d0972f019fb82125e65
Draft Rules,Comparison-row label for the shared room's Draft rules fingerprint.,Draft Rules,,translated,,,tx1_kj6ldvdzw2acnibbv2szhzr4fa,row1_4pbi43sesuj2qtlzrpz6nwrsoe,message,,src/coop/ConfigGateScreen.tsx:97:14,rev1_97b370304ace44f057324c776632c7c8eede36e3be9ef58c37905c9c48ea1d0d
Not Yet,Visible command that postpones choosing a Dreamsign replacement.,Not Yet,,translated,,,tx1_kk4xwgrx3t2t3iqes5f5hw53va,row1_6f7bd7ndg4uhiz2dyhs3xey2fm,message,,src/cumulus/screens/GambleSiteScreen.tsx:1663:24; src/cumulus/screens/GambleSiteScreen.tsx:2000:24,rev1_c98c37803af12dc03e7bbc0a88a53b1cc26e25cc12e0572db676eb9f8b23aced
Defeat.,Title for a defeated terminal battle result.,Defeat.,,translated,,,tx1_kkmtmtvpu7jrfgzpbrkoke6i2e,row1_bm2skjrqxmw7upewclefk4tvnm,message,,src/cumulus/screens/BattleResultSurface.tsx:369:21,rev1_3d543c20477f10f9d74222c4880b90f941277b0bd265eb35dd46e51e64aa76c8
{purged_card_name} replaced by {gained_card_name},Accessible name for one persisted card replacement. Both names are canonical UUID-resolved authored card names.,{purged_card_name} replaced by {gained_card_name},,translated,,gained_card_name; purged_card_name,tx1_klcafwy34aj4ar62t7x4xhxi7u,row1_sq7dhhikvxes3xorlzqkwj6vyy,message,,src/cumulus/screens/ExplorationSiteScreen.tsx:1882:13,rev1_3db4357b64b4ac8c0631e724081f1fd7ee102711d24ae4f4255a8d78e50bef61
Kindred Forms Recast,Headline for the compound Exploration result that purges a disclosed card and transfigures eligible cards of its type.,Kindred Forms Recast,,translated,,,tx1_klpiooncbklliqwdbyisxihzcu,row1_paa7ym6yxvep62rdgwu6673imu,message,,src/cumulus/screens/ExplorationSiteScreen.tsx:6202:21,rev1_b07ab47a12977cb3f8c4c191e045c0434e4f70ca178388c942ae90f9338b67ac
Spark,Accessible name for the numeric Spark orb on a card. The visible numeral is inside the same labeled element.,Spark,,translated,,,tx1_kn7lvwrfos6ebomsr4gnk57ghq,row1_3ftyn2goonttyobyoopilebtt4,message,,src/cumulus/components/card/CardStatOrb.tsx:161:11,rev1_e154d0930db77f7ddbd63d60eb072e3555da7c77730d7f8fc36fce5caaca921d
Atlas Rules,Comparison-row label for the shared room's Atlas rules fingerprint.,Atlas Rules,,translated,,,tx1_knibxvhmbjlkrkycecs36gsqse,row1_4drbtv5kz5rgprkl2w2da2yk4m,message,,src/coop/ConfigGateScreen.tsx:87:14,rev1_161849eb72c1beb25215747662677c658bf7ec74134f31132b4d02734e39715b
Joining Game,Loading title while a client joins an existing shared room.,Joining Game,,translated,,,tx1_koa7kevf7oiissp5ptmcsdbhiy,row1_qjh4cgvz77kgt23k6abcyerv6i,message,,src/coop/RoomGate.tsx:569:20; src/coop/RoomGate.tsx:622:18,rev1_fdd483189fb658ce7f71917e647a3433ca60c3a42af01ba559f3a75fede8ff5c
To Win,Player-facing message for the battle start to win label interface state.,To Win,,translated,,,tx1_kpqwahsx4tiokay7ry4xbrrbve,row1_xafwqfahhx3aknpuyqu5harwli,message,,src/cumulus/screens/BattleStartScreen.tsx:458:24,rev1_0b000817413ebb38ec85e407dc2bdcd138ef9f4ab3464179e319ee92ca96734e
Use one more turn,Player-facing message for the battle card note more turn interface state.,Use one more turn,,translated,,,tx1_kqjhqjd2j6p2g6fjbon6ghyj5m,row1_ymhfkjsdn4rliez3pgmhbn3qw4,message,,src/cumulus/screens/battle-overlays/BattleCardNoteOverlay.tsx:169:31,rev1_8e0becf0536db83ae05dcf25259700b00e05ad5933d5548abf34cacebeeed2cf
{count}/200 characters,Player-facing message for the battle card note character count interface state.,{count}/200 characters,,translated,,count,tx1_ksxnby4nczywnbkvlhwjp246eu,row1_ztjnrpxit346hb6csihvpjbjze,message,,src/cumulus/screens/battle-overlays/BattleCardNoteOverlay.tsx:84:29,rev1_7091c450f529b2971561c9b0e16e92b4f51e4a0d3f035be81f48f148dbd83576
This card has Interrupt.,Complete accessible trait sentence for a game card with Interrupt.,This card has Interrupt.,,translated,,,tx1_kysnc7l2ykqxyridf5j7gc52ge,row1_2qcg2hrbzen7bwp5ffdthpqqum,message,,src/cumulus/internal/reveal/context.tsx:211:22,rev1_06f5608b468690b032a3a38cc41d089a0607d5fcb4a66f26d31f16a09d45eeee
Game Data,Eyebrow above a shared room whose persisted data cannot be decoded.,Game Data,,translated,,,tx1_l2j7wvumvpw4mvzyyufa3rmpkm,row1_q5eual6ei64ebtowcqgsqugipa,message,,src/cumulus/screens/ApplicationStateScreen.tsx:96:14,rev1_6bc2257e793ccb5bbc50dad4272ce8ea09737131802715291906ccd56c52c2cc
Player hand,Accessible name for the local player's Blackjack playing-card hand.,Player hand,,translated,,,tx1_l2k4ornedydeynawlxnm5xtqqy,row1_v3cvbppdb6hwaxeykjlgvjwmzu,message,,src/cumulus/screens/GambleSiteScreen.tsx:2722:15,rev1_84889baa2c117805e8ae4dd4ca39d4858dbd1ccceb47ca5c3ab62a707ac5eb0d
Dreamsign ability: {rules_text},Accessible name for interactive authored Dreamsign rules text.,Dreamsign ability: {rules_text},,translated,,rules_text,tx1_l2x6svnxhpvwnrdb7kdskfmk5a,row1_urao3joxeavxad65kll2e34lje,message,,src/cumulus/components/card/RulesText.tsx:566:10,rev1_4565631397b0820d3c622f832566473fabbd540f1021779ce518d3d03e68896a
Reorder Opponent Deck,Title of the full-deck ordering dialog for the Opponent side in a locally controlled battle.,Reorder Opponent Deck,,translated,,,tx1_l3wxasev76nk3rbpph5ac4ywce,row1_ingriabnrajyhpueo6dzom7p4u,message,,src/battle/components/BattleDeckOrderPicker.tsx:67:15,rev1_f69698c0fac8b4ee1216de1b14d1cdd4cb25ee6d720f1569bebf60773784e909
This game’s data cannot be loaded safely. Start a fresh game to keep playing.,Explanation that an unreadable shared room must be replaced to continue playing.,This game’s data cannot be loaded safely. Start a fresh game to keep playing.,,translated,,,tx1_l55bhvkasr5wv7ivtguoaidydi,row1_ienfk3xi7uwkj52jznxabntpza,message,,src/coop/UnreadableRoomScreen.tsx:45:18,rev1_76574be0c5573562c58c3412e520404383a987e97a6b8734e3da97fbcae61d05
Foresee {count},Title of the Foresee overlay. count is the positive number of cards the player may inspect and reorder.,Foresee {count},,translated,,count,tx1_l5ebcurl4eaedfy5r5sy6i2phm,row1_zgwzr2vpwmrwzeoijr4zgucsiu,message,,src/cumulus/screens/BattleForeseeOverlay.tsx:349:14,rev1_8954ed9d8cd6ad870a396229fbc168e7638439c1cb2ddd44ac42c1bbac430f96
Your deck is empty.,Empty state in the deck browser when the player's deck contains zero cards.,Your deck is empty.,,translated,,,tx1_l6zcxh34cx5lwkiqifvap3d3hi,row1_hj22w3mynjumsslzajbe5drcc4,message,,src/cumulus/screens/DesktopDeckViewer.tsx:722:20; src/cumulus/screens/MobileDeckViewer.tsx:460:16,rev1_9e38269309b6f4c1cca5e778334b89678801b3dea31830f51826289aca998d2d
Gained {reward_count} Rewards,Accessible announcement after an Exploration choice grants reward objects and purges no cards. reward_count is a non-negative count and can be zero.,Gained {reward_count} Rewards,rewardItems.length.plural=other,translated,,reward_count,tx1_ljbranw6vq7fwob2oicjpjv5c4,row1_46fh2e6dyob4d2sxtfpr5urtry,message,,src/cumulus/screens/ExplorationSiteScreen.tsx:2927:9,rev1_34a0ea709873c0e62e70afbf60041826838e1f0ce045e426c5b2a81414be5b0d
Gained {reward_count} Reward,Accessible announcement after an Exploration choice grants reward objects and purges no cards. reward_count is a non-negative count and can be zero.,Gained {reward_count} Reward,rewardItems.length.plural=one,translated,,reward_count,tx1_ljbranw6vq7fwob2oicjpjv5c4,row1_kpmedso66ib2ud2mubopisqhxi,message,,src/cumulus/screens/ExplorationSiteScreen.tsx:2927:9,rev1_67d08dd21583495b92b7b03ec1bffcf50a7ad385db44e658849c6d8987831d4c
from the opponent hand · {selected_count}/{required_count},Battle card-picker progress for candidates in the opposing hand. selected_count and required_count are non-negative card counts.,from the opponent hand · {selected_count}/{required_count},,translated,,required_count; selected_count,tx1_llkrhjouxqykod7q3axeyerely,row1_biuetyx42dxowcsomshtyoa6r4,message,,src/cumulus/screens/MobileBattleScreen.tsx:3837:21,rev1_9b21f0a2ab198730f233c59131f75cea1ec9ed7c3e895e4730f07b3b1e04083b
{suit}: Purged,Accessible name for a Four-Suit Reprise row granting a purge. suit is the canonical authored playing-card suit.,{suit}: Purged,,translated,,suit,tx1_lotw2hicurzm4ma6igvd3anesa,row1_iumpigrmllfblffiwq3pov6fea,message,,src/cumulus/screens/GambleSiteScreen.tsx:614:14,rev1_c684059310c66c18d9c3b6a62e3cbf93030f3744740a0f915682a4c3448573f6
Action failed to send — try again.,Transient status after a shared-game action could not be appended to the room log.,Action failed to send — try again.,,translated,,,tx1_lpvchwep4qwpwl6luvh426m324,row1_lcyda5aesx6d37baqjx5iph6fa,message,,src/coop/BounceToast.tsx:17:55,rev1_f7e924b391cb0b29b65a4cb0274b167866e1c7857880a9197d63b8d4667b9489
End of Next Turn,Player-facing message for the battle card note expiry next turn interface state.,End of Next Turn,,translated,,,tx1_lqnahmh4jg6kkfl6t4ildloz74,row1_c7v3se44vea52v56jcvssc4rm4,message,,src/cumulus/screens/battle-overlays/BattleCardNoteOverlay.tsx:124:24,rev1_321f9590d804991d9e569780a90f2644c3d560da6e80b74811a8ae640bd7291b
Card Type,Player-facing message for the tutorial feature card type interface state.,Card Type,,translated,,,tx1_lreth6p4usxj5264jjp3473lv4,row1_kt2dfo7iodsawzcb2xcajzwv5e,message,,src/cumulus/components/overlay/TutorialFeatureCallout.tsx:49:12,rev1_dcd1b83903d2d9217c15dba8bd53dc7b76c3d089f3d92a6e1cfdcaadfb825d04
Starter Cards Transfigured,Headline for an Exploration result containing starter-card Transfiguration mappings.,Starter Cards Transfigured,,translated,,,tx1_lsdjkody2pa3sj5quiauw456se,row1_2d2ovjwjcey54tcviu5en7qhwi,message,,src/cumulus/screens/ExplorationSiteScreen.tsx:6035:21,rev1_88f3141c2e663b4ceae5f0955137e341103f9353c3fed3ad2b0cc2c1ab39e7de
Previous,Command that moves to the previous Dream Avatar offer.,Previous,,translated,,,tx1_lsx62g6x3vlxa6dn3pi3wa3a6a,row1_r3dc2zgyvpfmyshlip6pev5xxe,message,,src/cumulus/screens/journey-start-mobile.tsx:177:15,rev1_aee0ea0401609a2984e59bd1e1abeadcf20074a3b590796241b7797bfdc44b68
Tutorial Rules,Comparison-row label for the shared room's tutorial rules fingerprint.,Tutorial Rules,,translated,,,tx1_ltslznrzqs7zqvtlfxf7jqtlf4,row1_cxu6pcubjfm76njhqxezsxxuni,message,,src/coop/ConfigGateScreen.tsx:122:14,rev1_182fc7030c8b0fc6387a4f50b27074230f0399a5c40c6907b65a8bb33b29bffa
Note Text,Player-facing message for the battle card note text label interface state.,Note Text,,translated,,,tx1_lyabcehxzkzda4rpaf6lodrmgy,row1_bvz77dwjl75rsc2bqeifv22ley,message,,src/cumulus/screens/battle-overlays/BattleCardNoteOverlay.tsx:74:20,rev1_772dc5c0469d43a79051b7190e190aa88b776bdf16d5baddb3f80fdd58e2f017
Action not applied: the game changed before it was received. Try again.,Transient status after an unclassified shared-game state conflict rejects the player's action.,Action not applied: the game changed before it was received. Try again.,,translated,,,tx1_lzkjr2wwl7h5mfr4hkjtrbxtcu,row1_3l4epzzkh3ok2356jmqshaf4ry,message,,src/coop/BounceToast.tsx:40:14,rev1_4914091fecde4c50c762bdaf1d1ceaa40cb42f1e92e26f380b3491d601f095f4
Choose an option,Safe title for an imported battle prompt whose specific title is unknown.,Choose an option,,translated,,,tx1_lzr4z3fg6fm5eq2xiatwpi5mti,row1_77d47gxuqdqn4vrgzaaipd4z2a,message,,src/runtime/localization/battle-prompt-messages.ts:25:14,rev1_3eefef8191afb7c115803a681fddd229a57ccabbf0229ae895599c8e7a30e2ac
You can hold {count} Dreamsigns.,Subtitle in the Dreamsign replacement dialog. count is the positive maximum number of Dreamsigns the current player may hold at once.,You can hold {count} Dreamsigns.,view.maxDreamsigns.plural=other,translated,,count,tx1_m2ylhr6sk5vqfu47yybnp6qzpa,row1_agvqgnfl2f7ivmnlk3b2j4wlm4,message,,src/cumulus/screens/DreamsignReplacementDialog.tsx:47:17,rev1_aee1e40cb704814b9ce52d04f6ee8b244491ce210f8c65f8d5ef670d3cad2974
You can hold {count} Dreamsign.,Subtitle in the Dreamsign replacement dialog. count is the positive maximum number of Dreamsigns the current player may hold at once.,You can hold {count} Dreamsign.,view.maxDreamsigns.plural=one,translated,,count,tx1_m2ylhr6sk5vqfu47yybnp6qzpa,row1_clkr5yz6xubwh3fmma4qvfa2he,message,,src/cumulus/screens/DreamsignReplacementDialog.tsx:47:17,rev1_b9a8079c0008d99a67ff79361af69f56153017ed34bf8fa505bc7f6b2cdbbe97
Subtype,Visible card-browser sort-field option for canonical authored subtype.,Subtype,,translated,,,tx1_m3zqhvgu42czystfkm3ygfvfu4,row1_je7ppt36nlmypkvlg655b4suhi,message,,src/cumulus/screens/DesktopDeckViewer.tsx:561:16; src/cumulus/screens/MobileDeckViewer.tsx:346:16; src/cumulus/screens/PoolViewerScreen.tsx:418:28,rev1_3c2b9104659c3f254711699d849a69db402e3a87fb7bebc49887b6ebe38b12e0
Heating the forge…,Loading status while Transfiguration choices are prepared.,Heating the forge…,,translated,,,tx1_m5aa4svnayuey6vvx5lqk4uzaq,row1_mxgvz6mm2o7dm5e5ag4jmr66w4,message,,src/cumulus/screens/TransfigurationSiteScreen.tsx:372:7; src/cumulus/screens/TransfigurationSiteScreen.tsx:427:13,rev1_7d0aaa0ce4cacc9141c59b8da107b7ff32386aeba88f82eb7ddd0751d556bfb7
{source_card_name} became Fast as {result_card_name},Accessible name for one persisted Fast keyword mutation. Both values are UUID-resolved authored card names and may match.,{source_card_name} became Fast as {result_card_name},,translated,,result_card_name; source_card_name,tx1_m5awpk7tpgyhwd5qb7jzomfx5m,row1_vafzetqw7f3poeu75fvmp6jwjy,message,,src/cumulus/screens/ExplorationSiteScreen.tsx:2185:13,rev1_3bd21fe9d273e73a9d8d913f65560ed84b2526ea5ef391de1318a645490bce2e
Essence Total,Player-facing message for the journey status essence accessible name interface state.,Essence Total,,translated,,,tx1_m6onn7tghm3joomdcjxeundhty,row1_3eh3mi6cg2lhu5rcufocrljkhe,message,,src/cumulus/components/hud/JourneyStatusBar.tsx:531:25,rev1_6c65455d2a32de6e1c20fb2a40b5880b989888e76c476888d45c6a29158ed2a7
Short reminder,Player-facing message for the battle card note placeholder interface state.,Short reminder,,translated,,,tx1_m6wuvpaw6hyr2v2iexsilj2wsi,row1_r7xideifrflnoy53ngsk2tf7ce,message,,src/cumulus/screens/battle-overlays/BattleCardNoteOverlay.tsx:80:26,rev1_26321f9881e2e65651cd91e57408956a0ba8057f12c20be4883c0572cd029c40
Loading {room_id}.,Loading status containing the opaque room identifier of the shared room record being fetched.,Loading {room_id}.,,translated,,room_id,tx1_m72ckuybwra7pnpqpfmmzskgjy,row1_wnfzdenl673p4jrvywpshjcbcy,message,,src/coop/RoomGate.tsx:626:20,rev1_36ddb8ca32a5b7c3a3fa0e253677becc7337d7b19ed622e5c6450476b29201f5
Closest to 21 Without Going Over,Player-facing message for the gamble blackjack rules interface state.,Closest to 21 Without Going Over,,translated,,,tx1_mb5plz4bluxwo327i3evw4qgaa,row1_mp7lzyvmcdvgoiaxelb6fris5a,message,,src/cumulus/screens/GambleSiteScreen.tsx:495:14,rev1_a619a16d6dc1f204de5c9801bea27bbb74056a4aae031c0acbc72c0e75ec9fc3
Sort descending,Accessible command name for sorting the visible card collection in descending order.,Sort descending,,translated,,,tx1_mbbkp44x3ckctiu3xdenrkmsse,row1_xcvrkqbv54qfctgzwy24qz4gy4,message,,src/cumulus/screens/DesktopDeckViewer.tsx:670:24; src/cumulus/screens/PoolViewerScreen.tsx:358:25,rev1_18ca7a64694dc9b6026f4076a84d315a2ab98a018b9b8d70a1817160886e4e32
Signature Cards & Dreamsigns,Player-facing message for the battle start signature cards and dreamsigns label interface state.,Signature Cards & Dreamsigns,,translated,,,tx1_mbbtmicpfwgxwegvzc5p23qwm4,row1_r5pwyvigkija7grudbitz7d3fq,message,,src/cumulus/screens/BattleStartScreen.tsx:371:23,rev1_9722878eb002ff6fd6ea83a50426dbee67fdddb464521bd90996ba811a50e092
Opponent Banished,Caption for a card candidate in the opponent's banished zone.,Opponent Banished,,translated,,,tx1_md6ljylht72gp77geebo67iy34,row1_f7wungnxifh3jatnv6m2utijgu,message,,src/cumulus/screens/MobileBattleScreen.tsx:3586:7,rev1_b547368294744a1d590d9906bf4017ef69179fc28afca0450454a8b96dc96e95
Your Turn,Radial announcement when battle control passes to the local player's side.,Your Turn,,translated,,,tx1_mg3ugj6to26owddqvbwpwrcuwy,row1_fhywyafflsxdff6yowjhp5zu74,message,,src/cumulus/screens/MobileBattleScreen.tsx:788:9,rev1_24b12c04afcd6a617745356fe90305e6584751a91c48faf24fe6496ee1a7a5aa
Exploration,Eyebrow above an Exploration follow-up choice.,Exploration,,translated,,,tx1_misxqdp6uvhempsckzq3tays7a,row1_vkyhsrx2ott2luiyycnxi3joga,message,,src/cumulus/screens/ExplorationSiteScreen.tsx:7866:28; src/cumulus/screens/ExplorationSiteScreen.tsx:7968:26; src/cumulus/screens/ExplorationSiteScreen.tsx:8031:26; src/cumulus/screens/ExplorationSiteScreen.tsx:8149:32; src/cumulus/screens/ExplorationSiteScreen.tsx:8266:26; src/cumulus/screens/ExplorationSiteScreen.tsx:8315:26,rev1_3594e48360e3ade76e542342e07269cbd6dd6450acdc40d834a04bbe083df4d9
Hit,Player-facing message for the gamble hit action interface state.,Hit,,translated,,,tx1_mjx4oicwdpcedyy6ghbn36ocvi,row1_jl6innkmtd2p7lksymcbxoyyye,message,,src/cumulus/screens/GambleSiteScreen.tsx:361:14,rev1_1b06e6ca51019f68ff8f6e132a0740cc64a6eb73101f6f6f5145b9ab3ba15a8a
Player deck order,Accessible name for the ordered Player deck card list.,Player deck order,,translated,,,tx1_ml222wrgglwrzl22pzwmnlhkku,row1_b7eqk7cq5kyssl2ahfazjfrlne,message,,src/battle/components/BattleDeckOrderPicker.tsx:83:13,rev1_b3ce3a3828cc3669733f10ea1a6a8c3c1ab1f41c069d9ea5105ccc19ca9698b2
Load Journey,Command in the Journey utility menu that imports a Journey save file.,Load Journey,,translated,,,tx1_ml2cozd4b3dslrlgqbrhiztqqm,row1_3shvnkq35egu7q55pcer7smmqa,message,,src/components/JourneyUtilityMenuController.ts:86:26,rev1_9fc1d0e0648ae4d61b32a2f41d041f04e89a99d728201c2bce0d2c6ffb78d393
Draw.,Title for a drawn terminal battle result.,Draw.,,translated,,,tx1_mmjzytdzaqpiszji7vyzlg34em,row1_cgf5xauu3dekyrhonbvze3dze4,message,,src/cumulus/screens/BattleResultSurface.tsx:370:21,rev1_7ab6b11edff02f65545412570dfac7b793ffc7b1bc45b5efff5657ec1b51a739
Avatar,Shared journey-status labels and controls.,Avatar,,translated,,,tx1_mmuxfrbftspdcfgqryep6hjqqy,row1_r4imswcxsnceilqbr5nazrkrme,message,,src/cumulus/components/hud/JourneyStatusBar.tsx:418:31,rev1_d3172a4e4af92d73f0a12660f8cee7c77ebaa3d8763b77a25c8a86fd21fc7700
This Game Could Not Be Read,Title for a shared room whose persisted data cannot be decoded safely.,This Game Could Not Be Read,,translated,,,tx1_mniha6ss4gnkiyah4wptn33d3i,row1_7j4uzjewpucqan3ogkgj26qfjm,message,,src/coop/UnreadableRoomScreen.tsx:41:16,rev1_f56bc014bdbad2f915ff7278103a910fdfdc8c6be4622495c64ec09c0630ac99
Energy cost: {energy_cost}.,Complete accessible Energy-cost sentence for a card. energy_cost is one non-negative printed or alternative resource amount.,Energy cost: {energy_cost}.,,translated,,energy_cost,tx1_mprwhqm43lu5k2mx4awqpqh2pi,row1_3zbik7rcbbvj6kfxb22yppzdwy,message,,src/cumulus/internal/reveal/context.tsx:112:20; src/cumulus/internal/reveal/context.tsx:127:19,rev1_0d18e7bdd42ee83d63dd50e1b86035cd0cbe7b72e66409c3a8ecea8619d98beb
A New Version Was Deployed,Title for a shared-room gate when the room uses an incompatible reducer version.,A New Version Was Deployed,,translated,,,tx1_mqtczuwvaj6svlnafd7gor3bwy,row1_olusq37d2ynm523jp2igiuh6fm,message,,src/coop/VersionGateScreen.tsx:41:16,rev1_610e8ee0e5462dfb3d0d8a906b3f82d8fc3b16341ffbb481fde1cafe576b6f4b
Chosen Forms Awakened,Headline for the compound Exploration result gaining chosen Transfigured cards and Nightmares.,Chosen Forms Awakened,,translated,,,tx1_mr5tdptmwxtf6ugdmeup775cua,row1_zcrpmwdeejixdhtqzwyxf7sr6u,message,,src/cumulus/screens/ExplorationSiteScreen.tsx:6214:25,rev1_9f5dc3d7aecab585590d1cbc72ac271a93b7b0e1c21e25621564b15d73357c68
Creating Game,Title while a new shared room is being created.,Creating Game,,translated,,,tx1_mu67mhqmqhvbtqkeqafm2ygeie,row1_qabg3iudjgcmebk3kluol2yduq,message,,src/coop/RoomGate.tsx:600:18,rev1_49a21f5d8e632b800c7a8c9471bae8b084d0a69531aede29f9fd812f0ae4ff17
Void,Player-facing message for the battle foresee void destination interface state.,Void,,translated,,,tx1_mxztrygtbb2xk5qcaap6674kxe,row1_quo4oqpynppivi46xbfkegs7te,message,,src/cumulus/screens/BattleForeseeOverlay.tsx:480:24,rev1_238962a162e8f82fe963150f4fe49a22ca25bc5e1b6ab20923fe95c0c6995554
Connecting to Game Service,Loading title while the shared game service connects.,Connecting to Game Service,,translated,,,tx1_mzcfgt5zc5t2z6xtenkgesmjti,row1_usr4ysebxyksglbmfzpdl46xzu,message,,src/App.tsx:717:18; src/App.tsx:725:22,rev1_d6504baefc4af9dd0360795a572573078d8d2d9f1ed06aad160002abc792ec8e
This card will be purged,Accessible status on a selected card marked for a pending purge operation.,This card will be purged,,translated,,,tx1_n3blovqytaooq53bf77ndl3zru,row1_vsaby57eecmafm2suv4zixp3ci,message,,src/cumulus/components/card/CardChoiceGrid.tsx:37:14,rev1_99c0387dfb8abcaf815f812f0a956e52bf8349be9a347768761b89b08dc66959
spark,Player-facing message for the tutorial feature spark glyph interface state.,spark,,translated,,,tx1_n6mmqztgfdq7loz6hzxoovwdbm,row1_23n5s7flcrbgsrncl7wechvlqm,message,,src/cumulus/components/overlay/TutorialFeatureCallout.tsx:37:17,rev1_fd156c75d6af31215193a7331efe2e7eaac4094de1cdbb323cf43d6742adb404
Reorder Player Deck,Title of the full-deck ordering dialog for the Player side in a locally controlled battle.,Reorder Player Deck,,translated,,,tx1_n6mxcfz3aw4pmyv7arqfhvh2xq,row1_ixcclle6ijpqnvevqpelwqywxy,message,,src/battle/components/BattleDeckOrderPicker.tsx:63:15,rev1_0400cd53d4563df4be16aef79aef6f2018a4596c988efe4b54154d65186abb5b
Algorithm: {algorithm_id},Visible Pool Viewer diagnostic summary naming the pool-construction algorithm. algorithm_id is a stable raw internal identifier such as tides4; translators may reorder it but the identifier itself remains unchanged.,Algorithm: {algorithm_id},,translated,,algorithm_id,tx1_narlte7ljcwprj2y3l6cknsmfm,row1_zthuv7om3asjskuuupx7yo2w2e,message,,src/cumulus/screens/PoolViewerScreen.tsx:220:17,rev1_c241ffdda05b19abd96ec1a89fe37639b336217cc9d458d823cb8ee59afe984f
Tides,Player-facing message for the deck viewer tides label interface state.,Tides,,translated,,,tx1_new3cyj3g6o5f57zxvl5oba25q,row1_xr4zmx4mzreampju43kioswyha,message,,src/cumulus/screens/DesktopDeckViewer.tsx:481:16,rev1_34e30bf10e3c448888bb6e232d29bce3b5c1010d8eb30f94f588915885a243c2
Choosing a form for card {current_card_number} of {card_count}: {card_name},"Accessible progress for the sequential form chooser after the player has selected an exact multi-card set. current_card_number is the positive one-based position, card_count is the positive exact total, and card_name is the canonical UUID-resolved display name of the current deck entry.",Choosing a form for card {current_card_number} of {card_count}: {card_name},,translated,,card_count; card_name; current_card_number,tx1_nfnjg73og4cdynclgujja6ajp4,row1_gc7xslahkbbkgn4julelcy7uvm,message,,src/cumulus/screens/ExplorationSiteScreen.tsx:7661:41,rev1_09ff55f798a4c99de49e91d91661b5819fba38df18462682dfdef40dac5ba68c
{count} Cards,"Count beneath the deck-browser title. count is the number of cards currently in the player's deck, is a non-negative integer, and can be zero.",{count} Cards,count.plural=other,translated,,count,tx1_ngv5lbn5dwgecpybj32oknneoi,row1_t7yy3bn3763ah62n7usgeomssa,message,,src/cumulus/screens/DesktopDeckViewer.tsx:304:20; src/cumulus/screens/MobileDeckViewer.tsx:256:22,rev1_37d72710af5232a85e5294b804af08b6db1bbcc17f7a7aff04624521745f1ac3
{count} Card,"Count beneath the deck-browser title. count is the number of cards currently in the player's deck, is a non-negative integer, and can be zero.",{count} Card,count.plural=one,translated,,count,tx1_ngv5lbn5dwgecpybj32oknneoi,row1_bevxoqefis55hfzf63lwiobbry,message,,src/cumulus/screens/DesktopDeckViewer.tsx:304:20; src/cumulus/screens/MobileDeckViewer.tsx:256:22,rev1_456ddd08282638cfacede8e45dafc44a9a8e50ac2ec423346c5901bc2896d8ba
The augury is clouded.,Player-facing message for the augury error clouded interface state.,The augury is clouded.,,translated,,,tx1_nhtkpv6rwidjhvp5c5yr7xwaua,row1_qb7err2cbrtxfmvz37jkspmshm,message,,src/screens/cumulus_adapters/augury-view-model.ts:830:16,rev1_7796393834059cc6e5737cdec0d1affee9bcba70e646b9867fca3b5e57bc1bc5
Exhausted,Accessible status on a battle card whose actions are unavailable until it is readied by the game rules.,Exhausted,,translated,,,tx1_nklguy7qtxl2tdwakwrh4a3ee4,row1_4zvm6rezj3gle6h63faph55f3e,message,,src/cumulus/screens/MobileBattleScreen.tsx:2048:31,rev1_a47776edecfd152c1cd6d344db0d4179d9b31bda516a336fe4e407cc0f4b088f
New Journey,Command that starts a fresh Journey from a menu or terminal Journey result.,New Journey,,translated,,,tx1_nlaz2f7qht4kc6pgfhp53wcgp4,row1_mwap56p7yuolbuekoytaci24fu,message,,src/cumulus/screens/JourneyCompleteScreen.tsx:204:22; src/cumulus/screens/JourneyFailedScreen.tsx:245:24; src/cumulus/screens/TutorialBattleScreen.tsx:552:18; src/screens/cumulus_adapters/main-menu-view-model.ts:14:16,rev1_5de73ee87499f86482a188f0b8ff57344e202704a2c0fb6b563ebec60e71c674
Choose any card to copy,Instruction when any owned card may be duplicated.,Choose any card to copy,,translated,,,tx1_nlukdfsqpb2aujzvf2a64p26fu,row1_3dn3zxhvsdqbmmxptsg5z5edgi,message,,src/cumulus/screens/DuplicationSiteScreen.tsx:116:23,rev1_05af4195ad8c66612b9a8bd373700bed9e540807857f515773c2f00d35cfb2f5
Opponent’s Deck,Title for the opposing player's battle draw-pile browser.,Opponent’s Deck,,translated,,,tx1_noqinc6zdihyds6iwxday2ikfm,row1_xqbbsxczxvg5pfwmwo7z3jv66y,message,,src/cumulus/screens/CardZoneBrowserOverlay.tsx:361:13,rev1_f52e3b4b881216e6a618e85d1bb4cb0521f47e6a446bdad5a2e96e6f3cdcfc15
Card rules: {rules_text},Accessible name for interactive authored card rules text.,Card rules: {rules_text},,translated,,rules_text,tx1_nqfo2r2tugj3ef6doe52cl63wa,row1_k3i3wdecinkssjnnmk6txuxc3m,message,,src/cumulus/components/card/RulesText.tsx:553:12,rev1_2a4b52b6f6c172142c223ca7f796e22be6e67427eefc9feccb3d0b9cc20e8af0
Submit,Primary command that submits the required battle card selection.,Submit,,translated,,,tx1_ntwynfi3g2m46i66eonpjqe2du,row1_njhfxinj7dxu2apkdomlkqa2pq,message,,src/cumulus/screens/MobileBattleScreen.tsx:3634:11; src/cumulus/screens/MobileBattleScreen.tsx:3863:19,rev1_7365ece27d0b9f0b12da99df3ea413c1582863a879db92a9156c6ce65bb2bb96
Filter card subtype,Accessible name for the Pool Viewer selector that filters Character cards by their authored subtype.,Filter card subtype,,translated,,,tx1_nvpvk5chifrjcjbzvwmf766b3a,row1_lp4jxipmruie4rmm7xybgjdeaq,message,,src/cumulus/screens/PoolViewerScreen.tsx:165:22,rev1_82b797429c686899beb1c2df9733bdf7e092f13fb2fba993eff0b65b92bf2eae
{rank} of {suit},Accessible name for a revealed standard playing card. rank and suit are its canonical authored display values.,{rank} of {suit},,translated,,rank; suit,tx1_nysdnijyvsx3mk5ppp6suffnda,row1_c7dp2yk42hclcwtlimny5ew6fm,message,,src/cumulus/components/card/PlayingCard.tsx:234:10,rev1_cf059ba1ebba5751feda7c9ca61fb0e076e653ad6b206330ef00988f11e4f13c
"Exploration card, face down",Player-facing message for the exploration card face down interface state.,"Exploration card, face down",,translated,,,tx1_nyyxatsosncskqilny6t44w2jy,row1_pqvlktllgobn32shmfmqpubzqq,message,,src/cumulus/screens/ExplorationSiteScreen.tsx:2124:24; src/cumulus/screens/ExplorationSiteScreen.tsx:2384:24; src/cumulus/screens/ExplorationSiteScreen.tsx:4293:26,rev1_8ed145cf89e18b5384f8c19492150755dfb8a9f3de8efcfb716fe2db4ab6cc6d
Skip,Command that declines an optional battle card picker.,Skip,,translated,,,tx1_o5ese2gspn5pbclz3t3zojoin4,row1_ojkhmggcfj5ua2ylpbrqt3wley,message,,src/cumulus/screens/MobileBattleScreen.tsx:3641:12; src/cumulus/screens/MobileBattleScreen.tsx:3850:22,rev1_fcff42e7889b83cbaf9e2da4a5e7fb65f1c0ec82483c464de33ec6b43073dc32
Reroll Augury offers,Player-facing message for the augury reroll offers interface state.,Reroll Augury offers,,translated,,,tx1_oc7dp237jtldxs62sx6u6cas4a,row1_fc6sa4r2qk4tao7ynhu4wr5mae,message,,src/cumulus/screens/AugurySiteScreen.tsx:387:20,rev1_71453115a5b4287e6bdd96ef5672e5d863dcb977e2ebec95909e1dc99c38aa09
Avatar,Accessible name for the active Dream Avatar control in the Journey status bar.,Avatar,,translated,,,tx1_odl2ibdzkpzs5sm6q6kwcqevby,row1_sew2fcln6hjeo7e6btn6cp6s3m,message,,src/cumulus/components/hud/JourneyStatusBar.tsx:453:25,rev1_f9b764df706039154d0f93e17d80801cc1a08b5bd59cd76e6c85e0fa344a64cb
Dreamsign: {dreamsign_name},Accessible name for an interactive Dreamsign object. dreamsign_name is its canonical authored display name and has unknown grammatical gender.,Dreamsign: {dreamsign_name},,translated,,dreamsign_name,tx1_odyw5dqrg6eu437fykybqbplva,row1_xwt5r6dwp373lkuioo2te2frg4,message,,src/cumulus/components/card/PlayingCard.tsx:803:31; src/cumulus/components/hud/Dreamsign.tsx:155:25,rev1_6dde1b3872924a551c6082c7b3728babf3add4070ff44fd721cc0a12f4186db2
Site Rules,Comparison-row label for the shared room's Site rules fingerprint.,Site Rules,,translated,,,tx1_oewuimwb2eet36h3vr3tfgypie,row1_pa7wvbf2kpzcogduuifjoflgk4,message,,src/coop/ConfigGateScreen.tsx:92:14,rev1_8e924e1d25cadb2938f6d68d4e8cc4cb25c8469ba40b6969d4db01cbc02e2588
Tide Decks,Visible Pool Viewer source-tab label for the Tide construction input.,Tide Decks,,translated,,,tx1_oiigbefop5p5hccrggos754hvy,row1_fxgfqmjx666pp32kdrc6dop4wm,message,,src/cumulus/screens/PoolViewerScreen.tsx:299:26,rev1_7a36020385f017bbf5e5bad3e62db716d71d316db382b87b9ecd6d00216352e1
Bet {essence_cost} Essence on Starway Stairs,Accessible command for the initial Starway Stairs wager. essence_cost is the non-negative Essence price.,Bet {essence_cost} Essence on Starway Stairs,,translated,,essence_cost,tx1_ojhijizt5fye5jqmxydiboztt4,row1_wd3f3tbthmgaiq7kis4afsolae,message,,src/cumulus/screens/GambleSiteScreen.tsx:2273:27,rev1_0b0824b1529afbf4d78ea8c5ff765f3f79a16371e4bfa1b61633b4d2dd5c1b16
Transfiguring {card_name} into its {form_name} form,Accessible announcement while an Exploration outcome transfigures one card. card_name is the canonical display name with unknown grammatical gender; form_name is the source-English name supplied by the Transfiguration catalog.,Transfiguring {card_name} into its {form_name} form,,translated,,card_name; form_name,tx1_oluhkpfxwxaokox4w3kwiuveoe,row1_zfv4a7cbowg2qryg5rn6kurl2i,message,,src/cumulus/screens/ExplorationSiteScreen.tsx:4630:33,rev1_b7633b2a0878f2d2e46ad725d289d80fbe9a0121ddf45f50d223a4c3a44156d4
Close pool viewer,Accessible command name for the button that closes the Pool Viewer overlay or floating panel.,Close pool viewer,,translated,,,tx1_omndecse7uq4cw4gq5sige2qui,row1_dxj5cgdhwvtygyrkxh7bvbhq2y,message,,src/cumulus/screens/PoolViewerScreen.tsx:265:87,rev1_984f52e11525cc152c382aabdc5d5450d39ff31194411bee9a5f8e21ec600b08
{card_count} card types changed,Accessible completed-event summary for an Exploration action that atomically changes effective card types. card_count is the positive exact number of UUID-backed entries in the committed mapping.,{card_count} card types changed,cardTypeChangesReward.changes.length.plural=other,translated,,card_count,tx1_oog3u3rg4peqth3uhasxemrelq,row1_cvg45ajfm25oz7rbgq57frxj3q,message,,src/cumulus/screens/ExplorationSiteScreen.tsx:6509:33; src/cumulus/screens/ExplorationSiteScreen.tsx:6557:33,rev1_9ecc93df61d2f9ae6511e713d4743ed9a2235990ed6befe193ced45eed16c7fd
{card_count} card type changed,Accessible completed-event summary for an Exploration action that atomically changes effective card types. card_count is the positive exact number of UUID-backed entries in the committed mapping.,{card_count} card type changed,cardTypeChangesReward.changes.length.plural=one,translated,,card_count,tx1_oog3u3rg4peqth3uhasxemrelq,row1_cwhgsful7sbpwjrqzcuny5j7rq,message,,src/cumulus/screens/ExplorationSiteScreen.tsx:6509:33; src/cumulus/screens/ExplorationSiteScreen.tsx:6557:33,rev1_23392a5d7113e6b08632e52b1b2ea82d0aa3412de81b4077a37116d7480a23a7
Reroll Avatars,Player-facing message for the journey start reroll action interface state.,Reroll Avatars,,translated,,,tx1_opnlj5br4mz2no3vgvxzlkzjpi,row1_um76hzhg3y5stfkbs26kdq36we,message,,src/cumulus/screens/journey-start-desktop.tsx:313:18; src/cumulus/screens/journey-start-mobile.tsx:287:18,rev1_f8f31ab8d9ee0ddddc197365a5535833b3037ffda48880faab3568fbdc701df7
Acquired,Player-facing message for the deck sort acquired interface state.,Acquired,,translated,,,tx1_oq4p2x7wfthg4ygci22rhvdstm,row1_rpcp6yewv5sf5ogemljeace3ri,message,,src/cumulus/screens/CardZoneBrowserOverlay.tsx:160:11; src/cumulus/screens/DesktopDeckViewer.tsx:546:16; src/cumulus/screens/MobileDeckViewer.tsx:331:16,rev1_ec12efda62787521f2d324f83663152b1c0d24a51cf02a9086bbd5c10083eff1
Continue,Command that accepts a completed result or advances a resolved interaction.,Continue,,translated,,,tx1_orrr3mrbbaa3poajdcdim46q6y,row1_2vhuq4vqrfrwkrks6rb7zfx7g4,message,,src/cumulus/screens/BattleResultSurface.tsx:274:18; src/cumulus/screens/MobileBattleScreen.tsx:3989:26,rev1_a578940fd4519dae781b1738f04a3859693f9ab272dc548c922aec407d4314e0
Filter by subtype,Player-facing message for the deck filter subtype accessible name interface state.,Filter by subtype,,translated,,,tx1_oyhdo7ktm7754pymq5nz4uxrne,row1_33wbfts6id4mh726ocrwahaqwy,message,,src/cumulus/screens/DesktopDeckViewer.tsx:620:22,rev1_b8de421bfe541e32f4426a7c6952d55d1bc788116627f3eb6353eac9ae885420
{subtype},Type line for a Character card. subtype is the card's canonical authored subtype.,{subtype},,translated,,subtype,tx1_p2sgidtphqtiwbjhtjgnxutsdi,row1_qlv7fakw4ptu6w3e2ziakexerm,message,,src/cumulus/components/card/CardView.tsx:870:11,rev1_d18261544eceba05a557f1f36701b1244c087f92ed12587a03e68b41050c76df
Save Journey,Command in the Journey utility menu that downloads the current journey as a save file.,Save Journey,,translated,,,tx1_p6l6tnlshfseggmn472nyi3u5a,row1_532hydeyreie4rzxeo6o35bovu,message,,src/components/JourneyUtilityMenuController.ts:72:22,rev1_55ccd349cf25f9a32ae2cf69418e16094935dcc4a63e8792539d3b715278792e
Dreamsign gained,Visible status when a Dreamsign reward is collected.,Dreamsign gained,,translated,,,tx1_p6pvk7wop7jf6tr6voubyx2qie,row1_22bg7ds6retvqdqnactjpov3lq,message,,src/cumulus/screens/DreamscapeScreen.tsx:403:23,rev1_7ace6e71cb25a51fc54fafc3638c36da5f704b54f85905759aabcec20dd005b1
Opponent card flipping face up,Player-facing message for the tutorial opponent card flipping interface state.,Opponent card flipping face up,,translated,,,tx1_pbtz4htmpdsponanusyve4yiaa,row1_z7hhk5v4rkr6xsdh4ylfuoddjy,message,,src/cumulus/screens/TutorialScreen.tsx:1145:26,rev1_6a719a4dbab5799a0598b29e6640ecae8f0dfe05f83e643680427b67bbe187fd
Close how to play,Player-facing message for the tutorial how to play close interface state.,Close how to play,,translated,,,tx1_pcjfnispih65cl3a67h4s4gwwy,row1_edfkencjgpp3hd5esuqmnjdobm,message,,src/cumulus/screens/TutorialScreen.tsx:400:21,rev1_8516088cbbe44990e7d017c9105e0e13102ab71e68f90a20200914ebe11aef78
"Your turn, Night phase",Accessible battle phase for the local side during Night.,"Your turn, Night phase",,translated,,,tx1_pdpdfbm7ido4tll6vnecnfriiq,row1_oqkrf5ox24yz2l56qrh7lytzna,message,,src/cumulus/screens/MobileBattleScreen.tsx:1407:17,rev1_b026ae8a675b477f0070183195eff531f76a118e36a976f6629232488b59b290
Choose whether to climb for a larger prize or take the current prize.,Player-facing message for the gamble starway accessibility description interface state.,Choose whether to climb for a larger prize or take the current prize.,,translated,,,tx1_pelkocaypzc6ssuzytixwnckhe,row1_cjq5ryxkfah3pdgekk674ijoea,message,,src/cumulus/screens/GambleSiteScreen.tsx:547:14,rev1_fd903fa6f169f9e918bf8dae30942e040688412e60c8b337135427a464bbdaaf
Cost,Visible card-browser sort-field option for printed Energy cost.,Cost,,translated,,,tx1_pgbanqcqqbj2z6efkmoz32ecb4,row1_utcgvchmauer7wb6cne43jj32e,message,,src/cumulus/screens/CardZoneBrowserOverlay.tsx:165:13; src/cumulus/screens/DesktopDeckViewer.tsx:551:16; src/cumulus/screens/MobileDeckViewer.tsx:336:16; src/cumulus/screens/PoolViewerScreen.tsx:410:25,rev1_4f7564484db48ae73471f195c9b4d6a917cfc505381895e955851da90f95f991
Journey failure summary not found. Return to the journey menu to begin again.,Error shown when the Journey-failure route has no persisted failure summary.,Journey failure summary not found. Return to the journey menu to begin again.,,translated,,,tx1_pglggmhbtlp43c2umfmemwauwm,row1_etlvknu5xzlprygo6bwzfr2keq,message,,src/cumulus/screens/JourneyFailedScreen.tsx:107:22,rev1_31f71ddedc74c54601909295380ed8b0e70c122d5af0112331661a3e81b93e82
This dreamscape is revealed and locked.,Accessible state sentence for a revealed Dream Atlas node that cannot currently be entered.,This dreamscape is revealed and locked.,,translated,,,tx1_pgpad55sujdqj5fzxdwcggy4li,row1_aub3pvv6kjguawxgtwjbaoay6m,message,,src/cumulus/components/atlas/AtlasNode.tsx:214:16,rev1_6d942fbf555b143ad3a3b291c178b0ca86cdf105349ff1073c30c6b4cffc8183
Offered Dreamsigns,Visible heading above Dreamsigns prepared as player-selectable Exploration offers. Each item is a complete UUID-backed Dreamsign object.,Offered Dreamsigns,,translated,,,tx1_pgref4em4ojuz6p3rc5jz5a4pu,row1_6m73gefiewexmynrcvs55wfhg4,message,,src/cumulus/screens/ExplorationSiteScreen.tsx:8212:38,rev1_419659b85c8609ee07b4cadb07c9a196628cdce0cda5135382d23bc6b69d1efb
L,Player-facing message for the deck size large interface state.,L,,translated,,,tx1_phaycb3yocqij3cfgdcwvjrzlq,row1_udrszuc6h7sggmxmnklo4jkxwu,message,,src/cumulus/screens/DesktopDeckViewer.tsx:580:16,rev1_ef939ea4f8ef86843a2bc56912e85e4b0a222d62076a1ad584d391ee8dea7256
{visible_count} of {total_count} Cards,Subtitle when filters show only part of a battle zone. visible_count and total_count are non-negative card-entry counts; either can be zero.,{visible_count} of {total_count} Cards,cards.length.plural=other,translated,,total_count; visible_count,tx1_phetkb6stz2jiy6ofazwfy67o4,row1_lo675zykqugvqami4pm67bsigm,message,,src/cumulus/screens/CardZoneBrowserOverlay.tsx:241:9,rev1_97294bb1b30e624ca711bf768bb160d194f36545132e8cff93fef862220263bc
{visible_count} of {total_count} Card,Subtitle when filters show only part of a battle zone. visible_count and total_count are non-negative card-entry counts; either can be zero.,{visible_count} of {total_count} Card,cards.length.plural=one,translated,,total_count; visible_count,tx1_phetkb6stz2jiy6ofazwfy67o4,row1_whkte6vqwlbbewa622qpxlfnpe,message,,src/cumulus/screens/CardZoneBrowserOverlay.tsx:241:9,rev1_399f491744b6f17177096ca46c17ba8a7cbc94b350d064588745e765a5f3aaf4
Dreamtides,Product title at the front door.,Dreamtides,,translated,,,tx1_phlj4xgzrpywgfrxlq4p6ltx7y,row1_4fqj43apwcphqzlkq6jespxpym,message,,src/screens/cumulus_adapters/main-menu-view-model.ts:9:12,rev1_4ca8a30e83c768901ed8d7db32d99cac4ae9a5106299c319884143707dd42d8a
Starter Cards Changed,Headline shown with the exact persisted purge or replacement of starter deck entries after an Exploration action resolves.,Starter Cards Changed,,translated,,,tx1_phzmmi2srucdnlsw2emrcmbocy,row1_hpkiuwwewpz6mnw2qkima2ueiy,message,,src/cumulus/screens/ExplorationSiteScreen.tsx:6789:25,rev1_c7cd59ff6f77acca8cf7b5b50a6e7aa66cc8fdd87bdfbfdc08d491c430f780ab
Victory!,Title for a victorious terminal battle result.,Victory!,,translated,,,tx1_pi4sisfs3dcrr42t7asjb3tppy,row1_6rvl4vxtivcezkmydegwvt2qoq,message,,src/cumulus/screens/BattleResultSurface.tsx:200:22,rev1_d84e50a655d0872157d5fef95eb4bd71e3662964d3b690b27d58a107084920cc
Event,Card-type label above the Event example on the loading screen.,Event,,translated,,,tx1_pi652t7w7os7i637kylajxp2ou,row1_caqmskgtr4p6nk2hykdz66fevi,message,,src/cumulus/screens/LoadingScreen.tsx:314:15,rev1_8b8af646808e4ebc94d63afeea1730097191edbc10bde5754eb7a9ba06c5f2da
−{amount} ●,Compact headline in the radial announcement for an Exploration deck-wide Energy-cost reduction. amount is a finite non-negative integer displayed with the Energy glyph and a genuine minus sign.,−{amount} ●,,translated,,amount,tx1_pj266axoh5i66ld4ycvjy5h3oe,row1_dsrqslmlnvwjiqob7qsirnukw4,message,,src/cumulus/screens/ExplorationSiteScreen.tsx:771:14,rev1_67ea190bc1ba44d557b05beedcd054e6e3a40ab0e0df328411c2fdf21aa6547b
{count} copies,Accessible label on a selected Augury card showing how many copies the offer grants. count is a positive integer; the numeral is visible in the badge and is repeated here because this message is exposed only to assistive technology.,{count} copies,count.plural=other,translated,,count,tx1_pj5d2c7eimsjzonuherz2kh7ui,row1_vbqqqpmunq3gny7reomwezygoa,message,,src/cumulus/components/card/CardChoiceGrid.tsx:489:27,rev1_ef7d2218bb2f7a440cff620a50f17a66f61a250cc1e4a58ca64753b4aabdab35
{count} copy,Accessible label on a selected Augury card showing how many copies the offer grants. count is a positive integer; the numeral is visible in the badge and is repeated here because this message is exposed only to assistive technology.,{count} copy,count.plural=one,translated,,count,tx1_pj5d2c7eimsjzonuherz2kh7ui,row1_aw5bplb32xkqbrfzqy2ndwkgm4,message,,src/cumulus/components/card/CardChoiceGrid.tsx:489:27,rev1_a3a8690c0b66ecea003b0a28e90eaaef7e06931f82543973b36cb01282b8b5a7
Movement failed to send. Try again.,Error when a tutorial movement intent could not be submitted.,Movement failed to send. Try again.,,translated,,,tx1_pkjyq7a7yijkue7y567xsjwlce,row1_z6wtesxl3p2ylnb2uivkuzeoqq,message,,src/cumulus/screens/TutorialBattleScreen.tsx:412:19,rev1_2280faa69536bb2038b4443850892ec494d7b69f70d2ce282a1efc3c4c319ebd
Journey Complete,Player-facing message for the journey complete title interface state.,Journey Complete,,translated,,,tx1_pmnhmgly7tb5z2bqattczlm7ku,row1_qits2xzfekfpz7fhtzpl3ussny,message,,src/cumulus/screens/JourneyCompleteScreen.tsx:130:26,rev1_05b758df855c61465eef986c815149b226ff7bba0a4e9b66b9107bbca72524d9
A known Dreamsign is here.,Accessible sentence for a Dream Atlas node that visibly promises a known Dreamsign.,A known Dreamsign is here.,,translated,,,tx1_pnrvwbauydbpoqxi2bwvnbze3u,row1_2mz4su6i6t4tbnpowy7xx4yp44,message,,src/cumulus/components/atlas/AtlasNode.tsx:250:9,rev1_ba7487d01138f9eeb1043c2f32710391b8f12c354db8a6d61098c42b802e965c
Could Not Load Saved Journey,Recoverable error title when a saved Journey cannot be opened.,Could Not Load Saved Journey,,translated,,,tx1_poco6aghmtpknd77l2elwed2ry,row1_u3atm2nuphofq7ntxkivkmvyre,message,,src/App.tsx:383:18,rev1_0388e4789be0fe060b9894309664388323870320d9482f61da24c4442dbcf48a
Climb,Player-facing message for the gamble climb action interface state.,Climb,,translated,,,tx1_pqg5vi44rks64qcoy7aal5quuq,row1_3augd7zuzh4bzgd7ange5rdhfm,message,,src/cumulus/screens/GambleSiteScreen.tsx:341:14,rev1_7a970fef5168f04158b994966e0a86e81cde5b4a9a9b535f0f3977d8fd39d1c6
Open menu,Player-facing message for the journey menu open action interface state.,Open menu,,translated,,,tx1_prcbvddjre5ic637uuhk6u3zuu,row1_da645wqidozx5x6gglskfdixba,message,,src/components/DreamscapeJourneyMenu.tsx:167:18,rev1_51c68c22e57949367c2fdfccaa80625278a9e28a41a5531a170a5bf335d72773
Events,Visible card-browser type filter option that keeps Event cards.,Events,,translated,,,tx1_ps7r7pphnhevq7kq6p25kxzcdq,row1_oeeuzxdn7atezpnymsw7sydi3i,message,,src/cumulus/screens/CardZoneBrowserOverlay.tsx:189:13; src/cumulus/screens/DesktopDeckViewer.tsx:532:16; src/cumulus/screens/MobileDeckViewer.tsx:315:16; src/cumulus/screens/PoolViewerScreen.tsx:345:26,rev1_543f0cb338782c6f5a50d5350263e65d3bd0018539cb9c03cdd00eab196a08af
How to Play,Player-facing message for the tutorial how to play title interface state.,How to Play,,translated,,,tx1_ptt3r4elyx7vzxsr2fsjyseb7m,row1_mmdqoewfbepx4cyl7ci76czn2e,message,,src/cumulus/screens/TutorialScreen.tsx:396:16,rev1_f2a0edbdacd8113f0301a36aad6c7feeeb4ced61807ee6ddccac35dc982b4d70
Gain {essence_amount} Essence,Complete visible Four-Suit Reprise reward row when the selected suit grants Essence. essence_amount is the positive integer Essence gained by the current player.,Gain {essence_amount} Essence,,translated,,essence_amount,tx1_pvnztkx7edoaw2ai4qfogggsmi,row1_r75yyfjgqxqsr5vamo7bvqi2za,message,,src/cumulus/screens/GambleSiteScreen.tsx:3508:35,rev1_b4e7a7bacabda53b9dc33cb41ce80633cc95ec6cb50b5af325c6e696a2a3e7a0
{form} · Reforged,Caption beneath a card that has already been reforged. form is its canonical Transfiguration form name and is one of the forms defined by game data.,{form} · Reforged,,translated,,form,tx1_pvzr4vg2yms3y426ryiuwdokiq,row1_jmf44unxsrfiwuxgesiei6b6oy,message,,src/cumulus/screens/TransfigurationSiteScreen.tsx:417:26,rev1_9ef3122124fe78d6ae0fb7c3e3732b38e1f500bb0bb6cfdc6783d99926c5bb83
Gained {amount} Essence,Accessible name for the Essence reward value on the battle victory screen. amount is the non-negative amount already earned by the local player.,Gained {amount} Essence,,translated,,amount,tx1_pxgg2y23mnkxasegw6ddz6s4pa,row1_txxznlins2ft3a3niulu52cgou,message,,src/cumulus/screens/BattleResultSurface.tsx:259:37,rev1_264f6a59f311590d72d6cae3b65aff03cbb70b58ded0c1eb399cc01573b0424a
Skip,Option that declines a battle confirmation prompt.,Skip,,translated,,,tx1_pzd3v3x6mrqvivvpu2n4wxslja,row1_ln3rfogeilumezludm5you2ur4,message,,src/runtime/localization/battle-prompt-messages.ts:20:14,rev1_c4263a320a8482f58de8dcef8fafaf2e3ccdd1667f44bb2c7c178c246449f8c2
{form_name} · −{essence_amount} Essence,"Compact radial headline after a paid Exploration effect applies one fixed Transfiguration form to every eligible deck card. form_name is the canonical source display name of that form; essence_amount is the positive integer Essence cost already paid, and the genuine minus sign communicates the loss.",{form_name} · −{essence_amount} Essence,,translated,,essence_amount; form_name,tx1_pzefvxlboyy3yh5cscaisluu7i,row1_2fwil4ycwlwdx3fllvi75k6m2m,message,,src/cumulus/screens/ExplorationSiteScreen.tsx:793:14,rev1_9fe308a8e06a06734c413ad2afb88d0b9b95fe2e327a66ab05855b608f6e58d3
Sort deck by Acquired,Accessible name for sorting the deck by acquisition order.,Sort deck by Acquired,,translated,,,tx1_q3pqlbeog5aclpgpardkishcdu,row1_meuzyej457udd5xuasqk7iftji,message,,src/cumulus/screens/MobileDeckViewer.tsx:375:16,rev1_45ceac4e403328a14d71795e2771878a0e7d7febf7aa7db4466bba525b62a25a
The saved journey could not be opened.,Recoverable error explanation when a saved Journey cannot be opened.,The saved journey could not be opened.,,translated,,,tx1_q7bnh3txebzdqrrhmc2qomoa4u,row1_5rlrjcyyhoay2jvqkwyymhpfaa,message,,src/App.tsx:387:20,rev1_3a308d6406d03b650afa53832281f28d5db6522bbb297bf96ebb000ac25d8219
Journey Status,Eyebrow above a recoverable Journey state failure.,Journey Status,,translated,,,tx1_q7hr6vl5icjpk7mfmm65sqje6a,row1_vpgsbqoxbc4qgd5fun5yd35fnq,message,,src/cumulus/screens/ApplicationStateScreen.tsx:76:14,rev1_a01fb41349435a6c6d330d462ae86532a5d9203abc1fdcc2cea8aabd7f763ed8
No cards in starting deck.,Player-facing message for the starting deck empty state interface state.,No cards in starting deck.,,translated,,,tx1_q7ymeiletduobhtwa6tn6iqwgi,row1_wcizwrvhjo4wshhbmqguwdiwnm,message,,src/cumulus/screens/StartingDeckOverlay.tsx:77:19,rev1_2a05934da181df566b6d2ba57f60820ef2d005457d74714a156ae03c5b83bd2c
Card Sources,Player-facing message for the journey menu card sources action interface state.,Card Sources,,translated,,,tx1_qauk6ohh22gzcdv4ieg4lm3tmy,row1_ia5bgm64jgilbsdv6owjcrtpdy,message,,src/components/DreamscapeJourneyMenu.tsx:117:20,rev1_3e5a245ca55c24479d92bf2278c5400a17c456d6e2f5207b472bac2fc1aba92c
Your Score,Label beneath the local player's final score in a failed Journey.,Your Score,,translated,,,tx1_qb4y7rplr33lizpdtqd2e6ygly,row1_acycsv5u6ry5v4xniscexvnst4,message,,src/cumulus/screens/JourneyFailedScreen.tsx:297:19,rev1_1e166ce9e554566e56611dedab650d6a238536ea2af8e1c87fc5aa6d7e7ec671
Avatar portrait loading,Player-facing message for the battle status avatar loading interface state.,Avatar portrait loading,,translated,,,tx1_qbyvw4n7kvmvklfzkzolelw6lm,row1_mutpks62lpxzudqp53hkd2b7ve,message,,src/cumulus/components/battle/BattleStatusDisplay.tsx:143:33,rev1_940db7fc06d6bbfe4f6061604ee999d33d02735814f7a4c9abe7df3ab45f9baf
Choose a vision first.,Player-facing message for the augury error choose vision interface state.,Choose a vision first.,,translated,,,tx1_qdwugyr7vbvldcpzuen6muwufq,row1_lhm73zg6jgaxmkq6oso6k7dgvi,message,,src/screens/cumulus_adapters/augury-view-model.ts:840:16,rev1_e58da4f039d170a26112ba030953acc6ca28f3465a55415b4700e284f1ed07c8
Open {count} banished Cards,Accessible name for the icon-only control that opens all banished battle cards. count is the positive number of banished cards across both players.,Open {count} banished Cards,banishedCardCount.plural=other,translated,,count,tx1_qgfbxahqlxexq6k5uiozpasoue,row1_iw36se6vuqvlujrezpifqyc2ou,message,,src/cumulus/screens/MobileBattleScreen.tsx:5441:22,rev1_d5014ea687ac1be09e8d846622f306535e860b49a22a3b0fa7161dfd75e4e4af
Open {count} banished Card,Accessible name for the icon-only control that opens all banished battle cards. count is the positive number of banished cards across both players.,Open {count} banished Card,banishedCardCount.plural=one,translated,,count,tx1_qgfbxahqlxexq6k5uiozpasoue,row1_laxgejdseq2yt62plt443xr32u,message,,src/cumulus/screens/MobileBattleScreen.tsx:5441:22,rev1_e9ea4dd439cd9c5ddc48c0889c3a9b9a2ceda720c756794027d1a5e0c8e3717b
Create New Game,Action that leaves an unavailable or incompatible room and creates a fresh shared game.,Create New Game,,translated,,,tx1_qgp3pl5vqexqomnxtgisuaexeq,row1_4lqfxyiyk5ifa2ems6mhrgq5mi,message,,src/coop/ConfigGateScreen.tsx:46:20; src/coop/RoomGate.tsx:657:22; src/coop/UnreadableRoomScreen.tsx:59:19; src/coop/VersionGateScreen.tsx:59:19,rev1_17a05da9fcf6b74792a0bd0e0fd19af9821b3c86c6b867080f9b1b7155587340
Close banished-cards browser,Accessible name for dismissing a banished-card browser.,Close banished-cards browser,,translated,,,tx1_qinqjs4pantehrot33vznsumlm,row1_wivnyyckjp35hg5orwa6rucru4,message,,src/cumulus/screens/CardZoneBrowserOverlay.tsx:426:23,rev1_0059c3957a1d773b3a494c5b90e4d02023983f8341dbb6dc36dacb7ccd97332c
Dreamsigns Changed,"Headline shown with the persisted before/after result of an Exploration Dreamsign mutation, after any random identities are committed.",Dreamsigns Changed,,translated,,,tx1_qndlddym53ko5vvtuxo3adcfde,row1_kdfzjgn6f3qar5t5c2aklru7xa,message,,src/cumulus/screens/ExplorationSiteScreen.tsx:7137:25,rev1_079102f080ad170b4b6d9f37ed6f97881abe6e9b6f9684c162e60cce1698f996
"Lost {essence_spent} Essence, from {essence_before} to {essence_after}, and gained {free_purchase_count} free purchases.","Accessible announcement after Exploration grants a T82 purchase counter. free_purchase_count is the positive initial grant; essence_before, essence_spent, and essence_after are the exact non-negative values persisted by the same atomic resolution.","Lost {essence_spent} Essence, from {essence_before} to {essence_after}, and gained {free_purchase_count} free purchases.",shopModifierReward.freePurchaseCount ?? 0.plural=other,translated,,essence_after; essence_before; essence_spent; free_purchase_count,tx1_qp52rkduy7rzpwmhiwpssfbqie,row1_uawfkanasprntybu4d4qtx7bya,message,,src/cumulus/screens/ExplorationSiteScreen.tsx:5218:19,rev1_cf45b8a23f0305b1b3e3c9f25434e45f6d31db71f0fc2dcd8e12f8f137bfc7ef
"Lost {essence_spent} Essence, from {essence_before} to {essence_after}, and gained {free_purchase_count} free purchase.","Accessible announcement after Exploration grants a T82 purchase counter. free_purchase_count is the positive initial grant; essence_before, essence_spent, and essence_after are the exact non-negative values persisted by the same atomic resolution.","Lost {essence_spent} Essence, from {essence_before} to {essence_after}, and gained {free_purchase_count} free purchase.",shopModifierReward.freePurchaseCount ?? 0.plural=one,translated,,essence_after; essence_before; essence_spent; free_purchase_count,tx1_qp52rkduy7rzpwmhiwpssfbqie,row1_q2tpvnmeprncifubla5ortpi7u,message,,src/cumulus/screens/ExplorationSiteScreen.tsx:5218:19,rev1_a6e2993a727f0761a696cb5a949ab367cf5d86ee0d64313ae7fb373b36af345c
An exhausted Figment cannot be merged with one that is not exhausted.,Explanation in that notice when exhaustion states make the two Figments incompatible. Both referenced Figments are visible on the battlefield.,An exhausted Figment cannot be merged with one that is not exhausted.,,translated,,,tx1_qqdl356q622i4lfvojtsewfhlu,row1_rmyc3osbywzymudm3rwxxq6w6y,message,,src/cumulus/screens/MobileBattleScreen.tsx:5578:22,rev1_24a8c42f2fb02fc4dbc89ae99bc0cb4bbb4bb30a68fed14734740c9a0168d5f5
Your Deck,"Title of the full-screen browser for the current player's deck. “Your” addresses the local player, including one participant in a cooperative room.",Your Deck,,translated,,,tx1_qqg44ebm22mjn2pp2vrwl5eggm,row1_wr6vxxefkyhsatlkzxwqpuaoly,message,,src/cumulus/screens/DesktopDeckViewer.tsx:178:29; src/cumulus/screens/DesktopDeckViewer.tsx:298:20; src/cumulus/screens/MobileDeckViewer.tsx:240:22,rev1_51147f6fe7ebfc8fb83eb406b10908feb23eb231f0e9c7b7f2b609ab1c07e7ea
Avatar,Player-facing message for the deck viewer avatar label interface state.,Avatar,,translated,,,tx1_quo47neuiotze5uiwylyqr7cw4,row1_bfodea3frn4k2tiwgkblkubene,message,,src/cumulus/screens/DesktopDeckViewer.tsx:382:16,rev1_e753d92c32a2960f46bde16214afe72b316f71e24530b5d31885c909a66c50dc
Your Cards · {count},Label for the local-player option in a battle zone owner switch. count is the non-negative number of that player's banished cards and can be zero.,Your Cards · {count},ownerSwitch.viewerCount.plural=other,translated,,count,tx1_quoky3wvfwcrvpzu4swhzoidqu,row1_sonzo7p6kfxu6cdea3x27anahq,message,,src/cumulus/screens/CardZoneBrowserOverlay.tsx:278:22,rev1_e8fa4403aa888dbbf5d3e0f70e5ee493a5384147b560a06b2554dafd30f66291
Your Card · {count},Label for the local-player option in a battle zone owner switch. count is the non-negative number of that player's banished cards and can be zero.,Your Card · {count},ownerSwitch.viewerCount.plural=one,translated,,count,tx1_quoky3wvfwcrvpzu4swhzoidqu,row1_25ifnl272tqz3xdq6672pi5oi4,message,,src/cumulus/screens/CardZoneBrowserOverlay.tsx:278:22,rev1_894a7478fe3de73dc724f9ffbe2f7319e09992091e7cb927bceb1c7b9a64684d
+{amount} Cards,Compact headline for an Exploration opening-hand reward. amount is a positive card count.,+{amount} Cards,battleModifierReward.amount.plural=other,translated,,amount,tx1_qutgkzypktx72ff77wsiiqg7p4,row1_t3qh6gbmmitxzj3zymrg7w6yby,message,,src/cumulus/screens/ExplorationSiteScreen.tsx:5055:21,rev1_a69812d576ca373b98b40798a6e85d475c8e1e31322f3834713ee13c16e2a4c6
+{amount} Card,Compact headline for an Exploration opening-hand reward. amount is a positive card count.,+{amount} Card,battleModifierReward.amount.plural=one,translated,,amount,tx1_qutgkzypktx72ff77wsiiqg7p4,row1_es5xq6u4dtgslpwzt74og5qzia,message,,src/cumulus/screens/ExplorationSiteScreen.tsx:5055:21,rev1_3c4a5b7fd3db14622c6bad3b75d74fd4c59c7295defd130dcb45a243adad6a08
The game could not finish its room setup.,Explanation for a generic failure while setting up a shared room.,The game could not finish its room setup.,,translated,,,tx1_qvn7wcayckr2ihd2tclp4vavuq,row1_rztrfhlxafjxr2lct225c7fvte,message,,src/coop/RoomGate.tsx:677:18,rev1_30e72d8bdd1bde5ed29b28b448503aeb22bed8fe1d4142d208d9062512da264f
Tutorial complete,Player-facing message for the tutorial battle complete interface state.,Tutorial complete,,translated,,,tx1_qxcaveb3wfvz7kbte2fwvg47vi,row1_l6qufsruw5wruybcvsdhtxf77u,message,,src/cumulus/screens/TutorialBattleScreen.tsx:493:27,rev1_ba6e5b7e1ac22bc6dadb1a6da503b79517cc259c7bebea77ed2bf923edf745f6
Player total {total},Accessible name for the local player's final Gamble hand total. total is the non-negative numeric hand value.,Player total {total},,translated,,total,tx1_qya2upixozdswhiytbw334qp5y,row1_ldffseufy2jo74loo2a2sh5zrm,message,,src/cumulus/components/status/RadialAnnouncement.tsx:399:13,rev1_b88621d7b8574d98189dcb6a8d39abf988ec2d40c684d0c7af36e33a9bc6768d
Dealer total {total},Accessible name for a Gamble dealer's final hand total. total is the non-negative numeric hand value.,Dealer total {total},,translated,,total,tx1_qyaklrh2lay32dpvtnvq4kphye,row1_jhaa3frf5ge43l5qrnbgfxz7ue,message,,src/cumulus/components/status/RadialAnnouncement.tsx:394:13,rev1_532241ac6f85a84f44c2d9371a788f29770082435c5cc387514500545df1bc1c
Dismiss {speaker_name} tutorial,Accessible command that dismisses one tutorial dialogue. speaker_name is the displayed name of the character speaking and has unknown grammatical gender.,Dismiss {speaker_name} tutorial,,translated,,speaker_name,tx1_r2upsyqjfly7yqqjahfetz32lq,row1_qsmxzhe3s7upvucxzr6x7lpxpe,message,,src/cumulus/screens/BattleTutorialGuidance.tsx:506:29,rev1_5757bbdd821ec5be7437b89ccc4456085879f066f0c8eb359a71a7870e1abd0e
"Your turn, Challenge phase",Accessible battle phase for the local side during the Challenge.,"Your turn, Challenge phase",,translated,,,tx1_r56yxbdkcnncrfgb6jufeuualq,row1_6rgqetvms7jynrpppjfpi3mcz4,message,,src/cumulus/screens/MobileBattleScreen.tsx:1408:17,rev1_49d6be4d3a2cd0e5cf123a0b705aa9a6e1e235122aef98e88c5f3f7f874e5838
"Required env: VITE_FIREBASE_API_KEY, VITE_FIREBASE_AUTH_DOMAIN, VITE_FIREBASE_DATABASE_URL, VITE_FIREBASE_PROJECT_ID, VITE_FIREBASE_APP_ID.",Configuration instructions listing the required environment variables for deployed Firebase mode.,"Required env: VITE_FIREBASE_API_KEY, VITE_FIREBASE_AUTH_DOMAIN, VITE_FIREBASE_DATABASE_URL, VITE_FIREBASE_PROJECT_ID, VITE_FIREBASE_APP_ID.",,translated,,,tx1_r7fpiuephsawwasmjpu6glwjsa,row1_d5obdyjunzfhpvxvhsr2g2kefm,message,,src/App.tsx:800:10,rev1_ae20f391ddc803f58dbe55ca5caf22daf29bc1ba329432c925489a1eada7bef9
{essence_before} → {essence_after} Essence · {essence_spent} spent,Detail beneath the counted free-purchase outcome. The three values are the exact non-negative shared Essence balances and amount spent by the same atomic resolution; the arrows expose the persisted before/after transition directly.,{essence_before} → {essence_after} Essence · {essence_spent} spent,,translated,,essence_after; essence_before; essence_spent,tx1_rcgqco7dy7flyr6aybe2mz6cae,row1_zwihdcheflb32rzf5bxy3uf6dy,message,,src/cumulus/screens/ExplorationSiteScreen.tsx:5271:21,rev1_1d0cd149c9904600ae6a73d5ab07ad96fd0bdc1a238c0ce5bc90366f56214231
Dreamtides,Product eyebrow above application loading and shared-room creation states.,Dreamtides,,translated,,,tx1_rcvwnq3p53vgc6edrziroumonm,row1_gisf6bb2byoah234xqfeovweiu,message,,src/cumulus/screens/ApplicationStateScreen.tsx:71:14,rev1_1c046c7a8be8b5ae69afc40de79da4427525c9920508c1d0daf9617764390d91
No run pool cards are available.,Visible Pool Viewer empty-state sentence for an empty current run pool.,No run pool cards are available.,,translated,,,tx1_rde3it73f6vb6wkviwxkdh63oa,row1_cgjbm2brgi3r4oqzkkb5mqlxti,message,,src/cumulus/screens/PoolViewerScreen.tsx:316:24,rev1_50026658ee3f2ec4b99f07bcbbba72fb3507d9538f15c69c0bc1017669c3ec2d
{opening_hand_delta} Card,Compact headline for that reward. opening_hand_delta is the negative integer change in the current player's next opening-hand card count.,{opening_hand_delta} Card,,translated,,opening_hand_delta,tx1_rfs3vhcmfkuxyl5gixj5kxxn3m,row1_hck7vrtk4mnoxcuqitoteoxtcm,message,,src/cumulus/screens/ExplorationSiteScreen.tsx:5115:25,rev1_135be8663db7930105fea845a2c939e612b64ea438e2f6d14127db4e86f74986
{card_name}: adds {energy_amount} Energy,Accessible name for a Dreamwell card. card_name is its canonical display name with unknown grammatical gender; energy_amount is the non-negative Energy the card adds when drawn.,{card_name}: adds {energy_amount} Energy,,translated,,card_name; energy_amount,tx1_rgaz5ha2iysets7lto76sdj2pq,row1_oosiqeiuunqu7rcvsqpbozr37y,message,,src/cumulus/components/battle/DreamwellCard.tsx:120:25,rev1_1b7a33d766294d5ff3ac9074373c00a0f0e61b1dad1b5a7c8ac451bfd0dc2d1a
No cards available to copy.,Empty state when no card can be duplicated.,No cards available to copy.,,translated,,,tx1_rid2vokjes3mx3644flsqfalbq,row1_mfnm74hnobrisvcxiyef74e5xe,message,,src/cumulus/screens/DuplicationSiteScreen.tsx:152:21,rev1_066782a024ee55fde8f79518588db29ba08f279a74653570ffe385d709e787ec
Transfiguration Rules,Comparison-row label for the shared room's Transfiguration rules fingerprint.,Transfiguration Rules,,translated,,,tx1_rmgobdsdagnt7qv63vats3potq,row1_mhkksj6n67asrtwil2biuhg4wq,message,,src/coop/ConfigGateScreen.tsx:112:14,rev1_a6ecfae2fc38ddc77416fd3290b483c9f264f9cfd761cee82aa5009c55ebf5e8
Filter deck by Characters,Accessible name for the deck filter when only Character cards are included.,Filter deck by Characters,,translated,,,tx1_rmlxtfenh5kgbunakcce2bofly,row1_w3x2opjr6qnimplvdptgadpnnq,message,,src/cumulus/screens/MobileDeckViewer.tsx:357:16,rev1_719054980249b7bc4e16f47e1f0144dc66468690bbf70068d67d775fd08d2c27
Unrevealed dreamscape,Accessible name used for a Dream Atlas node before its authored dreamscape name is known.,Unrevealed dreamscape,,translated,,,tx1_rmoa5n2y7x7pnchrro6mzn3nxm,row1_potbxylgims64uuiaf6bbtnrxu,message,,src/cumulus/components/atlas/AtlasNode.tsx:309:15,rev1_d0d2d897ce7c547ed6ec867fbe6750355b73d2ce06f51e7ad8b012cdae5d3005
{energy_amount} Energy added,Accessible description of the Energy amount added by a Dreamwell card. energy_amount is a non-negative integer.,{energy_amount} Energy added,,translated,,energy_amount,tx1_rmuevuumxdcpm4o377xaofmola,row1_fichcwjzpl3c2bnugkhblayn7q,message,,src/cumulus/components/battle/DreamwellCard.tsx:174:22,rev1_a1440fb3f8f4cb9fad446394710245f0d3e0347b832be5c6f3c039fe0aa16e35
Final boss,Tooltip identifying the final boss badge on a Dream Atlas node.,Final boss,,translated,,,tx1_rpwsuwp3gn3okpypawbnfznv7i,row1_uhkymevgmlgmg6jpwgq4urk5ia,message,,src/cumulus/components/atlas/AtlasNode.tsx:366:13,rev1_6f65cf3b53c9592e0973a7fbd6bc4e83489f3a6efcbde3e67d44ef9c99310640
Decline Dreamsign reward,Player-facing message for the dreamsign replacement decline reward action interface state.,Decline Dreamsign reward,,translated,,,tx1_rqx3wm255vmt3mo7qpmi2zpruq,row1_bdo2xtk7bzfuefkh3j6n6vifbe,message,,src/cumulus/screens/DreamscapeScreen.tsx:435:23,rev1_8a4b1402b1f056bbed45c57bda028f37590463c70bf7b94d3241a4e497092f5f
{essence_per_card} × {card_count} Spirit Animals,Calculation detail for Essence gained from Spirit Animal cards. essence_per_card is a non-negative Essence rate and card_count is the positive number of Spirit Animal cards involved; the total payout is rendered separately.,{essence_per_card} × {card_count} Spirit Animals,essenceReward.cards.length.plural=other,translated,,card_count; essence_per_card,tx1_ruqt5knkmjgbnllhsi7otr2aai,row1_gz7kekwxke5awua2hidu4ghzrm,message,,src/cumulus/screens/ExplorationSiteScreen.tsx:7358:23,rev1_d6a382b7a85eef0d8210858adf0200737d0cabd80d1ac1ca92e4ebcc6abb37b9
{essence_per_card} × {card_count} Spirit Animal,Calculation detail for Essence gained from Spirit Animal cards. essence_per_card is a non-negative Essence rate and card_count is the positive number of Spirit Animal cards involved; the total payout is rendered separately.,{essence_per_card} × {card_count} Spirit Animal,essenceReward.cards.length.plural=one,translated,,card_count; essence_per_card,tx1_ruqt5knkmjgbnllhsi7otr2aai,row1_af7t2agf3q37sn23hbuwb5w63u,message,,src/cumulus/screens/ExplorationSiteScreen.tsx:7358:23,rev1_a6348f20214b1091631c6e39b7ce8492a8b9450edd208bd8c9a684d4825437be
Fast,Accessible name for the single rules-text bolt marker.,Fast,,translated,,,tx1_rvdumu3lgap4i3bcsaakghkwnm,row1_4djp3cmx36mqhyg5a3mkvd3hem,message,,src/cumulus/components/card/RulesText.tsx:400:9,rev1_c565763d07ea1f50821dab994e19da2c3a93f6870ac74208300148a02d007d6c
This is the final boss.,Accessible role sentence for the final boss node on the Dream Atlas.,This is the final boss.,,translated,,,tx1_rvwv6qvcbh3ivaylbakqodleza,row1_uopwikaozsuqgnsqmmds4isb7e,message,,src/cumulus/components/atlas/AtlasNode.tsx:242:11,rev1_f9f33cb2bfe543767ed7a658b8342dcd479b23b2ced4e176af34217851a40a08
After a Number of Turns,Player-facing message for the battle card note expiry numbered interface state.,After a Number of Turns,,translated,,,tx1_rvy7njpjficzf4ldyrd7koujie,row1_akzityat4zb5pnj5sdvtz7fgrm,message,,src/cumulus/screens/battle-overlays/BattleCardNoteOverlay.tsx:138:24,rev1_180434849f2f77f520deaeddd29dd477051d6165137e21ca577957d0262f0303
Neither side could claim the dream.,Explanation beneath a drawn Journey title.,Neither side could claim the dream.,,translated,,,tx1_rwb6ughyxlniincijadz4sznb4,row1_aotfytslt4tnj53a74koq3rgke,message,,src/cumulus/screens/JourneyFailedScreen.tsx:158:25,rev1_3eb861b38cdf5b0f4c17c98a1f32e921d562f9f2c72e84427612b6cdb1da075b
Reddit,Main-menu external link to the Dreamtides Reddit community.,Reddit,,translated,,,tx1_rwrsicsi5itdxjmpqabwjsvvvm,row1_ji2mwt3xlhhmrs332rfvolseui,message,,src/screens/cumulus_adapters/main-menu-view-model.ts:58:16,rev1_0e5fe7030f9c60320e74e59a2a17a18c9817a7a0a8e088b634c18d9531368cd2
Main menu,Accessible name for the primary front-door navigation landmark.,Main menu,,translated,,,tx1_rxbhzasfivfxc2xzzfegc56nb4,row1_3p7v72e5xhqqtonrtvixnesote,message,,src/cumulus/screens/MainMenuScreen.tsx:125:11,rev1_23430e758707848989590e02412665e651c013e4fb7e04ac782948a37e8dc631
Action not applied: finish the current choice first.,Transient status when another shared-game choice must be resolved before this action.,Action not applied: finish the current choice first.,,translated,,,tx1_rxmzxoaead6j42xkdhuc6ghcai,row1_2n22w2xs5ohz45ycdlqk5bpgjm,message,,src/coop/BounceToast.tsx:35:14,rev1_881265be776616af45470c49183d4368155debde76e281668d1d7fee5811ffd1
Begin,Player-facing message for the loading begin action interface state.,Begin,,translated,,,tx1_s2767t6w3ojk3broiber5jd7pi,row1_76irvopyvqrmipbx5o57pajhsi,message,,src/cumulus/screens/LoadingScreen.tsx:557:22,rev1_5e767dfc72da9c1a2eb5fdc8329a1a8d2bb6b1d33ce61da2db52af4e2b5c2f0b
Draw — Reopen,Command that reopens a dismissed draw result.,Draw — Reopen,,translated,,,tx1_s45qixi66gtxaglvzujohr4kgi,row1_p72srh4lnqpthlwaztgdloh7au,message,,src/cumulus/screens/BattleResultSurface.tsx:113:15,rev1_282ebd0d3b74de6cfb596bf402c181c658774a5994e96d22b0f4813fab93cf9f
Creating Game,Busy status while a new shared room is being created.,Creating Game,,translated,,,tx1_s4kcqrx3yq54mqwsspyczjzuzy,row1_kimc7tuvrhs56e2qzv67v7bqfu,message,,src/coop/RoomGate.tsx:608:22,rev1_007904fdf0a0615106336d4c1dccf6f78e1d26606527ea9d589c23870e013ada
Purged: {purged_card_count}. Transfigured: {transfigured_card_count}. Made Fast: {fast_card_count}. Nightmares gained: {nightmare_count}. Copies gained: {copy_count}.,Complete accessible inventory for a compound Exploration card mutation. Every field is an independent non-negative persisted deck-entry count and zero is valid.,Purged: {purged_card_count}. Transfigured: {transfigured_card_count}. Made Fast: {fast_card_count}. Nightmares gained: {nightmare_count}. Copies gained: {copy_count}.,,translated,,copy_count; fast_card_count; nightmare_count; purged_card_count; transfigured_card_count,tx1_s54seklpfx6agdhgehmxu3eeti,row1_johwaboh5xgo6sdo5baz7vgkxa,message,,src/cumulus/screens/ExplorationSiteScreen.tsx:6162:15,rev1_bbaf92e9018f79a4a7c863991d373b237f128cd38cf17fd7e058752e610b4e0e
{selected_count}/{required_count} selected,Compact progress shown in the full-screen card picker when no authored subtitle is available. selected_count and required_count are non-negative card counts; the slash notation is intentionally compact for the panel header.,{selected_count}/{required_count} selected,,translated,,required_count; selected_count,tx1_s5q7veavpwgqvmi4re4ltsfw64,row1_27jfbpweips2sqvpqm4bqsz7dq,message,,src/cumulus/screens/MobileBattleScreen.tsx:3616:20,rev1_93d611efc8428cf348ffd0ae71edb87abc90bce17b64e280cabcae289e54cf7c
Gravok's Three-Gate Wager,Player-facing message for the gamble gravok title interface state.,Gravok's Three-Gate Wager,,translated,,,tx1_s5swde7gwnfktgm7brotr67uuq,row1_j5eey2oqrdosoethhwt4p4crwu,message,,src/cumulus/screens/GambleSiteScreen.tsx:505:14,rev1_a49a5706b8d21d60b9e1a396d75b644043918405b3f11c3c6e311c4b918b7895
The battle preview could not be prepared from this game state.,Recoverable error explanation when a battle preview cannot be prepared from the current game state.,The battle preview could not be prepared from this game state.,,translated,,,tx1_s5utuukn34o6t2x2zym2j7ikqy,row1_cgikeg25aixeglico33redo3oy,message,,src/components/BattleSiteRoute.tsx:84:22,rev1_a31f17b93d36cf1a68d177b4b4cd0ba139e45d3aa58889a22f3519bd79b0ebcf
Choose an available option to continue.,Safe instruction for an imported battle prompt whose specific instructions are unknown.,Choose an available option to continue.,,translated,,,tx1_s6o2fnfwkef4ds3hedqku4hifa,row1_mihjrikj75rcsv5zkrupjpyyx4,message,,src/runtime/localization/battle-prompt-messages.ts:30:14,rev1_9d9d66fea33c085bc3bc166e029c24993f4ae150417715872ad8683875685c08
Exploration boon: {remaining_count} free purchases remain.,Persistent live status above a Shop or Dreamsign Bazaar shelf when T82 free purchases are queued. remaining_count is the positive total across all FIFO counters.,Exploration boon: {remaining_count} free purchases remain.,status.freePurchasesRemaining.plural=other,translated,,remaining_count,tx1_s6okfhwwzxi4aoei3o2rekvkdy,row1_53e3wuaxmxpcpf4rhkanqsu6ra,message,,src/cumulus/screens/ShopFreePurchaseStatus.tsx:39:11,rev1_84bc99ed10005e2726d45b3d21eb326a58ffda2b075b5d0808dd1459adf0dd99
Exploration boon: {remaining_count} free purchase remains.,Persistent live status above a Shop or Dreamsign Bazaar shelf when T82 free purchases are queued. remaining_count is the positive total across all FIFO counters.,Exploration boon: {remaining_count} free purchase remains.,status.freePurchasesRemaining.plural=one,translated,,remaining_count,tx1_s6okfhwwzxi4aoei3o2rekvkdy,row1_3otgyhiku4xvuo5phakuzu6ur4,message,,src/cumulus/screens/ShopFreePurchaseStatus.tsx:39:11,rev1_7f32d18ed13091d2110f9390a783aa94ac41ef373e0ef3df7c2c7fb2f57d81d4
Final Round,Label beneath the final round number in a failed Journey.,Final Round,,translated,,,tx1_sab37acaycma6mviynmashng5m,row1_vpdensg2qnqoyim5rbhutunzru,message,,src/cumulus/screens/JourneyFailedScreen.tsx:295:17,rev1_f0c5d204385326d0da6e716ba5ea4fdd0511d840d887ef02d4d6d1762f4cc863
Journey Ended,Title when the Journey ends in defeat.,Journey Ended,,translated,,,tx1_sbht5jf2qsthancsnu3rrm2k6u,row1_giixwwvjin6tac2yi7l75rjxci,message,,src/cumulus/screens/JourneyFailedScreen.tsx:144:25,rev1_61fd7e6099e9f0f8a04a021d7a97d38c64d256ade725ba853c5a6e0b2ece7508
Bet on Nine Gate for {essence_cost} Essence,Accessible command for betting on the Nine Gate. essence_cost is the positive Essence price.,Bet on Nine Gate for {essence_cost} Essence,,translated,,essence_cost,tx1_sbxkrkbied4fh5knpynkveg7jq,row1_nidiyebgoojhdfasykelt4g3va,message,,src/cumulus/screens/GambleSiteScreen.tsx:576:14,rev1_280cc3ea3a1356db70788b498a94b18e3b5a946d41648822b5af6ab8eadd56ef
{before}an eligible card{after},Complete Exploration effect fallback when its authored deck-card target cannot be resolved. before and after are opaque authored effect-text spans surrounding the missing semantic target.,{before}an eligible card{after},,translated,,after; before,tx1_scyvphemsxr2gvbusuvw63qqiy,row1_d646ary67ysjpn5wsgj7cq3aey,message,,src/cumulus/screens/ExplorationSiteScreen.tsx:859:19,rev1_6b708971e73462ccbef5eae040f4ed6353abec11f3028a228429718970e378f5
Card Types Changed,Headline shown with exact persisted before-to-after mappings after one Exploration action changes the effective card type of multiple deck entries.,Card Types Changed,,translated,,,tx1_sef5uo5csxc6nrhuulvu3ymlfm,row1_nx47x3l34hnpbt2mskobp3rx4m,message,,src/cumulus/screens/ExplorationSiteScreen.tsx:6540:25,rev1_35f6d2e6cfb1588e556b3277715e9326b206ed144386063c45463890f870f618
Cancel,Player-facing message for the dreamsign revelation cancel action interface state.,Cancel,,translated,,,tx1_sh5q4ebhwsswdvhw3t6zrwqoiy,row1_b5jqcza6qt3j6kzcgxajkp767e,message,,src/cumulus/screens/DreamsignRevelationScreen.tsx:172:24,rev1_eff88f42eaf5af7b59598168dec29abbd321828c938ebf4b3def4da3bc0757ef
Starter-card changes — purged: {purged_card_count}; gained: {gained_card_count}; replacements: {replacement_count},"Accessible completed-event summary for a persisted Exploration starter-card mutation. The label-and-count structure deliberately avoids inflecting three independent count nouns. purged_card_count, gained_card_count, and replacement_count are exact non-negative deck-entry counts reconstructed from the committed resolution.",Starter-card changes — purged: {purged_card_count}; gained: {gained_card_count}; replacements: {replacement_count},,translated,,gained_card_count; purged_card_count; replacement_count,tx1_shw546xl2pp3camdo5ggsqvvpy,row1_ohh5xygqbg6yqibxondbltp6nm,message,,src/cumulus/screens/ExplorationSiteScreen.tsx:6757:33,rev1_630fab3d3713c53e980fd3005c314b4a727b5f1bb01e25006824199d4bc47931
Begin Battle,Player-facing message for the battle start action interface state.,Begin Battle,,translated,,,tx1_skattmtlycnrmcu3bxqwckpnne,row1_bodm3kxzbh5ojsafnsml7sdq3m,message,,src/cumulus/screens/BattleStartScreen.tsx:479:22,rev1_14d421110c9480108a9c208dd8e6c969179933b7c1c219259bf71058d39a03b8
Yes,Affirmative option in a battle confirmation prompt.,Yes,,translated,,,tx1_skbgfzn35eslr56rhlezlqezrq,row1_juq2pe7u42zklmh6bqhihp4dwm,message,,src/runtime/localization/battle-prompt-messages.ts:15:14,rev1_95a8ac2a2f6ab29f57d22a535d9fd48641cea75028388eeac170f1c64958f221
{card_count} cards transfigured,Accessible name for the review region containing ordinary card Transfiguration mappings. card_count is the positive number of UUID-backed entries.,{card_count} cards transfigured,compoundTransfigurationReward.transfigurations.length.plural=other,translated,,card_count,tx1_slgvtjrjlusoikxpam552n5age,row1_2gx7qtfzypznzovfn4zpt3oyxq,message,,src/cumulus/screens/ExplorationSiteScreen.tsx:6061:21,rev1_e5b35c20241eea00299f3ff5ad8d41aa680c816f221bc88b34d1922f0bae39f6
{card_count} card transfigured,Accessible name for the review region containing ordinary card Transfiguration mappings. card_count is the positive number of UUID-backed entries.,{card_count} card transfigured,compoundTransfigurationReward.transfigurations.length.plural=one,translated,,card_count,tx1_slgvtjrjlusoikxpam552n5age,row1_z2sk2waan6ebyrk3cctlsk4neu,message,,src/cumulus/screens/ExplorationSiteScreen.tsx:6061:21,rev1_a665b2379afde296e5134927d39fc8c7d0906ea601c57d7d5bffbead429a26db
{nightmare_count} Nightmare cards,Accessible name for the complete UUID-backed Nightmare card group in one compound Exploration outcome. nightmare_count is a positive exact count.,{nightmare_count} Nightmare cards,nightmareDreamsignBundleReward.nightmares.length.plural=other,translated,,nightmare_count,tx1_sll3aomgfbsky4bne4aig656ju,row1_l4gb7digicmtoprjis5subk2xi,message,,src/cumulus/screens/ExplorationSiteScreen.tsx:6961:37,rev1_b9336f7b44592b5e3194e93ce766549714ea294278c23b9e984ce980081c85dd
{nightmare_count} Nightmare card,Accessible name for the complete UUID-backed Nightmare card group in one compound Exploration outcome. nightmare_count is a positive exact count.,{nightmare_count} Nightmare card,nightmareDreamsignBundleReward.nightmares.length.plural=one,translated,,nightmare_count,tx1_sll3aomgfbsky4bne4aig656ju,row1_ngg5gsrzwydqn4lpbf5srwd5p4,message,,src/cumulus/screens/ExplorationSiteScreen.tsx:6961:37,rev1_edaf2e0a1711d071a699e606f6ed3d0bf337cd5e6819457128d4f0f39b80b9e7
Cards Transfigured,Headline for an Exploration result containing ordinary card Transfiguration mappings.,Cards Transfigured,,translated,,,tx1_slttkul3rnwvvqaeykwyizstdi,row1_ndo4gfjrjz3urkiggku22wanhe,message,,src/cumulus/screens/ExplorationSiteScreen.tsx:6031:21,rev1_02380bdee6d74ea660f5ff063aa79b66e1cab97e48ddff872ca12188cfec812e
Game Not Found,Title when a requested shared room is missing or unreachable.,Game Not Found,,translated,,,tx1_snptuh4k2hif4jmzrpkul7noxe,row1_pwpuy2kuvvicsyivlx3wivcn2u,message,,src/coop/RoomGate.tsx:645:18,rev1_552041acaee3343c9c286273099dcdb26206f390419ba150cd9381b9db458628
Spark,Visible card-browser sort-field option for printed Spark.,Spark,,translated,,,tx1_spunpxnkek7uwm67ot73fic4ba,row1_ybqgg6lowr2tkw2otntzyka5du,message,,src/cumulus/screens/CardZoneBrowserOverlay.tsx:170:15; src/cumulus/screens/DesktopDeckViewer.tsx:556:16; src/cumulus/screens/MobileDeckViewer.tsx:341:16; src/cumulus/screens/PoolViewerScreen.tsx:422:26,rev1_fe24703521f20b81db43c992f167e689f8ea9483c2749ad7ead1bdfec2928fcd
"{form_name}, {essence_cost} Essence",Accessible name for a selectable Transfiguration form and its price. form_name is the authored catalog name; essence_cost is a non-negative integer. Exact zero describes a free choice; positive values share the same wording because Essence is a game-resource name rather than a count noun here.,"{form_name}, {essence_cost} Essence",form.essenceCost.plural=other,translated,,essence_cost; form_name,tx1_sqjd7un2zmn44auisdiead57ue,row1_uyerql4fpagp3fwmwb2fdtdzui,message,,src/cumulus/components/controls/TransfigurationButton.tsx:77:25,rev1_830ab00e8efea56d8024dc70e5d55fb6c0c0a868ac7df9ffdc447dedf5caef6e
"{form_name}, free",Accessible name for a selectable Transfiguration form and its price. form_name is the authored catalog name; essence_cost is a non-negative integer. Exact zero describes a free choice; positive values share the same wording because Essence is a game-resource name rather than a count noun here.,"{form_name}, free",form.essenceCost=0,translated,,essence_cost; form_name,tx1_sqjd7un2zmn44auisdiead57ue,row1_23jtxl2lr3o65x5nuellphfbp4,message,,src/cumulus/components/controls/TransfigurationButton.tsx:77:25,rev1_701f4f04cf8fea91f1f44117dc931ea5b481c35dafb9bc388fc38f23aeba1db7
"{form_name}, {essence_cost} Essence",Accessible name for a selectable Transfiguration form and its price. form_name is the authored catalog name; essence_cost is a non-negative integer. Exact zero describes a free choice; positive values share the same wording because Essence is a game-resource name rather than a count noun here.,"{form_name}, {essence_cost} Essence",form.essenceCost.plural=one,translated,,essence_cost; form_name,tx1_sqjd7un2zmn44auisdiead57ue,row1_clwnftpbifmcxy4sp4p6p4w5fm,message,,src/cumulus/components/controls/TransfigurationButton.tsx:77:25,rev1_26988b5e34e299147b5121de682cd057aaadeda0566c194a3e96fc0bd58b8ccd
Sort deck by Cost,Accessible name for sorting the deck by energy cost.,Sort deck by Cost,,translated,,,tx1_svszexaeguloome4d5lmxu2bcm,row1_3lcoz3ztfhmrlj5jlsgzopzmiy,message,,src/cumulus/screens/MobileDeckViewer.tsx:377:16,rev1_2f17406875531b74fa3812a4cc47c843a8fa9903c35b3958b7b4e3fec3bb56c3
Opponent Cards · {count},Label for the opposing-player option in a battle zone owner switch. count is the non-negative number of that player's banished cards and can be zero.,Opponent Cards · {count},ownerSwitch.opponentCount.plural=other,translated,,count,tx1_sws57t3dmn6lyk5o2cpoh45o4q,row1_ea5m7pi3l2sg6l56l5lpm32mbe,message,,src/cumulus/screens/CardZoneBrowserOverlay.tsx:289:22,rev1_d87e41fd557805095e9315fd47b60a2025d2f4c71bcea117bf8facaa3c568fa9
Opponent Card · {count},Label for the opposing-player option in a battle zone owner switch. count is the non-negative number of that player's banished cards and can be zero.,Opponent Card · {count},ownerSwitch.opponentCount.plural=one,translated,,count,tx1_sws57t3dmn6lyk5o2cpoh45o4q,row1_oigystkinedpzk6zbyuat7kcdu,message,,src/cumulus/screens/CardZoneBrowserOverlay.tsx:289:22,rev1_51f6e9bfa160d199846a355ad2c84f88cbbe2db632f6ac6278bc01b654642388
Draw {target_label}. Win {essence_amount} Essence and {dreamsign_name}.,"Complete accessible name for a wager prize that includes a Dreamsign. target_label is the authored winning rank or range, essence_amount is the positive Essence payout, and dreamsign_name is the canonical authored Dreamsign name.",Draw {target_label}. Win {essence_amount} Essence and {dreamsign_name}.,,translated,,dreamsign_name; essence_amount; target_label,tx1_t5lqx2oh6escg24q2ommwbjfoy,row1_zbqi5qpkhemt7acakxyfi2ls4u,message,,src/cumulus/components/card/PlayingCard.tsx:641:9,rev1_a0ca5258b64c7a310ee1196358ede22b7992fe0b73cf35c216146bd4cd268923
Search by name…,Player-facing message for the battle zone browser search placeholder interface state.,Search by name…,,translated,,,tx1_tb5hogmyle7g2hchj4wwlti7ru,row1_d77quf4axjxftleijmt6lhf5pi,message,,src/cumulus/screens/CardZoneBrowserOverlay.tsx:326:26,rev1_e25ee520cc364348ee3da3b7e5ef99971173c45b3310b7180b1960a2be0ff513
Choose a card to copy,Instruction for choosing one concrete card to copy into the player’s deck.,Choose a card to copy,,translated,,,tx1_tbkn36wdneiikwaoynbihszcta,row1_7bwvmq7wswrmjddwuekp3srlti,message,,src/cumulus/screens/DuplicationSiteScreen.tsx:117:23; src/cumulus/screens/ExplorationSiteScreen.tsx:7820:31,rev1_c380dd02392f13d9967300c0d2bf8df671a01f77f27f3d6b0156e75e9a6c67d8
Merge {figment_name}?,Confirmation-dialog title for merging one Figment into another. figment_name is the canonical display name of the target Figment and has unknown grammatical gender; activating the confirmation performs the merge.,Merge {figment_name}?,,translated,,figment_name,tx1_tblgqzv5ilszqpms3nnkw6jiwi,row1_rj2xemtjh545vjco2p4xnydhxq,message,,src/cumulus/screens/MobileBattleScreen.tsx:5588:18,rev1_169a88a55e53c25d073075f72e0ac00ea7f7cabd7189abbaebb429b5c9a695e4
Package Debug,Player-facing message for the journey menu package debug action interface state.,Package Debug,,translated,,,tx1_td2oa4jg5p4ra72yunfobpdjsu,row1_z2nb6lzkiuis23yfzt63j34cwm,message,,src/components/DreamscapeJourneyMenu.tsx:103:20,rev1_1d73ec754348364c57ddfa799f0ba8f47ef638676d0acf9f0704fafe6f106084
{card_name},"Accessible reveal description for a Dreamwell card. card_name is the canonical card display name with unknown grammatical gender. has_rules is ""yes"" when authored rules text follows; rules_text is that complete text or an empty string when has_rules is ""no"".",{card_name},"rules === """" ? ""no"" : ""yes"".select[1]=otherwise",translated,,card_name; rules_text,tx1_tdo7g4fwf4jumadndy7vs4q664,row1_wu2zrfp4n7pjjay2j5g5a3lcqm,message,,src/cumulus/components/battle/DreamwellCard.tsx:96:29,rev1_af1593dcbb49dcdca8581ca613affeb1fb4217eb16594787604d0847ba63be1a
{card_name}. {rules_text},"Accessible reveal description for a Dreamwell card. card_name is the canonical card display name with unknown grammatical gender. has_rules is ""yes"" when authored rules text follows; rules_text is that complete text or an empty string when has_rules is ""no"".",{card_name}. {rules_text},"rules === """" ? ""no"" : ""yes"".select[0]=""yes""",translated,,card_name; rules_text,tx1_tdo7g4fwf4jumadndy7vs4q664,row1_2764rhfobnvw6zt6axos7vb7oa,message,,src/cumulus/components/battle/DreamwellCard.tsx:96:29,rev1_39660ca2ab20ecc6b347a5a8e0379d266e733c58ce0b280d4b2932c86237b678
About,Main-menu action that opens product information.,About,,translated,,,tx1_tdxc5kbz6ljl7nsyn5fsvmk4nq,row1_fsxncnxwni33yt5kbfhabwzldy,message,,src/screens/cumulus_adapters/main-menu-view-model.ts:32:16,rev1_542c49b9b454a97f544e4c4709962d3ff8d4e8b335e68540cf90cca4cd399b86
Stalemate,Title when the Journey ends in a draw.,Stalemate,,translated,,,tx1_tfea2wzeesvfpibntqt6icalxm,row1_e3t2ws3lv7dh23ke3wwgkhtpf4,message,,src/cumulus/screens/JourneyFailedScreen.tsx:145:25,rev1_adca7ad020c13e4f5a4a979856763faffcd700ac3d7a30e9ce7d6a77a4542fed
No cards match this filter.,Empty state when the player's non-empty deck has no cards matching the active filter. The player can change or clear that filter to see cards again.,No cards match this filter.,,translated,,,tx1_tfjhzxfummuuwf54y32ij2g73e,row1_telnn7lqf4xfxbnthjg7ch57q4,message,,src/cumulus/screens/DesktopDeckViewer.tsx:729:20; src/cumulus/screens/MobileDeckViewer.tsx:472:16,rev1_144743f2bc5260cfe7ddd80c7e65cc49012250f9280b562abd7d3441a70dad05
Discover a character,Reusable prompt title for choosing one Character card to discover during battle.,Discover a character,,translated,,,tx1_tfki2fcyumzrlzlp2ikzbdprsq,row1_lnd2b2z2lqj4zalpalifzehmki,message,,src/runtime/localization/battle-prompt-messages.ts:10:14,rev1_6cd2edf3b271b8abfb14396be5d25101f697d5cfd97cffadae2e676c9430be9a
Something went wrong,Heading for an unexpected render failure caught by an application error boundary.,Something went wrong,,translated,,,tx1_tj3s27ldwityxeibvemoh7yf4y,row1_e4xks4mz53vbhroxnmjctu5v3u,message,,src/components/LocalizedErrorBoundaryFallback.tsx:42:11,rev1_42ddff21274bb521478b96c76459656b7dba89b6d68b652e80a96a65b6bb68ad
Exploration choices,Accessible name for the group containing the available choices beneath an Exploration site's authored narrative. The current player activates one choice to resolve the site.,Exploration choices,,translated,,,tx1_tn6rtnq4tyoql7amclk65dvf6a,row1_mfdxuv3gmx5lrzpbj4jkalig5m,message,,src/cumulus/screens/ExplorationSiteScreen.tsx:1211:11,rev1_294880083269b18f63a94dbda2f376640b63f1be002e69d6b711cf6ad4d558d7
Choose a card to purge,Player-facing message for the exploration followup choice purge interface state.,Choose a card to purge,,translated,,,tx1_tokxpmrcmcw3bxdi7wpp5p232y,row1_mqb7y5q2en42qivxpug3dkiwba,message,,src/cumulus/screens/ExplorationSiteScreen.tsx:7814:29,rev1_0449a33fce202325c598bbfcf79d27202157a89c7718b2eec1fc9ce9bea0da62
from your hand · {selected_count}/{required_count},Battle card-picker progress for candidates in the current perspective's hand. selected_count and required_count are non-negative card counts.,from your hand · {selected_count}/{required_count},,translated,,required_count; selected_count,tx1_torje5s2xbzq7dsnlzmb3vpwji,row1_3cpg3im4g33m7tit7kxtvbzwoe,message,,src/cumulus/screens/MobileBattleScreen.tsx:3829:21,rev1_febfce67ce944a5d96841046b5b8ae3c22e8b00d8b1a00d7211472ae7dad66ee
Opponent Back Rank,Caption for a card candidate in the opponent's back rank.,Opponent Back Rank,,translated,,,tx1_tppfmxvi7sxvcz4nqepsajcpjy,row1_l57vsktznl26nbwzny2sfpi3vq,message,,src/cumulus/screens/MobileBattleScreen.tsx:3557:9,rev1_21fc802c0d6e91697548adf364ff9494b683706de7474cf1b933c05ce142334a
Delve,Player-facing message for the exploration delve action interface state.,Delve,,translated,,,tx1_trwe3jujqulemleexfkdsfn5ym,row1_gwxfqyyeonehiyxcpnswtrbzzm,message,,src/cumulus/screens/ExplorationSiteScreen.tsx:4219:28,rev1_934e429a92d2006d8ec675aebdbeb3e4a282f279ea8de89ee510487716e26a3d
Close actions,Accessible action name that closes a command menu.,Close actions,,translated,,,tx1_tt2gtxe6t4siwp6wkwvtrkkwza,row1_v3qyxconxsygpjbaetypvy7ppa,message,,src/cumulus/components/overlay/CommandMenu.tsx:322:21,rev1_902b02c28008d094f23e6a2fa1d66e072d7e297fe8b48f7d93b14b21cab820fd
Safe!,Player-facing message for the gamble safe outcome interface state.,Safe!,,translated,,,tx1_tvmuctataxgmkfol4grdacb5eu,row1_yhtqck4b3sdakgyaymqcslzy34,message,,src/cumulus/screens/GambleSiteScreen.tsx:408:14,rev1_7d13ff30bc6931f219f3e648d64aa46aa5124a5eb2c71b56209ed165f669149c
This dreamscape is available.,Accessible state sentence for a Dream Atlas node the player can enter now.,This dreamscape is available.,,translated,,,tx1_twgfa73flvyqvbeviabz2767ku,row1_i6w3vlocmkmght6pg7334mtpve,message,,src/cumulus/components/atlas/AtlasNode.tsx:219:16,rev1_700be2f47d704ee1d07d0c42ec5ff9e3d974b07f3f50f32e585ba1157d63c6c5
We are preparing a shared dream.,Status while a new shared room is being created.,We are preparing a shared dream.,,translated,,,tx1_txecnuttb6zld24d7n5whpnze4,row1_gz4l72mafv5pie6sk2o67ggb5e,message,,src/coop/RoomGate.tsx:604:20,rev1_59199d7c87b97f3fbdb8f1af7c3f4aff474a3fd8376640bd08db010114798776
View deck containing {count} Cards,Accessible name for the Journey status-bar control that opens the current player's deck. count is the non-negative current deck size and can be zero.,View deck containing {count} Cards,deck.plural=other,translated,,count,tx1_u2zz6wzj5afw4lutakyr4g22ma,row1_x2q7y4g3ygruqn6wz2hxjwotvm,message,,src/cumulus/components/hud/JourneyStatusBar.tsx:610:27,rev1_ee26b7ed856c42196f62f2a364ac55f86444e49ad72d3ba2f394f5cfe2619816
View deck containing {count} Card,Accessible name for the Journey status-bar control that opens the current player's deck. count is the non-negative current deck size and can be zero.,View deck containing {count} Card,deck.plural=one,translated,,count,tx1_u2zz6wzj5afw4lutakyr4g22ma,row1_aoanrkdwg3kq4tsyizvxoqkvem,message,,src/cumulus/components/hud/JourneyStatusBar.tsx:610:27,rev1_c7797994786adafe985392a10bcd787908ea3908633fb7a03a75bf610239361b
"Choose a card to wager, then draw one of four suit outcomes.",Player-facing message for the gamble four suit accessibility description interface state.,"Choose a card to wager, then draw one of four suit outcomes.",,translated,,,tx1_u67267r2xromxyghv6racfhnri,row1_hgvq7m33ajw7cvz7tpyugkz4vu,message,,src/cumulus/screens/GambleSiteScreen.tsx:552:14,rev1_fda6ae3d48d020999714d78fc8e57e588b6bb24ddd7fcc4baff350d7b8fbdeb1
Choose a Target,Title above the tutorial battle prompt shown after the current player plays a card that requires a battlefield target.,Choose a Target,,translated,,,tx1_uah4msvwq3oomx6ovsli4necm4,row1_pznhgfqiqpaph6w4b6x6c5uiru,message,,src/cumulus/screens/TutorialBattleScreen.tsx:380:20,rev1_ef7fa82e95d73c43c4b1077be570f04059f084366d1284e44580b1f2056491ed
No cards.,Empty state shared by card galleries and battle-zone browsers.,No cards.,,translated,,,tx1_ubalooikx32c24rztzo2aomyia,row1_lfg45ojtlthlha6qwr53rw775m,message,,src/cumulus/components/card/card-gallery-surface.tsx:811:33,rev1_2dfdb67ce64f4ea25fc3452faa00534282d4c4c2f75cac0a7ab567450866b62f
Built to {deal_size} Cards with a per-card copy cap of {copy_cap}; {facet_drawn_count} of {facet_available_count} theme Tides were drawn.,Visible Pool Viewer diagnostic sentence describing a Tides-built pool. deal_size is the visible nonnegative safe-integer target pool size and governs Card number grammar. copy_cap is the visible nonnegative per-card maximum. facet_drawn_count and facet_available_count are separate visible nonnegative counts showing selected and available theme Tides; drawn can be zero and cannot exceed available.,Built to {deal_size} Cards with a per-card copy cap of {copy_cap}; {facet_drawn_count} of {facet_available_count} theme Tides were drawn.,disclosure.dealSize.plural=other,translated,,copy_cap; deal_size; facet_available_count; facet_drawn_count,tx1_ubavzvyps7o2i66qllw6p6gylm,row1_56xvgemlh6yaxnrs3tcznqsvwa,message,,src/cumulus/screens/PoolViewerScreen.tsx:232:25,rev1_40f7caf0cdcbecfe8351017401a0a13be8ed1efb68f4c8c47ab37edb6bb2c735
Built to {deal_size} Card with a per-card copy cap of {copy_cap}; {facet_drawn_count} of {facet_available_count} theme Tides were drawn.,Visible Pool Viewer diagnostic sentence describing a Tides-built pool. deal_size is the visible nonnegative safe-integer target pool size and governs Card number grammar. copy_cap is the visible nonnegative per-card maximum. facet_drawn_count and facet_available_count are separate visible nonnegative counts showing selected and available theme Tides; drawn can be zero and cannot exceed available.,Built to {deal_size} Card with a per-card copy cap of {copy_cap}; {facet_drawn_count} of {facet_available_count} theme Tides were drawn.,disclosure.dealSize.plural=one,translated,,copy_cap; deal_size; facet_available_count; facet_drawn_count,tx1_ubavzvyps7o2i66qllw6p6gylm,row1_pz3lpkwmfnor2hswqvybc62w64,message,,src/cumulus/screens/PoolViewerScreen.tsx:232:25,rev1_642588570408717910b491256a302fa043d3ec685708c4bc5d7b15fb65906dfd
Dreamtides community,Accessible group name for external Dreamtides community links.,Dreamtides community,,translated,,,tx1_ugafxjwfmkwxcle2rdjxkeko5u,row1_yag7fgfax6z7l3fj3awcfl72pa,message,,src/cumulus/screens/MainMenuScreen.tsx:173:11,rev1_c2802d4580a1aecf3415e573be79065a4eebf28190670163d033cdd0854ed288
Choose this option,Safe option label for an imported battle prompt whose specific option meaning is unknown.,Choose this option,,translated,,,tx1_ugi4skpf7s3yxxm56sz6iydoh4,row1_apr6tnwyu5nvhlphfeu24knhhu,message,,src/runtime/localization/battle-prompt-messages.ts:35:14,rev1_b63ac78f9ac90fc649b041ee9f11e6bab7922bc67662cb9f2b8264f8306e2616
Cards being purged: {purged_card_count}. Rewards being gained: {reward_count}.,Accessible announcement while one Exploration outcome both purges cards and grants rewards. The label-and-count sentences avoid coupling two independent plural systems. purged_card_count and reward_count are positive exact counts; both actions belong to the same resolved outcome.,Cards being purged: {purged_card_count}. Rewards being gained: {reward_count}.,,translated,,purged_card_count; reward_count,tx1_uhb5f4sdlcmayui2qv3pi64sjq,row1_hdbuyxjo4u273a54sdsz4rh7qq,message,,src/cumulus/screens/ExplorationSiteScreen.tsx:2944:11,rev1_bbecb4e94f2fa822da1a8f559faf6e48706fb048fa49cefd24eb0ac638e07ee4
No cards were taken,Completed Exploration outcome when a card-acquisition effect added no cards.,No cards were taken,,translated,,,tx1_ujhi2vl6qy2qmztfy67syzz2pa,row1_2leuby7c6or45da23membfl3oy,message,,src/cumulus/screens/ExplorationSiteScreen.tsx:2921:9,rev1_b92e1f251e503b88f1e3e5c79798fbdb5603a1a871d06ba00eb821a16ef5ceb6
Take Control,Action that claims control of a paused hosted playtest.,Take Control,,translated,,,tx1_ukbcxiwdglqfer3sm7pcp3rvuy,row1_tg5cga7m6yxjjagh4u6onfklqa,message,,src/coop/HostedPlaytestShell.tsx:102:24,rev1_ebb1540b43a2daf2e7bb16d946d995c92e7dd86399464d64078042e8c721acd7
Loading is unavailable in this context.,Transient status when Journey loading is unavailable in the current route context.,Loading is unavailable in this context.,,translated,,,tx1_ulgmr6mfy6yxolfzhspisaxh4u,row1_m6z67ctgvxxsxn6ujmc3a7me4u,message,,src/components/JourneyUtilityMenuController.ts:227:18,rev1_36f2c91443da67f3a5cbb498348941a8c6a765e845257695096be3d244f896a6
Preparing your shared game.,Loading status while the shared game service connects.,Preparing your shared game.,,translated,,,tx1_up5aajpndipqt5fdlb4wzxzd34,row1_63g2ut4iscwb7jrxpvrm4ujywi,message,,src/App.tsx:721:20,rev1_a17462a6409879043ba34f3eb1fd7ab301ed6803cc2faf366c95f139864c735f
Choose Again,Player-facing message for the site choose again interface state.,Choose Again,,translated,,,tx1_upfgqkmoojrrlcuwbzkaftnm5q,row1_ja4x4travyzsn4s775hg3tgn4i,message,,src/cumulus/screens/AugurySiteScreen.tsx:453:22,rev1_f502b9bd40d5a020b2e645d5ea3b9dbc18803ebe210b7c74c7e3109b195703ec
Choose one of three gates and draw a card to resolve the wager.,Player-facing message for the gamble gravok accessibility description interface state.,Choose one of three gates and draw a card to resolve the wager.,,translated,,,tx1_urgy56ggkzxfyhtqwqpc2tj5tu,row1_axq3pszpsclkm6w5wf7oqdmy3q,message,,src/cumulus/screens/GambleSiteScreen.tsx:537:14,rev1_62a6726cd6d80b296e7c36890294b4c46ecd772dd2743efed6bd4d093b635463
Your Deck,Caption for a card candidate in the viewer's deck.,Your Deck,,translated,,,tx1_us6idsgl2hhftpreschmzlquki,row1_w34pvjznnz5re4rqyaqtkofpu4,message,,src/cumulus/screens/MobileBattleScreen.tsx:3545:9,rev1_c2134513fceb7493ce48cc46d544588605461cec03ec421050e5df0d2ac12f14
This game was started on an earlier build. Start a fresh game on the current version.,Explanation that an incompatible shared room must be replaced with a fresh game on the current build.,This game was started on an earlier build. Start a fresh game on the current version.,,translated,,,tx1_usel2vxxi7rswzwop2it3ffmui,row1_yfyxr6weg3vj2q7tbf5nrn7fk4,message,,src/coop/VersionGateScreen.tsx:45:18,rev1_86d86aceda288d00bd99293669be9782a4aa2204bc6314220f6fad649712b7a3
Your next Draft or Shop will contain transfigured cards,Accessible completed-event summary for an Exploration reward that causes the next Draft or Shop offered to the current player to contain transfigured cards.,Your next Draft or Shop will contain transfigured cards,,translated,,,tx1_usguqdfssbqoukffspulhqu5vy,row1_jb6zwytmtx66rogl4kjlxkslb4,message,,src/cumulus/screens/ExplorationSiteScreen.tsx:5304:33,rev1_f7355d2509d17b599beb1dd6fbe796e1a4f6490981b32dd1e026796fffd85081
Connecting…,Presence status while the shared room connection is unresolved.,Connecting…,,translated,,,tx1_v47hyjlgvl7imkdjpc2y2g6nwe,row1_a4driigkrblj2ys3kvjhnqqyda,message,,src/cumulus/components/hud/CoopPresenceStatus.tsx:42:13,rev1_b7ca796d221f13849be868469b9a18df4e19e89b6418755e7398103695180b67
Reorder missing card instance,Accessible command on a drag handle for a missing battle card instance. Arrow-key commands move that physical entry.,Reorder missing card instance,,translated,,,tx1_v4gn6zpovycx3aj5fzwzwyozoq,row1_ziakzoo4wh7743o4hf74ay3uja,message,,src/cumulus/components/controls/CardOrderEditor.tsx:172:15,rev1_733f4c76a2de02813baa3efb6b14eaaf58247a4b247522b0498f290a45ca44fa
This is the starting dreamscape.,Accessible role sentence for the starting node on the Dream Atlas.,This is the starting dreamscape.,,translated,,,tx1_v4mrtunda253i67lrppwpihgey,row1_cfwh35xrrive5qejfl5qp3lxt4,message,,src/cumulus/components/atlas/AtlasNode.tsx:237:9,rev1_17712c87b9cb6cf0024a5d920caedbcb7c8bb1f1a3a88b17e1791cfbf818f91e
Keep Inspecting,Command that dismisses a defeat or draw overlay while leaving the battlefield visible for inspection.,Keep Inspecting,,translated,,,tx1_vcbmfae6wslmmzyxqxxwljyyo4,row1_lq7qu654iugbkmml2xlnxjgwqm,message,,src/cumulus/screens/BattleResultSurface.tsx:382:24,rev1_8194df6ca4697a3933f1aa3f70571fb03475a44d66fe54970ba710641969c8ee
Just Drawn,Caption below a battle card-picker candidate that was just drawn.,Just Drawn,,translated,,,tx1_vcottemxkfdhpy2jnmaggcuqke,row1_c6c7it42u5u7uzuuiunriqmp6y,message,,src/cumulus/screens/MobileBattleScreen.tsx:3529:12,rev1_dbf13f43567278759904c17a7575ac31ba070c3305fa37ed7a779228f8c97c3f
Wager Returned,Player-facing message for the gamble wager returned outcome interface state.,Wager Returned,,translated,,,tx1_vd5tjayi24pgqprlbdgxnupnq4,row1_kfr3cztgul3ivl2nwr6lpvgsum,message,,src/cumulus/screens/GambleSiteScreen.tsx:458:14,rev1_3459b87aec63002ff7d4894afc355881fe8433f421a93df26f8e03941660df9a
"This part of the screen hit an unexpected error. The rest of the app is still working. Try again, or close this and return to where you were.",Explanation for an unexpected render failure; technical details appear separately when available.,"This part of the screen hit an unexpected error. The rest of the app is still working. Try again, or close this and return to where you were.",,translated,,,tx1_vd66wad5aichc7i5nkq72mcire,row1_hm74lnydlfmjhezwh4vaosfh4e,message,,src/components/LocalizedErrorBoundaryFallback.tsx:50:11,rev1_aad4fed65c46c5b92b07608d1e199e0a4ca85350b247a8e994ad9f689319681b
Next Phase,Primary command that advances to the next battle phase.,Next Phase,,translated,,,tx1_vg66c5jw25drb4nw5nklhvf6q4,row1_4pcy6vcxmimp5cdmhpc6nw3wv4,message,,src/cumulus/screens/MobileBattleScreen.tsx:3961:27,rev1_263d34bea42e385ca5574a359660794747ff80ee9523f542bfc5d1ab165c82f8
Sort cards,Accessible name for the Pool Viewer selector that chooses the card property used for sorting.,Sort cards,,translated,,,tx1_vh3jfq47d3qrtsjgzgtuziizii,row1_mb63a62mk4x7rcjdsxp6vs7nxm,message,,src/cumulus/screens/PoolViewerScreen.tsx:274:32,rev1_6d12d05c97d2bee48e3ae6453470935c0ddbc54a21050e709a632fa4f79b0953
Purging {dreamsign_name},Accessible announcement while an Exploration outcome purges a Dreamsign. dreamsign_name is its canonical display name with unknown grammatical gender.,Purging {dreamsign_name},,translated,,dreamsign_name,tx1_viraf4zgdcxhdvkfeyf6th5ms4,row1_h7pqobt2q3r4lxhhqwv2rst4si,message,,src/cumulus/screens/ExplorationSiteScreen.tsx:5846:33,rev1_cb1d7379e9283d74185a28164c77bb6b31b710a5c9841eca600df43b82538247
"{card_count} Spirit Animal cards grant {total_essence} Essence total, {essence_per_card} each",Accessible summary of an Exploration outcome that converts Spirit Animal cards into Essence. card_count is the positive number of affected cards; total_essence and essence_per_card are non-negative Essence amounts.,"{card_count} Spirit Animal cards grant {total_essence} Essence total, {essence_per_card} each",essenceReward.cards.length.plural=other,translated,,card_count; essence_per_card; total_essence,tx1_vk77tavgpmjlyolv6dspvjphrq,row1_corcy7sbyimu4p4k3r5im5dmvy,message,,src/cumulus/screens/ExplorationSiteScreen.tsx:7237:33,rev1_5ae86e228ae83d49431c8ca590a499ad4085281f1feb2227e00b9cd0d579c139
"{card_count} Spirit Animal card grants {total_essence} Essence total, {essence_per_card} for that card",Accessible summary of an Exploration outcome that converts Spirit Animal cards into Essence. card_count is the positive number of affected cards; total_essence and essence_per_card are non-negative Essence amounts.,"{card_count} Spirit Animal card grants {total_essence} Essence total, {essence_per_card} for that card",essenceReward.cards.length.plural=one,translated,,card_count; essence_per_card; total_essence,tx1_vk77tavgpmjlyolv6dspvjphrq,row1_jceidm43ctjlglyqvbhl6buxqq,message,,src/cumulus/screens/ExplorationSiteScreen.tsx:7237:33,rev1_76c54af374aa0f203e505dcd8dd07a2d27d1ca81c458cf946c84f9deeb846cd4
Top to bottom. Confirm commits one battle command.,Instruction beneath the battle deck-order title. The player arranges cards from the top of the deck to the bottom before committing one battle command.,Top to bottom. Confirm commits one battle command.,,translated,,,tx1_vlecbi55vknnabq4e2bnw3aw5y,row1_z2n62kbxo457yb4gk3ir5onooi,message,,src/cumulus/screens/battle-overlays/BattleDeckOrderOverlay.tsx:64:17,rev1_a239a4824a085e1673e481b477d033872cd4671bd6dfba8073af9ada104aa71c
Opponent challenger,Accessible name for the opposing challenger card in a battle challenge.,Opponent challenger,,translated,,,tx1_vm3c2bitxcvrqxxmwxcen53mqq,row1_2hahf43un2suyqc4usmyazxpzy,message,,src/cumulus/screens/MobileBattleScreen.tsx:1578:13,rev1_8725a506d17d971888829b94eb7e963d7627d41986dc1de305da961024c4bebf
This Game Uses Different Settings,Title for a shared-room gate whose content settings differ from this client.,This Game Uses Different Settings,,translated,,,tx1_vmerx4bppkmz5dfbfglpfzewua,row1_rytcwxctgloxst2fd4iaince7q,message,,src/coop/ConfigGateScreen.tsx:30:16,rev1_b450c04bc0261656912d2bf2ef8359192a6d32a65241cbd7a88d4d65d15b4835
Missing card instance,Fallback label in the battle deck-order list when a persisted battle card instance cannot be found.,Missing card instance,,translated,,,tx1_vngpv3dxxnjhzgc3zzszln7j3y,row1_uzm2fng7ux3vy4uckh5uqvocqy,message,,src/battle/components/BattleDeckOrderPicker.tsx:34:35,rev1_a3e565013b3223a01b5149e1a09c0c29fdcc0229a5bb4191ddd880c968711310
Battles Won,Label beneath the count of battles won in a failed Journey.,Battles Won,,translated,,,tx1_vnkfouobha4uprfjr6u3imvmwm,row1_gwtr4paqxepxkezi7nynegkz6m,message,,src/cumulus/screens/JourneyFailedScreen.tsx:293:15,rev1_19ca20fa6dd05359aa43286fbf0888bb03d3499282e7956b6fa91db8699aa606
Draw against four successively easier targets. Each success gains essence.,Player-facing message for the gamble ladder rules interface state.,Draw against four successively easier targets. Each success gains essence.,,translated,,,tx1_vnsmbctlfuztse6p3vpugvugxi,row1_fdnbwnnnoymhnrcudzolrah4yy,message,,src/cumulus/screens/GambleSiteScreen.tsx:480:14,rev1_7ff81457a5f033c4e5b86feac6e9221bc7bb0773a3f91a5908495d3bec315df7
{count} memory counters,Accessible name for the Memory status badge on a battle card. count is the positive integer number of Memory counters currently stored on that card.,{count} memory counters,card.storedTime.plural=other,translated,,count,tx1_vpd3pxldyujgp3ww574suxadia,row1_lisa5x2loaivgp4tjzx7kt6tai,message,,src/cumulus/screens/MobileBattleScreen.tsx:2072:31,rev1_dbc8b1161e589c7945ba4ce9d206a2639d09a2607418ed05d25b5e2242253ced
{count} memory counter,Accessible name for the Memory status badge on a battle card. count is the positive integer number of Memory counters currently stored on that card.,{count} memory counter,card.storedTime.plural=one,translated,,count,tx1_vpd3pxldyujgp3ww574suxadia,row1_j6hqmnafbl2g6ifmzj2iqrtpwe,message,,src/cumulus/screens/MobileBattleScreen.tsx:2072:31,rev1_62bd2ad44140a53d2465d262e32901a7a86c7fbe62e4075a84547a701e34c415
Changed by {form_name},Accessible sentence naming the Transfiguration form that changed this card stat. form_name is the authored form name and has no grammatical-gender metadata.,Changed by {form_name},,translated,,form_name,tx1_vr2wootrqbffx23tdlpb7gf3pm,row1_afjsai5zog6vglftchdup2dnhu,message,,src/cumulus/components/card/CardStatOrb.tsx:221:13,rev1_b3223e69a027b6e3edb525e7f2ccbab1af51ddd43d9874804d00c9a50d9c5d4c
Settings,Main-menu action that opens application settings.,Settings,,translated,,,tx1_vrqshj4jhzpdfzbo2xkrmrek6y,row1_5osrvv6vgeb73a4574aawqxolu,message,,src/screens/cumulus_adapters/main-menu-view-model.ts:25:16,rev1_beadcb835b041bd5de0c80de1dcf43039cc7da7ce8c5ba35eb515dfbcae00c74
Choose a card to wager,Player-facing message for the gamble four suit rules interface state.,Choose a card to wager,,translated,,,tx1_vt2iywy3c5ftloy3pzx3cf6v3y,row1_wvy6iwyk6z2qmrthwidh6sekea,message,,src/cumulus/screens/GambleSiteScreen.tsx:490:14,rev1_f386ece641f521c8efd77458df7e0882ffe9b770a98f58a689a1abc97b12bae9
End of This Turn,Player-facing message for the battle card note expiry this turn interface state.,End of This Turn,,translated,,,tx1_vtthaa5s4ffkk3hpzybcaurcve,row1_wlb5txzxpx54bmeybnkpeb6rmm,message,,src/cumulus/screens/battle-overlays/BattleCardNoteOverlay.tsx:131:24,rev1_8426483abe9dca4a6673da254e4e7dcc665993b05cc531d920e3e41195108880
Sort ascending,Accessible command name for sorting the visible card collection in ascending order.,Sort ascending,,translated,,,tx1_vubikqtbdevpm7763ug6azn2cm,row1_k5vp4liw6iohpsnpdspn7uzlo4,message,,src/cumulus/screens/DesktopDeckViewer.tsx:662:24; src/cumulus/screens/PoolViewerScreen.tsx:354:24,rev1_1e5d202c373073a2b1eb8c6e4d582f8412773c85b61b385436ebd468bba401b2
{dream_avatar_name} is now your Dream Avatar,Accessible announcement after an Exploration outcome changes the player's Dream Avatar. dream_avatar_name is the canonical display name with unknown grammatical gender; “your” addresses the current local player.,{dream_avatar_name} is now your Dream Avatar,,translated,,dream_avatar_name,tx1_vyqrrrvip3thmulnccs5h7gufi,row1_caeqxxd3oh2rvryga66g564shy,message,,src/cumulus/screens/ExplorationSiteScreen.tsx:5149:33,rev1_86b7adb32c23f8529d180b21b4f044b8c975a1f6eb248a5c59f43a3a2f394f64
Card awaiting a target,Accessible name for the staged battle card that the current player has played and must now assign a legal target to.,Card awaiting a target,,translated,,,tx1_vz7tb53lapcfdkrg5tnydxf72i,row1_3afm6syxnoyqoyl65wjebbs5uu,message,,src/cumulus/screens/MobileBattleScreen.tsx:3175:27,rev1_965ef08a5e4e5f563dd8f32e419083e59effe6b5c9193872e2ae8fa45259f7ce
This run has no Tide decks.,Visible Pool Viewer empty-state sentence when the run has no Tide construction inputs.,This run has no Tide decks.,,translated,,,tx1_w2hr67qxvw7akms7dfntepxqj4,row1_gac4vc3qcde3hxdw2yttg6v5va,message,,src/cumulus/screens/PoolViewerScreen.tsx:320:26,rev1_782f4b5d78fab6f9ac044e1a745187f27f4f9c837535677983b5b2b0db34975f
Opening QA Scene,Loading title while a requested QA scene is prepared.,Opening QA Scene,,translated,,,tx1_w4hxvszo5vzz5qbcbl5gnlvp7q,row1_svo5sfocxwjip4leqlne73xr5q,message,,src/App.tsx:335:18; src/App.tsx:343:22,rev1_cc2f28e80b57a91c78b123e27ae7e2932f8b5b5e77865af9631d2d1b4b9aebd5
Choose a Dreamsign to Replace,Heading for choosing which held Dreamsign to replace after gaining one while at capacity.,Choose a Dreamsign to Replace,,translated,,,tx1_w4pf2m4swjwc7v5pdm3jg2vwvq,row1_3hruqpm3au2nimxo6tgy6rncwe,message,,src/cumulus/screens/DreamsignReplacementDialog.tsx:43:14; src/cumulus/screens/ExplorationSiteScreen.tsx:8235:35,rev1_523c99a0ffd79fbc9f4ebdd2ff15f8cddfbec054d8ea3b178d5376fe7569dfbb
{replacement_count} cards replaced,Accessible completed-event summary for an Exploration action that atomically replaces ordinary deck entries. replacement_count is the positive exact number of source-to-minted mappings in the committed resolution.,{replacement_count} cards replaced,cardReplacementReward.replacements.length.plural=other,translated,,replacement_count,tx1_w4xoebydoq5xpzqh7urxtooryy,row1_tzm2mrcrtz5qy3glr2c66fwmny,message,,src/cumulus/screens/ExplorationSiteScreen.tsx:6633:33; src/cumulus/screens/ExplorationSiteScreen.tsx:6681:33; src/cumulus/screens/ExplorationSiteScreen.tsx:6808:33,rev1_51f65d402767ed80eeb9ec7a73e84a77e1c3bff8a20ffc6c979c9d8574cebffa
{replacement_count} card replaced,Accessible completed-event summary for an Exploration action that atomically replaces ordinary deck entries. replacement_count is the positive exact number of source-to-minted mappings in the committed resolution.,{replacement_count} card replaced,cardReplacementReward.replacements.length.plural=one,translated,,replacement_count,tx1_w4xoebydoq5xpzqh7urxtooryy,row1_63edesztzuwdjkfuxdotmxwp5q,message,,src/cumulus/screens/ExplorationSiteScreen.tsx:6633:33; src/cumulus/screens/ExplorationSiteScreen.tsx:6681:33; src/cumulus/screens/ExplorationSiteScreen.tsx:6808:33,rev1_3b3cae2506e01d3b5ca6fb5d9e7876ae1042590499fdac7a3e65f7ef5e0585aa
"Loaded ""{save_name}"".",Transient status after a Journey save is imported. save_name is the player's authored save name and remains grammatically opaque.,"Loaded ""{save_name}"".",,translated,,save_name,tx1_wavinoxrouacrklwficimcfnue,row1_uogwvl2fwjchctqxgn65olmxwq,message,,src/components/JourneyUtilityMenuController.ts:247:18,rev1_6461f7357a1b8213799d90979f1b7fc43975110b3b8465f86de69dcdbbbd8f96
Merge,Visible command that confirms the pending Figment merge.,Merge,,translated,,,tx1_wdctsc43bjjkxavjzdhll5yk7m,row1_ydg467oljhzlnotat5ojz23z74,message,,src/cumulus/screens/MobileBattleScreen.tsx:5640:24,rev1_830e2c10a19df1981a36db54de32055820d6a1d6886594204c9f6c68946e58aa
Energy added,Accessible name for the numeric Energy-added orb on a Dreamwell card. The visible numeral is inside the same labeled element.,Energy added,,translated,,,tx1_wdnywfwfvhpr45yhbppqokbgmu,row1_hlseowh7rocz2ytezufzld646i,message,,src/cumulus/components/card/CardStatOrb.tsx:165:11,rev1_ee3f574e57dcfbd38d2413e89da5f10889ce17960e8137ad30ec33b470ea6957
Preparing {room_id}.,Loading status containing the opaque room identifier of the shared game being prepared.,Preparing {room_id}.,,translated,,room_id,tx1_wi3rqao3vtqkpxl65o3vqaahca,row1_o2bson3c7yb23dlgdjw6s6vcr4,message,,src/coop/RoomGate.tsx:573:22,rev1_40e12b116739fc98eb700679e69ac81a129316130f33b1444104764ef4b3367e
{essence_per_spark} × {spark} ✦,Calculation detail for Essence gained by purging a card. essence_per_spark is a non-negative Essence rate and spark is the purged card's non-negative Spark value; the total Essence payout is rendered separately.,{essence_per_spark} × {spark} ✦,,translated,,essence_per_spark; spark,tx1_wlr7oex2lo6ldjffku2ld4tc2u,row1_i3h4nyqhyn5r3lh5z2ehuafzlq,message,,src/cumulus/screens/ExplorationSiteScreen.tsx:5823:23,rev1_a8947148b75acde294009f7a02eb76d6cee675f052661e2793d40ffd6d89fa94
The visions are clouded. Walk on for now.,Player-facing message for the augury unavailable guide line interface state.,The visions are clouded. Walk on for now.,,translated,,,tx1_wrphix75j7uy3wokigihwnhhc4,row1_lj5ldxyzlm46x2nxpdboy2n3sy,message,,src/cumulus/screens/AugurySiteScreen.tsx:167:28,rev1_22755b4f902cb3bac01350ff92b973e85a61f7bdff219467058119beb4b601ad
All costs,Compact visible Pool Viewer Energy-cost filter option. The same source label is used for the no-filter option and the exact-cost zero-through-four options.,All costs,,translated,,,tx1_wrzxm5souzi7zkl7uoby2hefsy,row1_xv5rlgyoid4cmhx4eidclbjwra,message,,src/cumulus/screens/PoolViewerScreen.tsx:372:22,rev1_63e5b872e53265161b7e09318b28d810a08162b587a03515ef433fddc923f0f5
Foresee 1 fewer,Player-facing message for the battle foresee less action interface state.,Foresee 1 fewer,,translated,,,tx1_wuxgqhh5rfjiovkc3twnnmosqi,row1_dauvpisdpty42qw7ccfabbv5sy,message,,src/cumulus/screens/BattleForeseeOverlay.tsx:399:20,rev1_d5a6389348ce0fc875883af9631212409f804b6622375fa28bc47704ea138c3a
"Downloaded ""{file_name}"".",Transient status after a Journey save download. file_name is a generated filename and remains an opaque technical value.,"Downloaded ""{file_name}"".",,translated,,file_name,tx1_wvb5ajhulkx2z6wuout7kgsk7q,row1_naq5ouvb4wqxpwpnxvbnavnpzm,message,,src/components/JourneyUtilityMenuController.ts:202:18,rev1_fc20d70d84649a904bfc8808b955972cac57df377bea994a82ef2802d21f5cf0
Choose Its New Form,"Title above the form choices for the currently selected card. ""Its"" refers to that card and avoids assuming grammatical gender for its display name.",Choose Its New Form,,translated,,,tx1_wvryy42zlbifup3xpjgqccpowm,row1_3tu2ttp5itnix2rzs5p2oex6iq,message,,src/cumulus/screens/TransfigurationSiteScreen.tsx:484:16,rev1_1b4be501a3399d79a66fbd1b763ad75078eb2198f4d9410d5266e263719a1df5
Won!,Player-facing message for the gamble gravok won outcome interface state.,Won!,,translated,,,tx1_wvvxqtfwge5rsj2z5beacqzoci,row1_scqmiktowpxkox5fmtaxrlhoa4,message,,src/cumulus/screens/GambleSiteScreen.tsx:394:11,rev1_0499ac127b67d9081c1cc2299bf29875115dd85df33ebd31f9a6ccbf6abbad83
The active run pool is shown with its remaining copies.,Visible Pool Viewer disclosure sentence explaining that card quantities are the current remaining copies in the active run pool.,The active run pool is shown with its remaining copies.,,translated,,,tx1_wwy4tu7k3u3nrdzfwqzo52g6iy,row1_io4d4ipuzgwmgbv6b4rkx7xxyq,message,,src/cumulus/screens/PoolViewerScreen.tsx:245:25,rev1_8a73859024c58efceb391593af46235299740c7a9c3e7b70284b412c80a45dd8
GitHub,Main-menu external link to the Dreamtides GitHub community.,GitHub,,translated,,,tx1_x2bsyfivesb3uxfjqyl6nwvmcy,row1_qgez2gzdfo22fywahzaqjwfwai,message,,src/screens/cumulus_adapters/main-menu-view-model.ts:42:16,rev1_383472d1d8cb128bf4709d24d73e0c440fac3bea8820a96791ecd8771797d0aa
Journey Content Failed to Load,Recoverable error title when Journey content fails to load.,Journey Content Failed to Load,,translated,,,tx1_x3cmsietc5cc2pq2l2asj2a7ky,row1_k2tykxvep755fk6fiwstlmwpku,message,,src/App.tsx:638:18,rev1_d886f78cbc5004dc48f7d121902e2455827ed2c22e70b5243bdf7026d3f691b3
Face-down card {position},Accessible name for one unidentified card back within a separately labeled battle pile. position is its positive one-based depth from the top of that pile.,Face-down card {position},,translated,,position,tx1_xaidkmung6qmwmzwfgw2hggi54,row1_4q4sfk3q6bbbf3zc6ikbwoxuky,message,,src/cumulus/components/battle/CardPile.tsx:177:24,rev1_a6e290b7c4c5155e521ec3f687cdbc208c79996d487f68754c2181bf70014ca0
Filter deck by Events,Accessible name for the deck filter when only Event cards are included.,Filter deck by Events,,translated,,,tx1_xardpcu5iwn3y6qnendrhxjasi,row1_msdwhwkw3bcoddc4ed56cxtwyi,message,,src/cumulus/screens/MobileDeckViewer.tsx:359:16,rev1_8ab84e91187cef53860a6a0e1792f858e32bf6b77e028d5bb12ad5650547c10b
Opponent Rules,Comparison-row label for the shared room's opponent rules fingerprint.,Opponent Rules,,translated,,,tx1_xc4du2e7qld3jwhyxktznifjme,row1_aqnpj2aorhet5jqqm7dyzg4ozi,message,,src/coop/ConfigGateScreen.tsx:117:14,rev1_d40d815de97bcc4264db715deabcfeeceb3e5f41e73d29b75faa9ad69b2aa933
Opponent Front Rank,Caption for a card candidate in the opponent's front rank.,Opponent Front Rank,,translated,,,tx1_xdart7zqrvnd2hedm63aq2m5x4,row1_3smohswg3h4b6hxwhjutkv5gmq,message,,src/cumulus/screens/MobileBattleScreen.tsx:3568:9,rev1_d8033fb81e549ad09c4cce71598fc511e35809a4ca9adc08890fd458b6ac1906
Pool Viewer,Visible Pool Viewer heading for the Journey utility overlay.,Pool Viewer,,translated,,,tx1_xelbvwzvolndds2zhu3orem4kq,row1_ptkcczyi3jz4a5wohxx5ksov3q,message,,src/cumulus/screens/PoolViewerScreen.tsx:389:25,rev1_7f8c47338ed0cb1ca850078cd32b0102255b6e9a12537c98bd1f9ba535466640
Connection recovered — unconfirmed actions were discarded.,Transient status after reconnection discards shared-game actions that were never confirmed.,Connection recovered — unconfirmed actions were discarded.,,translated,,,tx1_xgq25gmofhf7orbqjbiy7o7f2a,row1_6qgtaunjixosm3767tsu2hxciy,message,,src/coop/BounceToast.tsx:22:57,rev1_8049757b7d52458cfcd43aaf0c305060e7f78cfd18fce935e5ec27f62283c1d9
Pool construction,Visible title of the Pool Viewer disclosure identifying the active pool-construction algorithm.,Pool construction,,translated,,,tx1_xils7sji7oefe2pdtg3bxqig7u,row1_vlnoio4ncogo7khusbftp447tu,message,,src/cumulus/screens/PoolViewerScreen.tsx:205:17,rev1_f40727a70eaa81646f64c360db52216b62cdddbe5d89ea8d6abd69f2bf2a6434
Use one fewer turn,Player-facing message for the battle card note fewer turn interface state.,Use one fewer turn,,translated,,,tx1_xilzereezez43v4b7k52t4sxza,row1_t4s3y4bt6rueiiwjn5d4d5l7fq,message,,src/cumulus/screens/battle-overlays/BattleCardNoteOverlay.tsx:165:31,rev1_0262415ffbc7433a604f3249ad1ca66b9b1d156b905bc0a8f1f22ebe672db6a0
The playtest is paused. Take control when you are ready to continue.,Status explaining that a hosted playtest paused after its controller disconnected.,The playtest is paused. Take control when you are ready to continue.,,translated,,,tx1_xjea7b5jhn2fvrnfg4ctcco2bm,row1_3dx6fyuyzqiu32ntwqtarl5qvi,message,,src/coop/HostedPlaytestShell.tsx:115:17,rev1_e90ad75f93fce25b363f39ffbfda444f76a787a160057844c3cd721336a84e71
No legal battlefield cell is available for this movement.,Error when a tutorial movement has no legal destination.,No legal battlefield cell is available for this movement.,,translated,,,tx1_xjrc2rudq2i6poeto36idtlioa,row1_l5p6amfg27wql2ivb5o5xvzaxe,message,,src/cumulus/screens/TutorialBattleScreen.tsx:415:21,rev1_af4569d48336bb55d03e6a001cdab44ab074ba480371fbaf56f78f5c0476d379
Regenerate Atlas,Player-facing message for the journey menu regenerate atlas action interface state.,Regenerate Atlas,,translated,,,tx1_xjyx6zgo5gj7rfycrq7flggola,row1_f64gy42h2szuty2lw2tujin2nq,message,,src/components/DreamscapeJourneyMenu.tsx:143:20,rev1_bdd7b31ce051d2022172ac1dc4b9deeb0acb180bcdf60bc1aa032b2bb54d9433
Duplicate,Command that duplicates the selected card.,Duplicate,,translated,,,tx1_xlcbegxs7fl6xv2lpdxibimrci,row1_etpvcmx3jctxkfm2egxhbud7i4,message,,src/cumulus/screens/DuplicationSiteScreen.tsx:131:23,rev1_47774c63986a4232425ba3062445324479c18154764f9dc98f0cfbbd753a31dd
"Your turn, Dusk phase",Accessible battle phase for the local side during Dusk.,"Your turn, Dusk phase",,translated,,,tx1_xmtfvjyzdzylhy6jcb5cww2cx4,row1_sg7lxsh3tr3g2yo3vpuxlvig74,message,,src/cumulus/screens/MobileBattleScreen.tsx:1405:15,rev1_3d974c665d3d6612470d9b2f37a3e090290a4585eab7af76d00892d09b32554d
Expiry,Player-facing message for the battle card note expiry label interface state.,Expiry,,translated,,,tx1_xnitk35yud4sr4l2flnruswy3m,row1_mtyrfdjygvawvihcq5ocied2j4,message,,src/cumulus/screens/battle-overlays/BattleCardNoteOverlay.tsx:109:22,rev1_f5494a994d85097b070baa60afc33ebe6dca2379a71c839823c4388084e42ad6
Unable to Prepare Battle,Recoverable error title when a battle preview cannot be prepared.,Unable to Prepare Battle,,translated,,,tx1_xofvm65ebl7ukakyc34qguffzu,row1_e7nm3f52prcnpzcro7c2mumblu,message,,src/components/BattleSiteRoute.tsx:80:20,rev1_ef342cd9fc277063368fcfc237e808429081de749a0cc8382aae913b410e95c7
That path is closed. Choose again.,Player-facing message for the augury error path closed interface state.,That path is closed. Choose again.,,translated,,,tx1_xpo5ru6lsugvyveaeno6lwllpu,row1_3wiautgqintkynucxlhptamawy,message,,src/screens/cumulus_adapters/augury-view-model.ts:810:14,rev1_378164b06ea13507806190ae21790b411c2f0c5e97286748daa4f6ec70ce6a59
"Opponent’s turn, Night phase",Accessible battle phase for the opposing side during Night.,"Opponent’s turn, Night phase",,translated,,,tx1_xrvbapklkq45pajv5s2lqbqn4q,row1_lcxn4lmfpgmvovf64i4f7xsz3a,message,,src/cumulus/screens/MobileBattleScreen.tsx:1416:17,rev1_cbe47dbf5eb352db1b85f2bc9cd8cfd64b3f6abc0bcfdd46ba95444074379b69
Close Dreamwell history,Player-facing message for the battle dreamwell history close action interface state.,Close Dreamwell history,,translated,,,tx1_xs5awtfwfdzw3uqsk2ve4pkqeu,row1_otaxisjugaizkv7h2ulsyvn4va,message,,src/cumulus/screens/battle-overlays/BattleDreamwellHistoryOverlay.tsx:38:19,rev1_b7974b2378e616ef03aae44bb552d03d5d909687ed38eda71dff04f0026c2bec
Every item in your next Card Shop will be free.,Accessible announcement after Exploration queues the T56 visit-wide future Card Shop benefit.,Every item in your next Card Shop will be free.,,translated,,,tx1_xsx2pqnwhkrf2guauntiveeala,row1_pltwvonsijir3rh3axkkggf7ey,message,,src/cumulus/screens/ExplorationSiteScreen.tsx:5214:19,rev1_28f1d7171f02819752f51777b8d93d798c8b44ab3b06a39b349e1100c5a7b47b
Failed to create game.,Failure detail shown when creating a shared room fails without a technical error message.,Failed to create game.,,translated,,,tx1_xugayl3jqvcispgnfgj2qyt4oq,row1_56bkkw2pznk4lo473rpyg4hq4u,message,,src/coop/RoomGate.tsx:377:30,rev1_b6c79be8482457be63c15694ccef7a161324ca7b1abdbf4bd30eaf8e068cea18
Site Added,Visible reward announcement after an Exploration action adds one persisted site to the current Dreamscape.,Site Added,,translated,,,tx1_xwiltklhakgzky2ysualvohzgy,row1_nv2xg3lw63zv6a3epi6h2sitxq,message,,src/cumulus/screens/ExplorationSiteScreen.tsx:5380:25,rev1_5c05fdc33b5cf57be5eb7aefb9a417273691cdc6496aff71bb3b4c96601da7ad
Climb to tier {tier_number} for {essence_cost} Essence,Accessible command for climbing Starway Stairs. tier_number is the one-based destination tier and essence_cost is the non-negative Essence price.,Climb to tier {tier_number} for {essence_cost} Essence,,translated,,essence_cost; tier_number,tx1_xyufyvcs4b5jceoyp4kfl243ha,row1_i6etjhvk25qdts4hdxlmjhwmfa,message,,src/cumulus/screens/GambleSiteScreen.tsx:2278:27,rev1_901933aecb132482a835bf157964f558efac0805868da2e84964c60a980e44ed
Battle vs. {avatar_name},Player-facing message for the battle start title interface state.,Battle vs. {avatar_name},,translated,,avatar_name,tx1_xzr5tzbme4tvzg5yqn66rfm5ym,row1_45gly5lsxaa3z24cxirp6676bm,message,,src/cumulus/screens/BattleStartScreen.tsx:318:24,rev1_e109707c781ab91216adf51d784202d1bf6748a821b7c8b213b7c68178b107c9
Choose Another Card,Player-facing message for the gamble choose another card action interface state.,Choose Another Card,,translated,,,tx1_xzym6ce56q3art5jiyaym7pi2m,row1_3spvpssuc4bq52pl3xeihcwaum,message,,src/cumulus/screens/GambleSiteScreen.tsx:351:14,rev1_a309587881c1f0a813d9a46d16a282a1dfa9966c0983f801630a93e19cb2e659
Opponent Void,Caption for a card candidate in the opponent's Void.,Opponent Void,,translated,,,tx1_y3lszcseubzzjaodylaymcqrni,row1_kkjs5oqb3fbczw325dumdqwr4q,message,,src/cumulus/screens/MobileBattleScreen.tsx:3576:9,rev1_eafe96b7c04bbae025cabe805de84bf59e984f9f5c5437ce045f61a41589a5f0
Choose Replacement,Visible command that opens the required Dreamsign replacement picker after a Gamble reward would exceed the current player's capacity.,Choose Replacement,,translated,,,tx1_y4jogr46fyaku3lowjocazqlrm,row1_rsldvjt5qkmwhhzi4i36pkn6de,message,,src/cumulus/screens/GambleSiteScreen.tsx:1647:26; src/cumulus/screens/GambleSiteScreen.tsx:1984:26,rev1_81a9a73d470afb2991c6a146e6812d0a5792e375406ef77ef9fb89788a60d28c
Walk On,Player-facing message for the site walk on interface state.,Walk On,,translated,,,tx1_y56l5svyeydumdsp57vndeffqe,row1_xo5pusvlu2mypgfyax6656qj4y,message,,src/cumulus/screens/AugurySiteScreen.tsx:360:24,rev1_4e1807dc09310d9c6fba6b628e58fd5f9d2014fec71b4cced0493691e8114552
Starter card {card_name} transfigured into its {form_name} form,Accessible name for one persisted starter-card Transfiguration mapping. card_name and form_name are canonical UUID-resolved authored names.,Starter card {card_name} transfigured into its {form_name} form,,translated,,card_name; form_name,tx1_y63fxkvfctizr3wghr7own45nm,row1_xjpd5642mjz46klpqp2i6qpsau,message,,src/cumulus/screens/ExplorationSiteScreen.tsx:2016:13,rev1_b13d65a5bfbf5a72b11aeee66b0b49a4c6c011fec409ea549edee92ae4cb8f78
End Turn,Primary command that ends the current battle turn.,End Turn,,translated,,,tx1_y75lvv5hwemk6g4mi4ddrudj7e,row1_zymkt72lrdkkcxgdc3f4mtph2a,message,,src/cumulus/screens/MobileBattleScreen.tsx:3957:23,rev1_2be8e57348c402f759ba4ff313c4704dbc0e4819975230f69700091a8d42510e
Run Pool,Visible Pool Viewer source-tab label for the current remaining draft pool.,Run Pool,,translated,,,tx1_ybapdjabxde7mvc5xqia7fk47m,row1_drxbo5egbfbsxk6bvq42i2prfi,message,,src/cumulus/screens/PoolViewerScreen.tsx:295:24,rev1_d4463ec70ed05733dde18ffeb6493b877e03868692d24dc32e2108182451c371
Reset Run…,Destructive command that opens the run-reset confirmation from a battle result.,Reset Run…,,translated,,,tx1_yd645lgsmvzkn3rrjyxzb5crrq,row1_3kpanf2c6kig2jpscx7cpfq4ja,message,,src/cumulus/screens/BattleResultSurface.tsx:392:24,rev1_3b2b2f51d4387b2475e697840d595ea5d2088f6bcbc0e866034b360a0be44c6b
Energy cost: X.,Complete accessible Energy-cost sentence for a card whose cost is variable.,Energy cost: X.,,translated,,,tx1_ydofqdxwu2quxsyvtauqolltba,row1_zs6xzbxxoih5ttj5vrirpyfi2u,message,,src/cumulus/internal/reveal/context.tsx:123:19,rev1_93a1a3992ac837695e39b9a07c5117b342f6d40ed3a489724364769a245f2127
{card_type},Type line for a non-Character card without a subtype. card_type is its canonical authored card type.,{card_type},,translated,,card_type,tx1_ydzkywcpmgk7fkblceytg3mqji,row1_7qu2ejzpqk5tra5o6bnx65ojoy,message,,src/cumulus/components/card/CardView.tsx:876:11,rev1_b93c1f0fa3fd788dc5b034a6480231e3df264a62d499069e1101f700cb3f9c92
Choose Again,Visible command that returns to the Transfiguration card picker.,Choose Again,,translated,,,tx1_yff2qgodc23mpjtvjlv6l4jsge,row1_dhv2zqc2b7okijoyvxclw5soua,message,,src/cumulus/screens/TransfigurationSiteScreen.tsx:505:24,rev1_09b1f7661b89fc2a1ed893f12f704def7e98b874372c0c148944c89b61913f67
Next,Command that moves to the next Dream Avatar offer.,Next,,translated,,,tx1_ykuk5nnlrnqmpmg7tgzwxoe6iy,row1_66gd6iwxkjnc5smtc6yaf4rkb4,message,,src/cumulus/screens/journey-start-mobile.tsx:178:15,rev1_70233abaf3a0f9578c8fdd16ecd7f288b473357f7e0f643b8080b0e250778be3
Leave card shop,Player-facing message for the card shop leave action interface state.,Leave card shop,,translated,,,tx1_ynavlxl7l42l2dijokpnyinxhu,row1_mafbi5ucqhvnkiu5ptiqad2y4e,message,,src/cumulus/screens/CardShopSiteScreen.tsx:227:20,rev1_f66473bbd47f25d5b21476172665472207346db082c468378156e519de093b62
Retry,Command that retries the failed application operation represented by the current error surface.,Retry,,translated,,,tx1_ynzbw7jzm3ur7rvfmn4umtwyda,row1_pf4g7oromk7kx2zwagouwbwveu,message,,src/App.tsx:650:22; src/components/LocalizedErrorBoundaryFallback.tsx:72:13,rev1_1c14f946cec33825b57033c6635856ff20472fd2579650b5ba7ae6eb9b09120b
"Your turn, Day phase",Accessible battle phase for the local side during Day.,"Your turn, Day phase",,translated,,,tx1_yoc7zczuierbiy7n56l5jo22ya,row1_ikhcrtyrwsmjh5m67s7m6itxaa,message,,src/cumulus/screens/MobileBattleScreen.tsx:1403:13,rev1_ad7ff84ba2f4a1f46f831292f73fc1efc952939435231a30c1e99051805a96dc
{field} editor,Accessible name for a developer Info Card editor field; field is the raw editor field kind.,{field} editor,,translated,,field,tx1_yp766vny627huxepzueknh3fsi,row1_gvfjaeglxgg4fyuif2hwuijk24,message,,src/cumulus/components/overlay/InfoCard.tsx:1049:11; src/cumulus/components/overlay/InfoCard.tsx:1070:11,rev1_68e1fb8afa79f2e2bfb0b9296d3617376804ada740481cc43d610f083a0811a3
Decline Offer,Command that declines the current site offer and leaves without taking its reward.,Decline Offer,,translated,,,tx1_ype3nz4zylbopvizumta5hjbhy,row1_6mytsih6vbc3hivcn5nj2gq7ea,message,,src/cumulus/screens/AugurySiteScreen.tsx:340:26; src/cumulus/screens/DreamsignRevelationScreen.tsx:501:18; src/cumulus/screens/DuplicationSiteScreen.tsx:122:23; src/cumulus/screens/TransfigurationSiteScreen.tsx:400:24,rev1_0c06beb11030a1a90c0e0f7d0a4652c9c5f4435cab9d2ba3b92a92e83f026871
Search Cards,Player-facing message for the battle zone browser search label interface state.,Search Cards,,translated,,,tx1_yqogiz66cz4bkxkh2suxwm3hmm,row1_76dt4u6gmaojt4vh4wlke4mdbm,message,,src/cumulus/screens/CardZoneBrowserOverlay.tsx:320:20,rev1_07f5dd05fd9e6195f52ca9a8d926cd5d106ff94206f69805286170243a2d56cb
Number,Compact visible Pool Viewer sort-field option for authored card numbers.,Number,,translated,,,tx1_ytu7y7mdvgkgavum3njxidiqxi,row1_445ffs4fb34lu42cf7elcygpae,message,,src/cumulus/screens/PoolViewerScreen.tsx:406:31,rev1_53fe469ad70a007ab98e94ce0ec7da6b8f587eb320f2b7d09e1cb0aa8bfd3205
Discord,Main-menu external link to the Dreamtides Discord community.,Discord,,translated,,,tx1_yubfttp6ah7pjko72gv5q3kqni,row1_azrqa4fuwsvbr7xa24buknhxgy,message,,src/screens/cumulus_adapters/main-menu-view-model.ts:50:16,rev1_07d5401fc5b4449b88166eead8014b206302b67b8bde1d79f499d4e8d000206f
Search cards,Visible label for the Pool Viewer field that searches authored card names and rules text.,Search cards,,translated,,,tx1_yucd3vzpudc3bjxuu6cs5updoq,row1_6243mzi6ojsmmx5y3k3urqmtpe,message,,src/cumulus/screens/PoolViewerScreen.tsx:270:30,rev1_1d0d027c93a144150e7722b75e92de66a7db7f9c26142adeb40a8c9957b35e76
Purging {card_name} for {essence_amount} Essence,Accessible announcement while an Exploration outcome purges one named card in exchange for Essence. card_name is the canonical card display name with unknown grammatical gender; essence_amount is the non-negative reward total.,Purging {card_name} for {essence_amount} Essence,,translated,,card_name; essence_amount,tx1_yuraroa27sqnejepufvxvzap6y,row1_jgisk55nxlk6mfwt2yavvmcynu,message,,src/cumulus/screens/ExplorationSiteScreen.tsx:5746:33,rev1_30df7ebb5119e8ee822f37df3d7d53fb51560c21acd01cdfbada993a4920e517
Subtype: {card_subtype}.,Complete accessible subtype sentence for a revealed game card. card_subtype is the authored catalog subtype and remains grammatically opaque.,Subtype: {card_subtype}.,,translated,,card_subtype,tx1_yw6wyqswbdrmfjulqeiopbi3im,row1_3igwcpqrnt2dd56kvnsuynjjiq,message,,src/cumulus/internal/reveal/context.tsx:166:18,rev1_a91afe2204cb1c62961a8777bf5b4abf0121693d8e9b34e016f404b6982bacfe
Won,Player-facing message for the gamble ladder won outcome interface state.,Won,,translated,,,tx1_ywmsf6byo4lpawbcy7onldo2ay,row1_pxkf5txcvlvc6wfdynauxqrb3y,message,,src/cumulus/screens/GambleSiteScreen.tsx:398:11,rev1_0046edf245a30fc535dff508f4c0cb4bddc9436a9fb0b4a1dd4001d5ecfe91c8
Made Fast,Section heading for cards granted Fast in a compound Exploration outcome review.,Made Fast,,translated,,,tx1_ywxq4xxhlvo7vlctn5ccehjbom,row1_nsywl2qjw7asby2oeuelxficlm,message,,src/cumulus/screens/ExplorationSiteScreen.tsx:6370:23,rev1_8a6edc62aa46f6ac4a104b4630dd9e9402508634933bb19b116f2355bfa51057
Create {count} Figments,Primary action that creates one or more configured Figments in the battle developer creation dialog. count is an integer from 1 through the dialog's configured maximum; activating the control creates exactly that many.,Create {count} Figments,count.plural=other,translated,,count,tx1_z3mx4mt25lrnid5uxtx7esgh6y,row1_nrobc4vcsq2zgm7ggneg5ymtdm,message,,src/cumulus/screens/battle-overlays/BattleFigmentCreatorOverlay.tsx:262:20,rev1_f3eed37966e41b3c867d8a189c4de47d9442e2552d50539a97443ec7b989b415
Create Figment,Primary action that creates one or more configured Figments in the battle developer creation dialog. count is an integer from 1 through the dialog's configured maximum; activating the control creates exactly that many.,Create Figment,count.plural=one,translated,,count,tx1_z3mx4mt25lrnid5uxtx7esgh6y,row1_mgpk33w2v2nvwrl3iqx3vkoka4,message,,src/cumulus/screens/battle-overlays/BattleFigmentCreatorOverlay.tsx:262:20,rev1_deab27a25ada23575732d7c5faac4b2b61f46f4bd6a2587763e6306055016dac
Cards Replaced,Headline shown with exact persisted source-to-replacement mappings after one Exploration action atomically replaces multiple ordinary deck entries.,Cards Replaced,,translated,,,tx1_z6beqwse5l2hlilhdfqqnqtc2a,row1_vq6rpjobf5on3vkuz3eceletoi,message,,src/cumulus/screens/ExplorationSiteScreen.tsx:6664:25,rev1_e127b21b8bb1a20846fa423278a2d88d8e22bc8bc42f3610eab11c405a9a0c04
Foresee 1 more,Player-facing message for the battle foresee more action interface state.,Foresee 1 more,,translated,,,tx1_z7gfy7ospi2grfsmp574jrf22y,row1_j7oaanxspbktdhlbtwtkezt2xu,message,,src/cumulus/screens/BattleForeseeOverlay.tsx:410:20,rev1_74bd96b99af9dd206d6fbcf26116fab88e4b92dbd221b272907a4743d7c545d5
Confirm Order,Player-facing message for the battle deck order confirm action interface state.,Confirm Order,,translated,,,tx1_zaf6tahxfuj3fbvgjaspp75s3e,row1_de3lxpf2ad5wq2ploixfle6p5u,message,,src/cumulus/screens/battle-overlays/BattleDeckOrderOverlay.tsx:103:20,rev1_53d52b663a4738c88292983da8e44603b7c3a09cd12446b65b78f6f01f9067d2
Transfigured {card_count} eligible cards into their {form_name} forms and spent {essence_amount} Essence,Accessible completed-state announcement after one paid Exploration effect applies the same Transfiguration form to all eligible deck cards. card_count is the positive number of concrete deck entries changed; form_name is the form's canonical source display name; essence_amount is the positive integer Essence cost already deducted from the current player.,Transfigured {card_count} eligible cards into their {form_name} forms and spent {essence_amount} Essence,deckModification.cards.length.plural=other,translated,,card_count; essence_amount; form_name,tx1_zblx5wgia3acxpsipgkyyzksym,row1_rf7qwtlozmere42hu522z4ztoq,message,,src/cumulus/screens/ExplorationSiteScreen.tsx:5559:21,rev1_7e672ebfab94bb075d72f155830b42d1b42abe38a00345a713eceaf656b048a1
Transfigured {card_count} eligible card into its {form_name} form and spent {essence_amount} Essence,Accessible completed-state announcement after one paid Exploration effect applies the same Transfiguration form to all eligible deck cards. card_count is the positive number of concrete deck entries changed; form_name is the form's canonical source display name; essence_amount is the positive integer Essence cost already deducted from the current player.,Transfigured {card_count} eligible card into its {form_name} form and spent {essence_amount} Essence,deckModification.cards.length.plural=one,translated,,card_count; essence_amount; form_name,tx1_zblx5wgia3acxpsipgkyyzksym,row1_frzbuuriciezmzse3ib4i3koxu,message,,src/cumulus/screens/ExplorationSiteScreen.tsx:5559:21,rev1_77f333543f7f29e80b54d879022b322765105c9d0f1312606aeca223d7129e5b
{card_type} — {subtype},Type line for a non-Character card with a subtype. card_type and subtype are canonical authored taxonomy labels.,{card_type} — {subtype},,translated,,card_type; subtype,tx1_zckhz3fkghrmo24jzuzyfiwavy,row1_3ogzwhhjkqlggiytxsw5y3ntka,message,,src/cumulus/components/card/CardView.tsx:881:11,rev1_08d58cb226d8ab700c70ba55b1d572e988dd7dec8d61b46d9f67e750a5a54896
Return to Exploration,Accessible command on the full-screen Exploration artwork that collapses the expanded site and returns the current player to its choice view.,Return to Exploration,,translated,,,tx1_zec6ugsjwqzton4wautikgsfaq,row1_4rbzhbqdzyw5j2ebvbtd3hhuou,message,,src/cumulus/screens/ExplorationSiteScreen.tsx:4480:31; src/cumulus/screens/ExplorationSiteScreen.tsx:8414:22,rev1_d9373849f7e3f13a47cb055ee416b87688a0342441141c7173ddea1d5fb5f173
Your collection is full at {count} Dreamsigns.,Player-facing message for the dreamsign bazaar replacement full interface state.,Your collection is full at {count} Dreamsigns.,,translated,,count,tx1_zfzlblaxcutxbfkf6iot7gnpra,row1_xz7jlpphxvddd6lonn6rpjcikm,message,,src/cumulus/screens/DreamsignBazaarSiteScreen.tsx:409:20,rev1_bfdf26a93b6f57a8907ea398771e2474b7ba8b5d259b9b5c2b79546770c2496c
Victory,Player-facing message for the battle victory headline interface state.,Victory,,translated,,,tx1_zgb7jezxvzcdobrp2xozzjdzna,row1_ixyjff2cbs4wjtpuv2s7pltvpi,message,,src/cumulus/screens/TutorialBattleScreen.tsx:524:19,rev1_0e56c44952189cc18abe3461c047d2fd1176adedbfea76f49be98c7ddfa3e959
Triggered By,Player-facing message for the battle foresee triggered by interface state.,Triggered By,,translated,,,tx1_zkzljsuua6yp3dettvqistc3sa,row1_qcj7mctwtbg5td2j4eucofscha,message,,src/cumulus/screens/BattleForeseeOverlay.tsx:377:24,rev1_14ad396520934d0b216967c7be5e3a1b3589bf4d7f6e135a2e9939a2f0aea911
Draw {target_label}. Win {essence_amount} Essence.,"Complete accessible name for a wager prize without a Dreamsign. target_label is the authored winning rank or range, and essence_amount is the positive Essence payout.",Draw {target_label}. Win {essence_amount} Essence.,,translated,,essence_amount; target_label,tx1_zmfp6tg23aleev37uakc2exl3e,row1_ufa72eizhlft4yp5f7rrwzv75y,message,,src/cumulus/components/card/PlayingCard.tsx:636:9,rev1_1ea31851db17c3c2ab9cad1ddabdc8ae5b1ffba4e2208ca17f48c7ce4392ced4
Character,Card-type label above the Character example on the loading screen.,Character,,translated,,,tx1_zqb4ii6tszvuilv3qrr6lojyty,row1_x2l45ilzpxvqmh3lzlth6knfci,message,,src/cumulus/screens/LoadingScreen.tsx:313:15,rev1_b1b83029c71ac72725a3ceb4ffaf1c104a730867e4cd4dff7a5c08ed6a58e06f
{subtype} · Spark {spark},Secondary detail beneath one card in the battle deck-order list. subtype is the card's authored subtype and remains grammatically opaque; spark is its non-negative printed Spark value.,{subtype} · Spark {spark},,translated,,spark; subtype,tx1_zresaer6wws4jzgtrvf332pq7u,row1_5hyznvueqnfwjwo5zlplytyske,message,,src/battle/components/BattleDeckOrderPicker.tsx:42:37,rev1_2eb9422d8e8ec419a748b3532e02b7ea9693c1e3b030ec359f2a49224a75d71d
Your journey ends here.,Explanation beneath a Journey defeat title.,Your journey ends here.,,translated,,,tx1_zt4v2ivssz366k3tdajwomd2au,row1_fnmo7ox3bpg6p4wispx2ziixne,message,,src/cumulus/screens/JourneyFailedScreen.tsx:157:25,rev1_67273121054f75ead07caee3d2136b617fc74bedabc5df76f472d4895dc1d428
Play Again,Visible command that immediately starts another round of the current Gamble game after the previous outcome settles.,Play Again,,translated,,,tx1_ztrox7iwgatjryxwko3qfdisuu,row1_ogk4af3uxiwqzpwi7fah5k5rzm,message,,src/cumulus/screens/GambleSiteScreen.tsx:1588:30; src/cumulus/screens/GambleSiteScreen.tsx:2326:30; src/cumulus/screens/GambleSiteScreen.tsx:3072:28; src/cumulus/screens/GambleSiteScreen.tsx:3631:32,rev1_aa6e27f43d2ca92a161048b3c9a95766c45661860d457d06ff421604b40a5d9a
Loading Journey Content,Loading title while Journey content is fetched.,Loading Journey Content,,translated,,,tx1_zu55o532lflvhqy5vw254j3toq,row1_zrypiwnnx6crqk4aiaw4tchcpi,message,,src/App.tsx:675:18; src/App.tsx:683:22,rev1_535f1400213eb9babbdd391060e09e91e67738506733df4fafadb319bffbdf21
Quit,Main-menu action that exits the application.,Quit,,translated,,,tx1_zu6oxzgoupymj4lrtq4es4xr64,row1_ghpbfecmcoej7mad6ntftx2kgm,message,,src/screens/cumulus_adapters/main-menu-view-model.ts:36:16,rev1_f82a9f52e4bb2157f8d374348b92be3381915ca0d237423a8cef0c730951b80e
This card is Fast.,Complete accessible trait sentence for a Fast game card.,This card is Fast.,,translated,,,tx1_zvmqcnasrk3decgqfmfqfbu43q,row1_mtasoxudl3pyt7vbhtxjmf76ke,message,,src/cumulus/internal/reveal/context.tsx:200:22,rev1_c367f7957707c6e7e9bde35a6500ccd7f38729e66cd17d4ffa511bf45511a292
Reward gained — Nightmares: {nightmare_count}; Dreamsigns: {dreamsign_count}; Dreamsign replacements: {replacement_count},Accessible completed-event summary for one persisted compound Exploration reward. The label-and-count structure deliberately avoids inflecting three independent count nouns. nightmare_count is the positive number of concrete Nightmare deck entries minted by the resolution; dreamsign_count is the positive number of Dreamsigns gained; replacement_count is the non-negative number of held Dreamsign slots replaced by those gains.,Reward gained — Nightmares: {nightmare_count}; Dreamsigns: {dreamsign_count}; Dreamsign replacements: {replacement_count},,translated,,dreamsign_count; nightmare_count; replacement_count,tx1_zywe5eqr4m4jkevlxiv7p3kipm,row1_aylevd77lsapwwkwv6pufdagh4,message,,src/cumulus/screens/ExplorationSiteScreen.tsx:6904:33,rev1_74d0293b00440c9e4945fd5b3577441b23b195a7e0d6c285f4633ee504f0a275
Back,Command that moves the developer-enabled phase control to the previous phase.,Back,,translated,,,tx1_zywxmqftrw5svjl25vmac2vx4y,row1_pepzm4qxvuvnzyn5dc5g6we4ae,message,,src/cumulus/screens/MobileBattleScreen.tsx:3901:24,rev1_1df17e80d708b8cbf433c63f6ee1d94cec3735a03c174d347239c364eee5e3fc
Gathering the dream’s cards and paths.,Loading status while Journey content is fetched.,Gathering the dream’s cards and paths.,,translated,,,tx1_zzms3u5ve33yqk3s7c2b4ryxdy,row1_acevlmnkap2574vtlw3yvjjcie,message,,src/App.tsx:679:20,rev1_0f61d4e18f64aaf81e31464e0c3748a0bd9ce21cc73871340bd72f4d46c45acb
{opening_hand_delta} Cards,Compact headline for that reward. opening_hand_delta is the negative integer change in the current player's next opening-hand card count.,{opening_hand_delta} Cards,smallerHandDiscountReward.openingHandDelta.plural=other,obsolete,,opening_hand_delta,tx1_2btcbv6lum6vhqogxalezyqwca,row1_g7uaphvrpyplc7j7g6d7zm5s3q,message,,src/cumulus/screens/ExplorationSiteScreen.tsx:5091:25,rev1_fe25aa89c7bedf6f457f7696b1ef01b4e92b5271e27d53eea66e0b5b899440ca
{opening_hand_delta} Card,Compact headline for that reward. opening_hand_delta is the negative integer change in the current player's next opening-hand card count.,{opening_hand_delta} Card,smallerHandDiscountReward.openingHandDelta.plural=one,obsolete,,opening_hand_delta,tx1_2btcbv6lum6vhqogxalezyqwca,row1_zginnpuq6nvovdhozcsljwaa6a,message,,src/cumulus/screens/ExplorationSiteScreen.tsx:5091:25,rev1_7771f3c559c496685556af5c3de4342ee5d0af6abdb98cd56d1aad9c6c19d2a7
Fast,"Compact headline in the radial announcement for an Exploration deck-wide Fast keyword grant. This visible message is paired with the bolt glyph.

Player-facing message for the reveal card fast interface state.",Fast,,obsolete,,,tx1_2c4ljuw2doxf5m4eeqpvml6pwy,row1_sz3yqqkyvw2kbvqg4neqe757p4,message,,src/cumulus/internal/reveal/context.tsx:183:11; src/cumulus/screens/ExplorationSiteScreen.tsx:771:14,rev1_b70f1716bfde6b56bcb14f05b33ce923ebecc88a93b03ec47a5c1b02876f3ed5
End Turn,"Primary battle-flow command. action is ""nextPhase"", ""continue"", ""endTurn"", or ""startChallenge"" and describes the next semantic transition.",End Turn,"phaseNavigation === ""end-turn"" ? ""endTurn"" : phaseNavigation === ""tutorial"" ? tutorialNextAction : nextPhaseAction.select[2]=""endTurn""",obsolete,,,tx1_2uycayow54fmc32rhz345scbu4,row1_h4s7mnvy6ugqytcdtlktud5vv4,message,,src/cumulus/screens/MobileBattleScreen.tsx:3926:24,rev1_b05fe6a53c4940c5185f14ee887f2829032bf4dd5c1eb94e7ac99c3b0345cc0f
Next Phase,"Primary battle-flow command. action is ""nextPhase"", ""continue"", ""endTurn"", or ""startChallenge"" and describes the next semantic transition.",Next Phase,"phaseNavigation === ""end-turn"" ? ""endTurn"" : phaseNavigation === ""tutorial"" ? tutorialNextAction : nextPhaseAction.select[0]=""nextPhase""",obsolete,,,tx1_2uycayow54fmc32rhz345scbu4,row1_riagevikms5k6horc7megy7dom,message,,src/cumulus/screens/MobileBattleScreen.tsx:3926:24,rev1_b44887060f399bcd87e30176973e8c92133d4ce319592ba0404aa1e13c43e7bd
Start Challenge,"Primary battle-flow command. action is ""nextPhase"", ""continue"", ""endTurn"", or ""startChallenge"" and describes the next semantic transition.",Start Challenge,"phaseNavigation === ""end-turn"" ? ""endTurn"" : phaseNavigation === ""tutorial"" ? tutorialNextAction : nextPhaseAction.select[3]=otherwise",obsolete,,,tx1_2uycayow54fmc32rhz345scbu4,row1_sipxl5num4j6hx4azt6aohbhqq,message,,src/cumulus/screens/MobileBattleScreen.tsx:3926:24,rev1_caae5da71c1d9a476ea7ea03ae6b56c1c02e6df87c612dd284ea5569a072004a
Continue,"Primary battle-flow command. action is ""nextPhase"", ""continue"", ""endTurn"", or ""startChallenge"" and describes the next semantic transition.",Continue,"phaseNavigation === ""end-turn"" ? ""endTurn"" : phaseNavigation === ""tutorial"" ? tutorialNextAction : nextPhaseAction.select[1]=""continue""",obsolete,,,tx1_2uycayow54fmc32rhz345scbu4,row1_sugsb4l7hwq3fmfhhltt4474me,message,,src/cumulus/screens/MobileBattleScreen.tsx:3926:24,rev1_34613de6bcb710ba5cf831485a071bd3ecb0786246266c83d4571c9d87238aa8
Switch to the Opponent side to resolve this choice.,"Polite status shown when a battle choice belongs to the other controlled side. side is ""player"" or ""enemy"" and names the side the local user must switch to.",Switch to the Opponent side to resolve this choice.,"promptNotice.promptSide.select[0]=""enemy""",obsolete,,,tx1_323bc5zfj5uz75esph3bueurrq,row1_bxqgfcozeazridf4r5a5ecg6vy,message,,src/cumulus/screens/MobileBattleScreen.tsx:4004:9,rev1_fe4f738e6d50d9359c5cdb4e6be5abf2d82cab4cdd655dfb7d8096f4de42655c
Switch to the Player side to resolve this choice.,"Polite status shown when a battle choice belongs to the other controlled side. side is ""player"" or ""enemy"" and names the side the local user must switch to.",Switch to the Player side to resolve this choice.,promptNotice.promptSide.select[1]=otherwise,obsolete,,,tx1_323bc5zfj5uz75esph3bueurrq,row1_luasszwn5hrrkiesjnbrmv4cua,message,,src/cumulus/screens/MobileBattleScreen.tsx:4004:9,rev1_668d81153ef76351ef74807583bfe89b39d444e8c6e5931fae5fc2bafa922fa2
Gained {amount} essence,Player-facing message for the dreamscape reward status interface state.,Gained {amount} essence,"""dreamsign"".select[1]=otherwise",obsolete,,amount; dreamsign_name,tx1_33qhihha76e7ufxgyqxj3tcon4,row1_33d4uiaojm5xzq3plb422yeo4a,message,,src/cumulus/screens/DreamscapeScreen.tsx:297:17; src/cumulus/screens/DreamscapeScreen.tsx:319:17,rev1_964314614b1fb1da69ae14b2b13d6497b0781f332c291d66e83880c8ef569afe
Gained dreamsign: {dreamsign_name},Player-facing message for the dreamscape reward status interface state.,Gained dreamsign: {dreamsign_name},"""dreamsign"".select[0]=""dreamsign""; ""gained"".select[1]=otherwise",obsolete,,amount; dreamsign_name,tx1_33qhihha76e7ufxgyqxj3tcon4,row1_6jgsllkhhdce63rcosa2cnbu6a,message,,src/cumulus/screens/DreamscapeScreen.tsx:297:17; src/cumulus/screens/DreamscapeScreen.tsx:319:17,rev1_5257feaa01ccf34e12ed5ea6aeb7f6ac15365ab04daa362588174b318df165f5
Found dreamsign: {dreamsign_name},Player-facing message for the dreamscape reward status interface state.,Found dreamsign: {dreamsign_name},"""dreamsign"".select[0]=""dreamsign""; ""gained"".select[0]=""found""",obsolete,,amount; dreamsign_name,tx1_33qhihha76e7ufxgyqxj3tcon4,row1_z6aeltquav6drkwjd3hsaaydga,message,,src/cumulus/screens/DreamscapeScreen.tsx:297:17; src/cumulus/screens/DreamscapeScreen.tsx:319:17,rev1_5332794dd60ae3aa7f6214e07561d8aa84907e1405d06067e4f013f4bb67e786
Reorder {item_label},Accessible command on a drag handle that reorders one card. item_label is the displayed card label; activating arrow-key commands moves that physical entry.,Reorder {item_label},,obsolete,,item_label,tx1_3htjtayj5p73vti4jacrnflqeq,row1_wvqk6cmjbqhdkr6vxm354z3l5e,message,,src/cumulus/components/controls/CardOrderEditor.tsx:160:21,rev1_e883bf526a02a6f276634dc0a8c72b77735d254740bc2280403b25f0f63827b8
Decline,"Visible command that declines a Duplication site. presentation is ""compact"" on narrow layouts or ""full"" in the desktop footer.

Visible command that declines a Transfiguration site. presentation is ""compact"" for the narrow header action or ""full"" for the desktop footer.",Decline,"""compact"".select[0]=""compact""",obsolete,,,tx1_3xplm2dpti4regtdvd2m6mwkpm,row1_niv5b3gssidw2ioafqgb5iw644,message,,src/cumulus/screens/DuplicationSiteScreen.tsx:143:26; src/cumulus/screens/TransfigurationSiteScreen.tsx:401:24; src/cumulus/screens/TransfigurationSiteScreen.tsx:419:24,rev1_8ce3579795e926c6f25f1b5253702e4ac2d3ffb6e8fc2d5d50f9d1d414caf318
Decline Offer,"Visible command that declines a Duplication site. presentation is ""compact"" on narrow layouts or ""full"" in the desktop footer.

Visible command that declines a Transfiguration site. presentation is ""compact"" for the narrow header action or ""full"" for the desktop footer.",Decline Offer,"""compact"".select[1]=otherwise",obsolete,,,tx1_3xplm2dpti4regtdvd2m6mwkpm,row1_rntbyo5aznn7gytasxzdaiifxu,message,,src/cumulus/screens/DuplicationSiteScreen.tsx:143:26; src/cumulus/screens/TransfigurationSiteScreen.tsx:401:24; src/cumulus/screens/TransfigurationSiteScreen.tsx:419:24,rev1_4d960fca10f13f946706da31e9143b378507790f97b071b29f0a978c559ae562
Your journey ends here.,"Explanatory sentence below the Journey-failure title. result has the same ""defeat"" and ""draw"" values and addresses the current player.",Your journey ends here.,"view.result.select[0]=""defeat""",obsolete,,,tx1_5biemmznrtid65sz6akj4e3hrq,row1_4jyhiydsltbnvqsagjzajn37zu,message,,src/cumulus/screens/JourneyFailedScreen.tsx:158:20,rev1_8c5c48efc39208087b2d249f61ac1b53093cccd020698cf201bbab51b3332966
Neither side could claim the dream.,"Explanatory sentence below the Journey-failure title. result has the same ""defeat"" and ""draw"" values and addresses the current player.",Neither side could claim the dream.,view.result.select[1]=otherwise,obsolete,,,tx1_5biemmznrtid65sz6akj4e3hrq,row1_f5pvsr2ignnsli6rxthpwweluq,message,,src/cumulus/screens/JourneyFailedScreen.tsx:158:20,rev1_b70f96f766e0d22376a7304173913e66263c8318b2c06a185beeb6bded4aee94
{amount} additional opening-hand cards in the next battle,"Accessible announcement for a resolved Exploration outcome that improves the next battle. amount is a positive integer; modifier is ""opening-hand"" for extra starting cards or ""starting-energy"" for extra Energy.",{amount} additional opening-hand cards in the next battle,"battleModifierReward.modifier === ""opening-hand"" ? ""opening-hand"" : ""starting-energy"".select[0]=""opening-hand""; battleModifierReward.amount.plural=other",obsolete,,amount,tx1_5ctqscav7sjhjxsfu34qo2fb6i,row1_2vowsx22h6bb4ousxfxs7hucs4,message,,src/cumulus/screens/ExplorationSiteScreen.tsx:4984:25,rev1_500af00a94a0afef974d028f5dd633493b46574fd4c130785c920604ce289738
{amount} additional opening-hand card in the next battle,"Accessible announcement for a resolved Exploration outcome that improves the next battle. amount is a positive integer; modifier is ""opening-hand"" for extra starting cards or ""starting-energy"" for extra Energy.",{amount} additional opening-hand card in the next battle,"battleModifierReward.modifier === ""opening-hand"" ? ""opening-hand"" : ""starting-energy"".select[0]=""opening-hand""; battleModifierReward.amount.plural=one",obsolete,,amount,tx1_5ctqscav7sjhjxsfu34qo2fb6i,row1_aji2qhrgid6ymx55px7hpfvtjm,message,,src/cumulus/screens/ExplorationSiteScreen.tsx:4984:25,rev1_d0f7ee7bf3c11c56ad83ab572aee8ecefcbf20774d6237f51288a66bf2447bb1
{amount} additional starting Energy in the next battle,"Accessible announcement for a resolved Exploration outcome that improves the next battle. amount is a positive integer; modifier is ""opening-hand"" for extra starting cards or ""starting-energy"" for extra Energy.",{amount} additional starting Energy in the next battle,"battleModifierReward.modifier === ""opening-hand"" ? ""opening-hand"" : ""starting-energy"".select[1]=otherwise",obsolete,,amount,tx1_5ctqscav7sjhjxsfu34qo2fb6i,row1_urxi5ykwkhegtz5clua3ik6w3e,message,,src/cumulus/screens/ExplorationSiteScreen.tsx:4984:25,rev1_4a3e27a4c45c81cc3b453279529d40f405ec1fecf9293208685e195f7c67c8ed
Pool Viewer,Visible Pool Viewer heading. The context selector distinguishes the floating Battle inspector from the Journey utility overlay.,Pool Viewer,"viewer_context.select[1]=""pool""",obsolete,,,tx1_5h52vusibknccni7hyvzmt5gke,row1_2wlzz4qx4jurkcotoddticdsyq,message,,src/cumulus/screens/PoolViewerScreen.tsx:299:26,rev1_ce416629acbaa3f050fd0f2d61cfdb10b73f6ea1dc64e19e347f0b8b90bcf10c
Pool Viewer,Visible Pool Viewer heading. The context selector distinguishes the floating Battle inspector from the Journey utility overlay.,Pool Viewer,viewer_context.select[2]=otherwise,obsolete,,,tx1_5h52vusibknccni7hyvzmt5gke,row1_mdkjby26hhy3i7hcfxghmz2osu,message,,src/cumulus/screens/PoolViewerScreen.tsx:299:26,rev1_2f4dd95d12da2a7cdac00d12ce85fd6918e22fbfc36f739ddde3ff1d63a69753
Battle Pool Viewer,Visible Pool Viewer heading. The context selector distinguishes the floating Battle inspector from the Journey utility overlay.,Battle Pool Viewer,"viewer_context.select[0]=""battle""",obsolete,,,tx1_5h52vusibknccni7hyvzmt5gke,row1_ycqpcdznpdx32r6mr6imwpfwda,message,,src/cumulus/screens/PoolViewerScreen.tsx:299:26,rev1_7be7dd814dd909afb87998ad0830bea2c93617916aee28b542d35526ad70a595
Number,"Compact visible Pool Viewer sort-field option. The sort selector is a stable card-property key: name, authored card number, Energy cost, card type, authored subtype, or Spark; the fallback preserves the existing label for an unrecognized future key.",Number,"sort_field.select[1]=""sort-card-number""",obsolete,,,tx1_5p3n2p63yh46gf5pqqyzhj63zu,row1_e3yzs3rwghahorropunsboebxm,message,,src/cumulus/screens/PoolViewerScreen.tsx:329:52,rev1_a3a17e58186e9bfa79f7c7201f80227b91aaa45d36c61d658751ee606e8a5416
Type,"Compact visible Pool Viewer sort-field option. The sort selector is a stable card-property key: name, authored card number, Energy cost, card type, authored subtype, or Spark; the fallback preserves the existing label for an unrecognized future key.",Type,"sort_field.select[3]=""sort-type""",obsolete,,,tx1_5p3n2p63yh46gf5pqqyzhj63zu,row1_h2pczymbcmguby5hwu2uo7fjzu,message,,src/cumulus/screens/PoolViewerScreen.tsx:329:52,rev1_54af0b934ef1793b03742c59dfdceee903a066a80bb3dd324b8133cf1b3243d6
Subtype,"Compact visible Pool Viewer sort-field option. The sort selector is a stable card-property key: name, authored card number, Energy cost, card type, authored subtype, or Spark; the fallback preserves the existing label for an unrecognized future key.",Subtype,"sort_field.select[4]=""sort-subtype""",obsolete,,,tx1_5p3n2p63yh46gf5pqqyzhj63zu,row1_icgedqynhqmenhy3j2kakogmfm,message,,src/cumulus/screens/PoolViewerScreen.tsx:329:52,rev1_8502ce0656532eff2165d395a07bc45752978842d8caeca026c71eab5d4c8d92
Name,"Compact visible Pool Viewer sort-field option. The sort selector is a stable card-property key: name, authored card number, Energy cost, card type, authored subtype, or Spark; the fallback preserves the existing label for an unrecognized future key.",Name,"sort_field.select[0]=""sort-name""",obsolete,,,tx1_5p3n2p63yh46gf5pqqyzhj63zu,row1_jkrtsderjsps4gtftgjdsfeuse,message,,src/cumulus/screens/PoolViewerScreen.tsx:329:52,rev1_5f5846003c93a0c2656c3b6991b5176180de76aadaf960bc81a8833bf13a2ea1
Spark,"Compact visible Pool Viewer sort-field option. The sort selector is a stable card-property key: name, authored card number, Energy cost, card type, authored subtype, or Spark; the fallback preserves the existing label for an unrecognized future key.",Spark,sort_field.select[6]=otherwise,obsolete,,,tx1_5p3n2p63yh46gf5pqqyzhj63zu,row1_knumim2epgcx572twcxk2fopwe,message,,src/cumulus/screens/PoolViewerScreen.tsx:329:52,rev1_0610f7a417bb73392a3a6e9976ba0f1fa63919b4da300b529dc94f6ccf69eb62
Spark,"Compact visible Pool Viewer sort-field option. The sort selector is a stable card-property key: name, authored card number, Energy cost, card type, authored subtype, or Spark; the fallback preserves the existing label for an unrecognized future key.",Spark,"sort_field.select[5]=""sort-spark""",obsolete,,,tx1_5p3n2p63yh46gf5pqqyzhj63zu,row1_kpbtw7n7ceovarc5b3zlymtlai,message,,src/cumulus/screens/PoolViewerScreen.tsx:329:52,rev1_6bbc36ccc4d97232d9fd8ed0ab5b992d0b0bc1cb50d1479d483a731632203abb
Cost,"Compact visible Pool Viewer sort-field option. The sort selector is a stable card-property key: name, authored card number, Energy cost, card type, authored subtype, or Spark; the fallback preserves the existing label for an unrecognized future key.",Cost,"sort_field.select[2]=""sort-cost""",obsolete,,,tx1_5p3n2p63yh46gf5pqqyzhj63zu,row1_lylz3oe6p6zkccj3fsdyt5dcaa,message,,src/cumulus/screens/PoolViewerScreen.tsx:329:52,rev1_d8d88e224cd8010b683b21fec3b88a64ff5276ec91a2dcf1cc6215f684212d2f
Avatar,"Player-facing message for the deck viewer avatar label interface state.

Shared journey-status labels and controls.",Avatar,,obsolete,,,tx1_6aqdmpho4mqhl77ndnl3htrzla,row1_hzwrmnlxfdj7mkhmrob3gd36v4,message,,src/cumulus/components/hud/JourneyStatusBar.tsx:423:24; src/cumulus/components/hud/JourneyStatusBar.tsx:460:19; src/cumulus/screens/DesktopDeckViewer.tsx:381:16,rev1_f502ed0eaa9d8955ca2af7ffc70b48bc4bb9d89689c89c0db5406de36c3ad199
Spark X,Player-facing message for the reveal card spark variable interface state.,Spark X,,obsolete,,,tx1_6rvudujxq3ixfmei2o6z66s5ti,row1_a5sb4zqo55dkbelxqymqt722sm,message,,src/cumulus/internal/reveal/context.tsx:155:9,rev1_9d9f4b63d62eeb4702946d164b5f7185df4a31ad11a58e988057a870559368d7
Joining Game,"Busy status while a client joins an existing shared room.

Loading title while a client joins an existing shared room.",Joining Game,,obsolete,,,tx1_6tt4veq3tt733hreuhwlpkur3m,row1_aulcgfmv34dbdhm75yjztgcy7u,message,,src/coop/RoomGate.tsx:570:20; src/coop/RoomGate.tsx:579:24; src/coop/RoomGate.tsx:623:18; src/coop/RoomGate.tsx:632:22,rev1_ac71f85eadc38ec85946afbdffdb9f3ca1842027516bf74f63c43ddf34008c89
Pick History,"Visible Pool Viewer source-tab label. The source selector is the closed collection kind: run is the current remaining draft pool, tides is the Tide construction input, catalog is the full card catalog, and signature is the Dream Avatar's authored signature cards. The fallback preserves the existing label for an unrecognized future source.",Pick History,source.select[4]=otherwise,obsolete,,,tx1_6ypb723kv7bj3zq4esoekyo6wi,row1_2cw7elclbi6zfhl2x6djgqmcby,message,,src/cumulus/screens/PoolViewerScreen.tsx:127:20,rev1_bf8656a4478414509d8a0ef67d79595f0553f711baf5f70ca9a8d71a6126d20a
Run Pool,"Visible Pool Viewer source-tab label. The source selector is the closed collection kind: run is the current remaining draft pool, tides is the Tide construction input, catalog is the full card catalog, and signature is the Dream Avatar's authored signature cards. The fallback preserves the existing label for an unrecognized future source.",Run Pool,"source.select[0]=""run""",obsolete,,,tx1_6ypb723kv7bj3zq4esoekyo6wi,row1_pp7gno4wcbqoai2r2qbqersh7a,message,,src/cumulus/screens/PoolViewerScreen.tsx:127:20,rev1_c606b3d908eef5fbf47cbcae6ad85c3030cbb1a1a2ccdff3eda0fb38e283a964
Signature Cards,"Visible Pool Viewer source-tab label. The source selector is the closed collection kind: run is the current remaining draft pool, tides is the Tide construction input, catalog is the full card catalog, and signature is the Dream Avatar's authored signature cards. The fallback preserves the existing label for an unrecognized future source.",Signature Cards,"source.select[3]=""signature""",obsolete,,,tx1_6ypb723kv7bj3zq4esoekyo6wi,row1_pw5zj377ci4f722jl4q6txroni,message,,src/cumulus/screens/PoolViewerScreen.tsx:127:20,rev1_6b55038f514206176d9db2f531e8f2155add6ab7bff6845e4f0678a900f3a8ef
All Cards,"Visible Pool Viewer source-tab label. The source selector is the closed collection kind: run is the current remaining draft pool, tides is the Tide construction input, catalog is the full card catalog, and signature is the Dream Avatar's authored signature cards. The fallback preserves the existing label for an unrecognized future source.",All Cards,"source.select[2]=""catalog""",obsolete,,,tx1_6ypb723kv7bj3zq4esoekyo6wi,row1_sntzz736wtpthtrvjea4c4a3ne,message,,src/cumulus/screens/PoolViewerScreen.tsx:127:20,rev1_d96abf1620aa62a147c5ba877f26b37eb6b08d1698620a5aff763314a994c41c
Tide Decks,"Visible Pool Viewer source-tab label. The source selector is the closed collection kind: run is the current remaining draft pool, tides is the Tide construction input, catalog is the full card catalog, and signature is the Dream Avatar's authored signature cards. The fallback preserves the existing label for an unrecognized future source.",Tide Decks,"source.select[1]=""tides""",obsolete,,,tx1_6ypb723kv7bj3zq4esoekyo6wi,row1_ur4b5r3shaqfbqd7wilvn7azeq,message,,src/cumulus/screens/PoolViewerScreen.tsx:127:20,rev1_ee93e1b51d6bbd6894177e3515374d446ec919662882d6fcab9117146c6db812
Interrupt,Player-facing message for the reveal card interrupt interface state.,Interrupt,,obsolete,,,tx1_7xagyeu2gp25uetpwdji4j2olq,row1_mbdjpkluk3hsujcz7vz3h7y2w4,message,,src/cumulus/internal/reveal/context.tsx:189:11,rev1_4f97da78f00b08aa5e24ba615d1bd0556ba8c8ae3ecdcd339066c48765b6c45d
Void,Player-facing message for the battle foresee void destination interface state.,Void,,obsolete,,,tx1_aanudw4tmmjstwl5xa5kzr5v4e,row1_y4tu6uzvhqtizccm5ppxy4633y,message,,src/cumulus/screens/BattleForeseeOverlay.tsx:486:16,rev1_9b39c435d300eca99d716579efa75ebbf553134baa407cbfbd3a1c887c4e8f5a
{base_name},"Accessible name for the same numeric card stat orb when its caller supplies a complete, context-specific name in base_name. base_name is an already localized string, such as a Dreamwell effect that includes its Energy amount; it is not a card identity and its grammatical gender is unknown. change is ""empowered"" or ""kindled"" when the corresponding Transfiguration changed the stat, and ""none"" otherwise. The visible numeral and optional change badge are inside this labeled element; preserve the base meaning while announcing the changed state without assuming English punctuation or clause order. change_name is supplied by the Transfiguration catalog.",{base_name},"changeBadge?.kind ?? ""none"".select[2]=otherwise",obsolete,,base_name; change_name,tx1_axexkuovythfii2eml76owgv7u,row1_65dw6l4voj3foj34qr36dpzn3a,message,,src/cumulus/components/card/CardStatOrb.tsx:166:9,rev1_46688ee01661c84e24fe0ff4da2546eed472e720acfe1d2379632d589f6d68b1
"{base_name}, {change_name}","Accessible name for the same numeric card stat orb when its caller supplies a complete, context-specific name in base_name. base_name is an already localized string, such as a Dreamwell effect that includes its Energy amount; it is not a card identity and its grammatical gender is unknown. change is ""empowered"" or ""kindled"" when the corresponding Transfiguration changed the stat, and ""none"" otherwise. The visible numeral and optional change badge are inside this labeled element; preserve the base meaning while announcing the changed state without assuming English punctuation or clause order. change_name is supplied by the Transfiguration catalog.","{base_name}, {change_name}","changeBadge?.kind ?? ""none"".select[1]=""kindled""",obsolete,,base_name; change_name,tx1_axexkuovythfii2eml76owgv7u,row1_r2vfeedvc3niy3equf2hexnwq4,message,,src/cumulus/components/card/CardStatOrb.tsx:166:9,rev1_7aaf8c171f61ecbb8aba9543437a6286c0d257f790bd1a3b11f5e9676c1559dd
"{base_name}, {change_name}","Accessible name for the same numeric card stat orb when its caller supplies a complete, context-specific name in base_name. base_name is an already localized string, such as a Dreamwell effect that includes its Energy amount; it is not a card identity and its grammatical gender is unknown. change is ""empowered"" or ""kindled"" when the corresponding Transfiguration changed the stat, and ""none"" otherwise. The visible numeral and optional change badge are inside this labeled element; preserve the base meaning while announcing the changed state without assuming English punctuation or clause order. change_name is supplied by the Transfiguration catalog.","{base_name}, {change_name}","changeBadge?.kind ?? ""none"".select[0]=""empowered""",obsolete,,base_name; change_name,tx1_axexkuovythfii2eml76owgv7u,row1_ztwlglaf4xaptw5kwfofziclhq,message,,src/cumulus/components/card/CardStatOrb.tsx:166:9,rev1_d347362ba6eead98c1aec24271583d23d3b2398875c03e58a5c9431910dbc188
Duplicate,"Confirmation command at a Duplication site. state is ""ready"" before the current player commits or ""pending"" while the new copy is being saved.",Duplicate,"confirming ? ""pending"" : ""ready"".select[0]=""ready""",obsolete,,,tx1_b5zszzzb4nk2keiqgdbrtzrtma,row1_a6ssaeurr3hoplepifosgka5ru,message,,src/cumulus/screens/DuplicationSiteScreen.tsx:156:26,rev1_38f929d9bbbf2ab02bf4aa2b068ecfa711afd5b8f9380d70ac2efa5608243500
Duplicating…,"Confirmation command at a Duplication site. state is ""ready"" before the current player commits or ""pending"" while the new copy is being saved.",Duplicating…,"confirming ? ""pending"" : ""ready"".select[1]=otherwise",obsolete,,,tx1_b5zszzzb4nk2keiqgdbrtzrtma,row1_sp7nwn4726k26hhaguf73psium,message,,src/cumulus/screens/DuplicationSiteScreen.tsx:156:26,rev1_17149d7b22643845bcc926aa7a4b65cbf25f22b41d3a2c26cc488ff0cb94251e
Cancel,"Player-facing message for the battle card note cancel action interface state.

Player-facing message for the battle deck order cancel action interface state.

Player-facing message for the dreamsign bazaar replacement cancel interface state.

Player-facing message for the dreamsign revelation cancel action interface state.

Visible command and accessible close name that cancels a pending Figment merge.

Visible command that cancels the tutorial card's pending target selection.",Cancel,,obsolete,,,tx1_b6nmpnplxlgf5abzln7v22hz4u,row1_unhphnyuu2kuimkjgmlmq2qcoi,message,,src/cumulus/screens/DreamsignBazaarSiteScreen.tsx:445:14; src/cumulus/screens/DreamsignRevelationScreen.tsx:174:24; src/cumulus/screens/MobileBattleScreen.tsx:5593:13; src/cumulus/screens/MobileBattleScreen.tsx:5630:24; src/cumulus/screens/TutorialBattleScreen.tsx:406:24; src/cumulus/screens/battle-overlays/BattleCardNoteOverlay.tsx:222:20; src/cumulus/screens/battle-overlays/BattleDeckOrderOverlay.tsx:106:20,rev1_12828ddc7d74e64b435a9f8034de9c8d6a044a26ac73cb58f5777e853539f38d
{prompt_label} from your hand · {selected_count}/{required_count},"Progress status in a battle card picker. prompt_label is the authored complete picker instruction. owner is ""viewer"" when candidates come from the current perspective's hand and ""opponent"" otherwise. selected_count and required_count are non-negative card counts and may both be zero.",{prompt_label} from your hand · {selected_count}/{required_count},"(cardPicker.candidateOwner ?? cardPicker.side) === perspective ? ""viewer"" : ""opponent"".select[0]=""viewer""",obsolete,,prompt_label; required_count; selected_count,tx1_bc2fpulrh52yzipn7e6a2px3ye,row1_bba7bkyxzvr6skbwvkfecprtry,message,,src/cumulus/screens/MobileBattleScreen.tsx:3800:14,rev1_cefe6b74b8db60555cd081ed806f8eb08987252332779d0cc7a9247deee9bf58
{prompt_label} from the opponent hand · {selected_count}/{required_count},"Progress status in a battle card picker. prompt_label is the authored complete picker instruction. owner is ""viewer"" when candidates come from the current perspective's hand and ""opponent"" otherwise. selected_count and required_count are non-negative card counts and may both be zero.",{prompt_label} from the opponent hand · {selected_count}/{required_count},"(cardPicker.candidateOwner ?? cardPicker.side) === perspective ? ""viewer"" : ""opponent"".select[1]=otherwise",obsolete,,prompt_label; required_count; selected_count,tx1_bc2fpulrh52yzipn7e6a2px3ye,row1_oz6vz2chwhrv2gfd544ck6broi,message,,src/cumulus/screens/MobileBattleScreen.tsx:3800:14,rev1_b550da7dc25cf477695cc398cc7c9568da97e21bd870586f54654c7ede135216
Gathering possibilities…,"Empty or loading text in the Duplication picker. state is ""empty"" when no card can be copied or ""loading"" while choices are being prepared.",Gathering possibilities…,"view.ready ? ""empty"" : ""loading"".select[1]=otherwise",obsolete,,,tx1_be3wwzug6fdbauwxvmrupwhw7m,row1_4xtyw7qfyvdomtidguxfxp63gu,message,,src/cumulus/screens/DuplicationSiteScreen.tsx:183:17,rev1_28fd2607894347d6ea8b0d237c9bcf5238ecf33f82ecc2f9127372c59c275f43
No cards available to copy.,"Empty or loading text in the Duplication picker. state is ""empty"" when no card can be copied or ""loading"" while choices are being prepared.",No cards available to copy.,"view.ready ? ""empty"" : ""loading"".select[0]=""empty""",obsolete,,,tx1_be3wwzug6fdbauwxvmrupwhw7m,row1_my422vvwjoge3ahqxlpn4jnblq,message,,src/cumulus/screens/DuplicationSiteScreen.tsx:183:17,rev1_5987caea722ec8ca22408cac37f08cd99fa926af356f01b3c25261fce0fecd26
Dreamsign found,Player-facing message for the dreamscape reward dreamsign label interface state.,Dreamsign found,"collectingReward.requiresReplacement ? ""found"" : ""gained"".select[0]=""found""",obsolete,,,tx1_c3wmbaue2g6eaza4ex7ktvyggy,row1_6god5p2hxwp435gpf4afcaovra,message,,src/cumulus/screens/DreamscapeScreen.tsx:420:18,rev1_b36a39b431e858c653b43b3f6aa90eb06d46070b19d5fbd6668e69fac5c46a14
Dreamsign gained,Player-facing message for the dreamscape reward dreamsign label interface state.,Dreamsign gained,"collectingReward.requiresReplacement ? ""found"" : ""gained"".select[1]=otherwise",obsolete,,,tx1_c3wmbaue2g6eaza4ex7ktvyggy,row1_kicrrrws3qfm26dneejgxig2ue,message,,src/cumulus/screens/DreamscapeScreen.tsx:420:18,rev1_f2d9f92681966ef1e7dd1fd46f945994df269da068c9aaccb9c1cb6fbd2bd032
Previous,"Accessible command on a narrow Journey-start carousel edge control. direction is ""previous"" to move to the preceding Dream Avatar or ""next"" for the following one.",Previous,"dir === ""left"" ? ""previous"" : ""next"".select[0]=""previous""",obsolete,,,tx1_domlfieoq5wbffccm4kxv3dr34,row1_m3cqrws6kqehb7ho3opbnr3xn4,message,,src/cumulus/screens/journey-start-mobile.tsx:185:11,rev1_18daf7548f010cdfc383e0534369651f4a912a446ec4c98638494ef712ea990b
Next,"Accessible command on a narrow Journey-start carousel edge control. direction is ""previous"" to move to the preceding Dream Avatar or ""next"" for the following one.",Next,"dir === ""left"" ? ""previous"" : ""next"".select[1]=otherwise",obsolete,,,tx1_domlfieoq5wbffccm4kxv3dr34,row1_sv5hib7tnancbi6o37jbxjgzg4,message,,src/cumulus/screens/journey-start-mobile.tsx:185:11,rev1_acd5e72576e27295c9dd8d819bdfabeb6d1f06f27d45c44cf0f7507ba142a49d
Merge,Visible command that confirms the pending Figment merge.,Merge,,obsolete,,,tx1_e3l5dvi7ulsnond7hoiw5h5jju,row1_kcqmmejjhpffyvep6633o22niq,message,,src/cumulus/screens/MobileBattleScreen.tsx:5638:24,rev1_c322de868024d528519511b8dd8d121e64a4c23e34a7a5c0787fb8d121590886
Cumulus Dreamsign replacement pending reward,Player-facing message for the dreamsign replacement pending label interface state.,Cumulus Dreamsign replacement pending reward,,obsolete,,,tx1_e4du4wwpyuo6sf7p7juicdnb7e,row1_awb3mf7ppdxoejmqymqrrcnfum,message,,src/cumulus/screens/DreamsignReplacementDialog.tsx:59:11,rev1_e86dd691c99de5c6d08cd7a9f1ec0ec57738ea2467945121e8a08c6aa48e7943
Continue,Command that accepts a completed result or advances a resolved interaction.,Continue,,obsolete,,,tx1_evnsudku7h4ukfjcgzcwtbcukm,row1_wtav6ddqhexocuklv62w555wsy,message,,src/cumulus/screens/BattleResultSurface.tsx:289:18; src/cumulus/screens/MobileBattleScreen.tsx:3970:26,rev1_b358a60acf23f8faab4dd5ecc52ee86de7f834a68b18f97401d5d9e2bbb7c223
No cards match the current filters.,Visible Pool Viewer empty-state sentence. The source selector identifies the selected semantic collection and determines why it is empty; the fallback preserves the existing explanation for an unrecognized future source.,No cards match the current filters.,"selected_source.select[2]=""catalog""",obsolete,,,tx1_f3xukguoqrihmzxloj2dy6wt5a,row1_67lpaqzpqzjxeyivmspbrfkwui,message,,src/cumulus/screens/PoolViewerScreen.tsx:138:30,rev1_c83018875790cd764b8e0245fc3e36fcb3f6099d1181820da3ea177642a19c8c
The replay record has no pick history.,Visible Pool Viewer empty-state sentence. The source selector identifies the selected semantic collection and determines why it is empty; the fallback preserves the existing explanation for an unrecognized future source.,The replay record has no pick history.,selected_source.select[4]=otherwise,obsolete,,,tx1_f3xukguoqrihmzxloj2dy6wt5a,row1_fam5j56hyrtwrq2sxgnwbjp55e,message,,src/cumulus/screens/PoolViewerScreen.tsx:138:30,rev1_2218bdf2fbf7395d732070b35374b3bf9610bedb97d3d281f0064aaf6f43389f
This avatar has no signature cards.,Visible Pool Viewer empty-state sentence. The source selector identifies the selected semantic collection and determines why it is empty; the fallback preserves the existing explanation for an unrecognized future source.,This avatar has no signature cards.,"selected_source.select[3]=""signature""",obsolete,,,tx1_f3xukguoqrihmzxloj2dy6wt5a,row1_oysdrnfcm2vzlw2ri6gmz5vywm,message,,src/cumulus/screens/PoolViewerScreen.tsx:138:30,rev1_37015b94b4b736bc2854a38d25676638dcf174d48033fc52faa0bcefe84f2ce6
No run pool cards are available.,Visible Pool Viewer empty-state sentence. The source selector identifies the selected semantic collection and determines why it is empty; the fallback preserves the existing explanation for an unrecognized future source.,No run pool cards are available.,"selected_source.select[0]=""run""",obsolete,,,tx1_f3xukguoqrihmzxloj2dy6wt5a,row1_sarremauej6gistexhlgnijw4i,message,,src/cumulus/screens/PoolViewerScreen.tsx:138:30,rev1_7356873b20901661cfa6a2e38c498a73692a87300bd87ade4fe1e720a4732a0a
This run has no Tide decks.,Visible Pool Viewer empty-state sentence. The source selector identifies the selected semantic collection and determines why it is empty; the fallback preserves the existing explanation for an unrecognized future source.,This run has no Tide decks.,"selected_source.select[1]=""tides""",obsolete,,,tx1_f3xukguoqrihmzxloj2dy6wt5a,row1_ycmlmuhruthykptfjsq4hfel3e,message,,src/cumulus/screens/PoolViewerScreen.tsx:138:30,rev1_83be10fe6bd9fe7ecb3dd68149bc1ad1c579aa131bde40ec286956b8b0833c38
"{pile_label}, face-down card {position}",Accessible name for one card back in a labeled battle pile. pile_label is the already localized name of the pile and position is its positive one-based depth from the top; this message does not identify card contents.,"{pile_label}, face-down card {position}",,obsolete,,pile_label; position,tx1_ft5ovdzolyfazfr2kxvopu3rfy,row1_qmqxddr5rjfx2kqal5r35emerm,message,,src/cumulus/components/battle/CardPile.tsx:176:24,rev1_94a3672920eea1a0f880dcf97e7bdc94556ccd8409b5e8d45775f8f461efa086
{card_type},"Type line printed on a game card. card_type and subtype are canonical authored taxonomy labels. presentation is ""character"" when Character cards display only their subtype and ""other"" when the type remains visible. has_subtype is ""yes"" when subtype is non-empty and ""no"" otherwise.",{card_type},"card.cardType === ""Character"" ? ""character"" : ""other"".select[1]=otherwise; card.subtype === """" ? ""no"" : ""yes"".select[1]=otherwise",obsolete,,card_type; subtype,tx1_gzpqwfri3jmlrjj5ts3pddlsva,row1_4ncj64c4oqlnadbosx3ms6zhee,message,,src/cumulus/components/card/CardView.tsx:862:20,rev1_2683d46973a238a4f37592c115470f42af5d754934ae4238538ee38188fcbab8
{subtype},"Type line printed on a game card. card_type and subtype are canonical authored taxonomy labels. presentation is ""character"" when Character cards display only their subtype and ""other"" when the type remains visible. has_subtype is ""yes"" when subtype is non-empty and ""no"" otherwise.",{subtype},"card.cardType === ""Character"" ? ""character"" : ""other"".select[0]=""character""; card.subtype === """" ? ""no"" : ""yes"".select[0]=""yes""",obsolete,,card_type; subtype,tx1_gzpqwfri3jmlrjj5ts3pddlsva,row1_ce4xfurm7lp2gc6tjl2y3hv7va,message,,src/cumulus/components/card/CardView.tsx:862:20,rev1_7782763de309f67b8e676a35f6b2eaf6631412d17717fc5488950f2e14820908
,"Type line printed on a game card. card_type and subtype are canonical authored taxonomy labels. presentation is ""character"" when Character cards display only their subtype and ""other"" when the type remains visible. has_subtype is ""yes"" when subtype is non-empty and ""no"" otherwise.",,"card.cardType === ""Character"" ? ""character"" : ""other"".select[0]=""character""; card.subtype === """" ? ""no"" : ""yes"".select[1]=otherwise",obsolete,,card_type; subtype,tx1_gzpqwfri3jmlrjj5ts3pddlsva,row1_ivzyjj3zokysn6wkj5gjobw3km,message,,src/cumulus/components/card/CardView.tsx:862:20,rev1_31a08598cc3cd1e77890910bbb6aacf94b6f23c934e2b491e164e047612b086c
{card_type} — {subtype},"Type line printed on a game card. card_type and subtype are canonical authored taxonomy labels. presentation is ""character"" when Character cards display only their subtype and ""other"" when the type remains visible. has_subtype is ""yes"" when subtype is non-empty and ""no"" otherwise.",{card_type} — {subtype},"card.cardType === ""Character"" ? ""character"" : ""other"".select[1]=otherwise; card.subtype === """" ? ""no"" : ""yes"".select[0]=""yes""",obsolete,,card_type; subtype,tx1_gzpqwfri3jmlrjj5ts3pddlsva,row1_ma4qhjbwdydzfpoalqoeaitypu,message,,src/cumulus/components/card/CardView.tsx:862:20,rev1_c7b2381b18467f146a6c62011b67b839ebe0587e783ac5e2265e4b2c98d0a54d
Energy X,Player-facing message for the reveal card energy variable interface state.,Energy X,,obsolete,,,tx1_h24rugmfnflneqrsihb7eblcga,row1_dwhtbnagwm2bgs6ks7wwmywshq,message,,src/cumulus/internal/reveal/context.tsx:144:11,rev1_f05e83ed64b828310df024a73421bd4dc59b24d09f68e77cea0b7313f50c2ad6
Creating Game,"Busy status while a new shared room is being created.

Title while a new shared room is being created.",Creating Game,,obsolete,,,tx1_h3tdlhjzfpjqswrmcclemfa6fe,row1_evrq2gvqmm5horoyxhz6hcxgxm,message,,src/coop/RoomGate.tsx:601:18; src/coop/RoomGate.tsx:609:22,rev1_c314c3d9993a73f2df83ca3f301f4248f1f4cc47212b4c023ad3cfbd48f1bc25
Defeat — Reopen,"Command that reopens a dismissed defeat or draw result. outcome is ""defeat"" or ""draw"" and identifies the result being reopened.",Defeat — Reopen,"outcome.select[0]=""defeat""",obsolete,,,tx1_hdouf5vejkynhnru2jd4loy4vy,row1_fhba56nqmu34dhe7scz6wtreda,message,,src/cumulus/screens/BattleResultSurface.tsx:114:16,rev1_f9d199fad6242252f6073dee849bb260bc91f437181f83b62fc93c1611e0c7d8
Draw — Reopen,"Command that reopens a dismissed defeat or draw result. outcome is ""defeat"" or ""draw"" and identifies the result being reopened.",Draw — Reopen,outcome.select[1]=otherwise,obsolete,,,tx1_hdouf5vejkynhnru2jd4loy4vy,row1_lrmmzfd42xfqn754wkgfme6psq,message,,src/cumulus/screens/BattleResultSurface.tsx:114:16,rev1_ecb94b46976452cac70c1a1c9b1d9a8c5af34ffe1d9484aec88e67509e01a36a
Sort deck by {selection},Accessible name for the deck sort control. selection is the displayed name of the active sort order.,Sort deck by {selection},,obsolete,,selection,tx1_hilhpgmoo3q73zcoiaqyo6mldm,row1_l5ov6dxsccdmcf3pm6dqzela2y,message,,src/cumulus/screens/MobileDeckViewer.tsx:406:11,rev1_1bcf3ce3b7bcd38ae923670ace824bfe4c283b8c8e511e3d46a7830ca220537e
{suit}: {outcome_label},Accessible name for one Four-Suit Reprise outcome row. suit is the canonical playing-card suit name and outcome_label is the authored complete outcome label associated with that suit.,{suit}: {outcome_label},,obsolete,,outcome_label; suit,tx1_ifi6j4qq2fu52dij754u3qsuha,row1_voockx4v7cb6zfmxpopdtespri,message,,src/cumulus/screens/GambleSiteScreen.tsx:3464:37,rev1_f92abec243062a274312d09eef98e470aa15a9cdac46ea7cdba07810035b570a
Sort ascending,Accessible command name for the compact Pool Viewer sort-direction control. The direction selector is asc for ascending order or desc for descending order.,Sort ascending,"direction.select[1]=""asc""",obsolete,,,tx1_ilj7wwix2gyuhw6bnjoiimccta,row1_clxf62mnoeiycgb5rgwgnz7x3i,message,,src/cumulus/screens/PoolViewerScreen.tsx:190:32,rev1_23feed01402287a3b9789880da83389e80371a9eb4e9283744ad76120030fbcd
Sort ascending,Accessible command name for the compact Pool Viewer sort-direction control. The direction selector is asc for ascending order or desc for descending order.,Sort ascending,direction.select[2]=otherwise,obsolete,,,tx1_ilj7wwix2gyuhw6bnjoiimccta,row1_mhemkjxytgyzktpao6sd6hkpv4,message,,src/cumulus/screens/PoolViewerScreen.tsx:190:32,rev1_cf4af31dabb45f42a74c3d02980902c54878b426f54af49921e2cbc79bdab4ef
Sort descending,Accessible command name for the compact Pool Viewer sort-direction control. The direction selector is asc for ascending order or desc for descending order.,Sort descending,"direction.select[0]=""desc""",obsolete,,,tx1_ilj7wwix2gyuhw6bnjoiimccta,row1_r35aydz52xftnczfnwfforc6ge,message,,src/cumulus/screens/PoolViewerScreen.tsx:190:32,rev1_c7f5e88e3231aa199d8eefd080e8e64dfd58f18170c5b08f68f1cc85e84f07e8
Gathering possibilities…,"Picker instruction or loading status. state is ""standard"" for the normal one-offer picker, ""enhanced"" when any owned card may be selected, or ""loading"" while the persisted choices are being prepared.",Gathering possibilities…,"view.ready ? view.isEnhanced ? ""enhanced"" : ""standard"" : ""loading"".select[2]=otherwise",obsolete,,,tx1_ipb3yy24pmc45ff5zdk5zevgky,row1_67g3cfgz2cdlf5zvnzrrwa7z7e,message,,src/cumulus/screens/DuplicationSiteScreen.tsx:124:17,rev1_0fe041dd60792cb67f8ed22b8456d878442666762aae25e28d15dea41961caa5
Choose a card to copy,"Picker instruction or loading status. state is ""standard"" for the normal one-offer picker, ""enhanced"" when any owned card may be selected, or ""loading"" while the persisted choices are being prepared.",Choose a card to copy,"view.ready ? view.isEnhanced ? ""enhanced"" : ""standard"" : ""loading"".select[0]=""standard""",obsolete,,,tx1_ipb3yy24pmc45ff5zdk5zevgky,row1_pjhlcifozmwqeedaq4pfclgb5u,message,,src/cumulus/screens/DuplicationSiteScreen.tsx:124:17,rev1_2d22962fa03174c1d94538ae6ca3e2736b39dce5a9254992f0992f0ca6c5f7ee
Choose any card to copy,"Picker instruction or loading status. state is ""standard"" for the normal one-offer picker, ""enhanced"" when any owned card may be selected, or ""loading"" while the persisted choices are being prepared.",Choose any card to copy,"view.ready ? view.isEnhanced ? ""enhanced"" : ""standard"" : ""loading"".select[1]=""enhanced""",obsolete,,,tx1_ipb3yy24pmc45ff5zdk5zevgky,row1_vzxnbkavql4fwxiwi2vys4zfa4,message,,src/cumulus/screens/DuplicationSiteScreen.tsx:124:17,rev1_c50f9d582e1798ee0e45fa5b699796d022a2d08f8f49783e7010cbd07353e43b
Defeat.,"Title for a terminal battle-result surface. outcome is ""victory"", ""defeat"", or ""draw"" from the current player's perspective.",Defeat.,"""victory"".select[1]=""defeat""",obsolete,,,tx1_j7q3ohy6c7tlrxal5mbgtonula,row1_4zd5jifnn6fnjliukyr2h4u6mu,message,,src/cumulus/screens/BattleResultSurface.tsx:207:14; src/cumulus/screens/BattleResultSurface.tsx:382:16,rev1_38556c151a71a51575a618925956d458e9f70ae13b029bd30a18f2459ccab65e
Draw.,"Title for a terminal battle-result surface. outcome is ""victory"", ""defeat"", or ""draw"" from the current player's perspective.",Draw.,"""victory"".select[2]=otherwise",obsolete,,,tx1_j7q3ohy6c7tlrxal5mbgtonula,row1_q52vuf3oebz3y3kf4kdkq5d7va,message,,src/cumulus/screens/BattleResultSurface.tsx:207:14; src/cumulus/screens/BattleResultSurface.tsx:382:16,rev1_dc4e1cf39a08e96c20a701f1db31f5e64d9a510f587bdb4b1c7375c6bdf736ef
Victory!,"Title for a terminal battle-result surface. outcome is ""victory"", ""defeat"", or ""draw"" from the current player's perspective.",Victory!,"""victory"".select[0]=""victory""",obsolete,,,tx1_j7q3ohy6c7tlrxal5mbgtonula,row1_zr3ooao22xnze366xieuozbdlq,message,,src/cumulus/screens/BattleResultSurface.tsx:207:14; src/cumulus/screens/BattleResultSurface.tsx:382:16,rev1_5f015e666c2d4391038ff7801ae43405bae39f87bcb10762d132b090b7c95a30
Opponent Turn,"Radial announcement when battle control passes between sides. owner is ""viewer"" when the active side matches the local perspective and ""opponent"" otherwise.",Opponent Turn,"announcement.side === perspective ? ""viewer"" : ""opponent"".select[1]=otherwise",obsolete,,,tx1_jkti5u5ngub6oxgxsqpbxvaw74,row1_hm62kauoeo5bjw2rgpoizq6wxe,message,,src/cumulus/screens/MobileBattleScreen.tsx:787:17,rev1_1e5498791bd6dbd81161f92aa2b42d205a58c6970a9701a39e82cb4ea5c4cebe
Your Turn,"Radial announcement when battle control passes between sides. owner is ""viewer"" when the active side matches the local perspective and ""opponent"" otherwise.",Your Turn,"announcement.side === perspective ? ""viewer"" : ""opponent"".select[0]=""viewer""",obsolete,,,tx1_jkti5u5ngub6oxgxsqpbxvaw74,row1_j3ucsf26xsqng2fcjm3mlzufqq,message,,src/cumulus/screens/MobileBattleScreen.tsx:787:17,rev1_a599223f6cdc7aca53a115d5f73ee4824b48b5851296ce2a49acae00dc086c49
Dreamtides,"Product eyebrow above application loading and shared-room creation states.

Product title at the front door.",Dreamtides,,obsolete,,,tx1_jllhwn67lhwflkvfedb7zsni7i,row1_5d7xb5ux3fz6jkhbbhwh4nitry,message,,src/cumulus/screens/ApplicationStateScreen.tsx:71:14; src/screens/cumulus_adapters/main-menu-view-model.ts:9:12,rev1_40e23cedc3e4dfe43a1ad3b1fe810a2e42a16bf2a981f3902f9fe54403eeecf1
{count} Card,"Count beneath the deck-browser title. count is the number of cards currently in the player's deck, is a non-negative integer, and can be zero.

Subtitle when every card in the selected battle zone is visible. count is the non-negative number of physical card entries in the zone and can be zero.",{count} Card,cards.length.plural=one,obsolete,,count,tx1_joqataaewnor7fo5uyrwv34qma,row1_nuouk52tbv3hoi6isiwq7uiysq,message,,src/cumulus/screens/CardZoneBrowserOverlay.tsx:239:9; src/cumulus/screens/DesktopDeckViewer.tsx:303:12; src/cumulus/screens/MobileDeckViewer.tsx:257:14,rev1_9b4d58d6623ee01f46acebfbe1c93ef0bc96e294badb6c90bc1747209d91d07d
{count} Cards,"Count beneath the deck-browser title. count is the number of cards currently in the player's deck, is a non-negative integer, and can be zero.

Subtitle when every card in the selected battle zone is visible. count is the non-negative number of physical card entries in the zone and can be zero.",{count} Cards,cards.length.plural=other,obsolete,,count,tx1_joqataaewnor7fo5uyrwv34qma,row1_yyet2fcrdmc6ibs3t23omr6nly,message,,src/cumulus/screens/CardZoneBrowserOverlay.tsx:239:9; src/cumulus/screens/DesktopDeckViewer.tsx:303:12; src/cumulus/screens/MobileDeckViewer.tsx:257:14,rev1_6b1775d61fb074b9c28cba5299b745757cf16fe0475a214777c81c225e26f1a7
+{amount} Cards,"Headline for an Exploration reward that modifies the next battle. modifier is ""openingHand"" when amount cards are added to the opening hand or ""startingEnergy"" when amount Energy is added. amount is a positive integer and the result applies to the current player.",+{amount} Cards,"battleModifierReward.modifier === ""opening-hand"" ? ""openingHand"" : ""startingEnergy"".select[0]=""openingHand""; battleModifierReward.amount.plural=other",obsolete,,amount,tx1_jxc34yrx2it23qibov6glx7b4e,row1_33nhbkk7m25ognekca6nivlfqm,message,,src/cumulus/screens/ExplorationSiteScreen.tsx:5019:25,rev1_dedb3f6e83a6e554ce51051080df460d2610f92643330c4d57d334b5d48a73d3
+{amount} ●,"Headline for an Exploration reward that modifies the next battle. modifier is ""openingHand"" when amount cards are added to the opening hand or ""startingEnergy"" when amount Energy is added. amount is a positive integer and the result applies to the current player.",+{amount} ●,"battleModifierReward.modifier === ""opening-hand"" ? ""openingHand"" : ""startingEnergy"".select[1]=otherwise",obsolete,,amount,tx1_jxc34yrx2it23qibov6glx7b4e,row1_lwbdqpiqluydp3jouwrvk6ajxe,message,,src/cumulus/screens/ExplorationSiteScreen.tsx:5019:25,rev1_1deea902ee0bba4ee5d9722ca5361428d9230b95d690f171fad9727a6c19b632
+{amount} Card,"Headline for an Exploration reward that modifies the next battle. modifier is ""openingHand"" when amount cards are added to the opening hand or ""startingEnergy"" when amount Energy is added. amount is a positive integer and the result applies to the current player.",+{amount} Card,"battleModifierReward.modifier === ""opening-hand"" ? ""openingHand"" : ""startingEnergy"".select[0]=""openingHand""; battleModifierReward.amount.plural=one",obsolete,,amount,tx1_jxc34yrx2it23qibov6glx7b4e,row1_sxc62vbw6e4ljw7cpzbv37ibwe,message,,src/cumulus/screens/ExplorationSiteScreen.tsx:5019:25,rev1_2e448b201f3893a36f60c766a0c88503d041d1b7b4f8eb3835fedfa19e18b62c
Journey Ended,"Title on the terminal Journey-failure screen. result is ""defeat"" when the opponent won or ""draw"" when the battle ended without a winner.",Journey Ended,"view.result.select[0]=""defeat""",obsolete,,,tx1_k3kuhnzum6aqnqnatqmeebm3yq,row1_2o322sj3vz2k3nbeo4jrho7mda,message,,src/cumulus/screens/JourneyFailedScreen.tsx:142:20,rev1_4b0f28452799da2b21f1a2e349848b2b19a858a374114f9b4468efe69ab97424
Stalemate,"Title on the terminal Journey-failure screen. result is ""defeat"" when the opponent won or ""draw"" when the battle ended without a winner.",Stalemate,view.result.select[1]=otherwise,obsolete,,,tx1_k3kuhnzum6aqnqnatqmeebm3yq,row1_uc2a7nmd453wybtdpeegiytqtq,message,,src/cumulus/screens/JourneyFailedScreen.tsx:142:20,rev1_76a9f7ae54723f3a348508af9cc7558f537da734852961454b8fa04b3f76c008
All costs,Compact visible Pool Viewer Energy-cost filter option that disables the cost filter.,All costs,,obsolete,,,tx1_ka24wg564qwlrazgsh2veb44da,row1_xnv5ddjn5hwxqpti4v7wwdgvoi,message,,src/cumulus/screens/PoolViewerScreen.tsx:363:24,rev1_746f951853691198f93fdac591a5d0364ae139a4e2d1525e540f92ab1e4c6b48
Close banished-cards browser,"Accessible name for the icon-only control that dismisses a battle card-zone browser. zone is ""deck"", ""void"", or ""banished"" with the meanings above.",Close banished-cards browser,zone.select[2]=otherwise,obsolete,,,tx1_ke623ugoe6nvgkcggalpomigcm,row1_bux5fuj4uuuis4727jdkaghbiq,message,,src/cumulus/screens/CardZoneBrowserOverlay.tsx:435:17,rev1_69e89a5f83dac240ff18a1167c1e21646f40044e53c71c1a231f39fcec7de7f6
Close deck browser,"Accessible name for the icon-only control that dismisses a battle card-zone browser. zone is ""deck"", ""void"", or ""banished"" with the meanings above.",Close deck browser,"zone.select[0]=""deck""",obsolete,,,tx1_ke623ugoe6nvgkcggalpomigcm,row1_kl2nm4wlvnvzbe6e2erwhjoqn4,message,,src/cumulus/screens/CardZoneBrowserOverlay.tsx:435:17,rev1_c688d6f0b78cad154fe75cd4a7a698147f0f0bf37c833d64887fd19e6ef2ed80
Close void browser,"Accessible name for the icon-only control that dismisses a battle card-zone browser. zone is ""deck"", ""void"", or ""banished"" with the meanings above.",Close void browser,"zone.select[1]=""void""",obsolete,,,tx1_ke623ugoe6nvgkcggalpomigcm,row1_rqhbmgyf6no2l3flzm5c4h7poe,message,,src/cumulus/screens/CardZoneBrowserOverlay.tsx:435:17,rev1_11501d7deef5852140e95b28a33c9b7e01ee9a3a10a1b856db87fc04364c9e7f
Events,"Compact visible Pool Viewer card-type filter label. The type selector is a closed product filter enum: all keeps both card types, character keeps Character cards, and event keeps Event cards.",Events,"card_type.select[1]=""event""",obsolete,,,tx1_ktqk3puy5mbrsvvkxy77f7kdnu,row1_kqmlts6czm5lcqehxp4omy7yha,message,,src/cumulus/screens/PoolViewerScreen.tsx:170:28,rev1_26b2036ede185cdd306e46ae8bbca5a3f680f688edfe2df744994777561d060c
Characters,"Compact visible Pool Viewer card-type filter label. The type selector is a closed product filter enum: all keeps both card types, character keeps Character cards, and event keeps Event cards.",Characters,"card_type.select[0]=""character""",obsolete,,,tx1_ktqk3puy5mbrsvvkxy77f7kdnu,row1_o5x3irgadpnv2v3vptv44vvide,message,,src/cumulus/screens/PoolViewerScreen.tsx:170:28,rev1_3295faa3c5bae121f4b1d35d8c340a87f88efe448f6e0ff8e56217fd5f2b6c5d
All,"Compact visible Pool Viewer card-type filter label. The type selector is a closed product filter enum: all keeps both card types, character keeps Character cards, and event keeps Event cards.",All,card_type.select[3]=otherwise,obsolete,,,tx1_ktqk3puy5mbrsvvkxy77f7kdnu,row1_t4avmfvktrt7alrlofh3vb2dbu,message,,src/cumulus/screens/PoolViewerScreen.tsx:170:28,rev1_529823fdb48427e6e3284c1e30e6f597d04ff147bbc0d991e597c95410e5184b
All,"Compact visible Pool Viewer card-type filter label. The type selector is a closed product filter enum: all keeps both card types, character keeps Character cards, and event keeps Event cards.",All,"card_type.select[2]=""all""",obsolete,,,tx1_ktqk3puy5mbrsvvkxy77f7kdnu,row1_zw7xe5n3owmac3bylvvpibhlwq,message,,src/cumulus/screens/PoolViewerScreen.tsx:170:28,rev1_a49a11543ac1cf7162453c9c6949c00be1c2cfdbd55f5836798db8b788d0dc4c
This character is exhausted and cannot move to the front rank.,"Transient tutorial battle movement error. reason is ""sendFailed"" when the current player's movement intent could not be submitted, ""exhaustedFrontRank"" when an exhausted Character cannot enter the front rank during the opponent's Dusk, or ""noLegalCell"" when the attempted drop has no legal destination.",This character is exhausted and cannot move to the front rank.,"movementStatusMessage === ""send-failed"" ? ""sendFailed"" : movementStatusMessage === ""exhausted-front-rank"" ? ""exhaustedFrontRank"" : ""noLegalCell"".select[1]=""exhaustedFrontRank""",obsolete,,,tx1_kyadk4hul6h4jsf3qgmdxmcvsi,row1_aszqck3f3hqy5xn23g4btwwxue,message,,src/cumulus/screens/TutorialBattleScreen.tsx:422:22,rev1_56f820f2e7e84abeb437bc78690c49b0191ce4bc2769a0fd6ba97246aa17fa15
No legal battlefield cell is available for this movement.,"Transient tutorial battle movement error. reason is ""sendFailed"" when the current player's movement intent could not be submitted, ""exhaustedFrontRank"" when an exhausted Character cannot enter the front rank during the opponent's Dusk, or ""noLegalCell"" when the attempted drop has no legal destination.",No legal battlefield cell is available for this movement.,"movementStatusMessage === ""send-failed"" ? ""sendFailed"" : movementStatusMessage === ""exhausted-front-rank"" ? ""exhaustedFrontRank"" : ""noLegalCell"".select[2]=otherwise",obsolete,,,tx1_kyadk4hul6h4jsf3qgmdxmcvsi,row1_euofz3qrnn6mqk3tu4asswjp4a,message,,src/cumulus/screens/TutorialBattleScreen.tsx:422:22,rev1_20a27501b3be67031ecc25d0ce0e996418e550d38e55b27a1597cd42a59c93a6
Movement failed to send. Try again.,"Transient tutorial battle movement error. reason is ""sendFailed"" when the current player's movement intent could not be submitted, ""exhaustedFrontRank"" when an exhausted Character cannot enter the front rank during the opponent's Dusk, or ""noLegalCell"" when the attempted drop has no legal destination.",Movement failed to send. Try again.,"movementStatusMessage === ""send-failed"" ? ""sendFailed"" : movementStatusMessage === ""exhausted-front-rank"" ? ""exhaustedFrontRank"" : ""noLegalCell"".select[0]=""sendFailed""",obsolete,,,tx1_kyadk4hul6h4jsf3qgmdxmcvsi,row1_y5qnjhch7tfrd6h2pfokc4o4zq,message,,src/cumulus/screens/TutorialBattleScreen.tsx:422:22,rev1_d03a3cfa6922b80f373c1526f0ea1bd98a60ee068a4b8c550b909607d65c089f
Your Void,"Title for a battle zone browser owned by the local player. zone is a semantic identifier: ""deck"" is the draw pile, ""void"" is the discard-like zone, and ""banished"" is the shared removed-from-play zone.",Your Void,"zone.select[1]=""void""",obsolete,,,tx1_lawaxcxjerxzxddnxdep37zcbi,row1_7rkvl732xpowiw7nr56kusp76a,message,,src/cumulus/screens/CardZoneBrowserOverlay.tsx:360:11,rev1_f3936c83865798ee24a50a7e724cc42f08e9bb5ffb3e91d7ba0389d08cc0cac9
Your Deck,"Title for a battle zone browser owned by the local player. zone is a semantic identifier: ""deck"" is the draw pile, ""void"" is the discard-like zone, and ""banished"" is the shared removed-from-play zone.",Your Deck,"zone.select[0]=""deck""",obsolete,,,tx1_lawaxcxjerxzxddnxdep37zcbi,row1_lhnygpppf33vpylskumxs2gy3e,message,,src/cumulus/screens/CardZoneBrowserOverlay.tsx:360:11,rev1_b5ce14bb1d47e85d119ea9bd70b2f1dfe3f265ceae972d6a92c180984dbc650c
Your Banished Cards,"Title for a battle zone browser owned by the local player. zone is a semantic identifier: ""deck"" is the draw pile, ""void"" is the discard-like zone, and ""banished"" is the shared removed-from-play zone.",Your Banished Cards,zone.select[2]=otherwise,obsolete,,,tx1_lawaxcxjerxzxddnxdep37zcbi,row1_nq2ag7rveci2rdggohnd5corlq,message,,src/cumulus/screens/CardZoneBrowserOverlay.tsx:360:11,rev1_56eba4735ca6b2e0f0b8f03505aac2aae1f80216ff9b3ef0daabcbaf0c24a5d0
All costs,Compact visible Pool Viewer Energy-cost filter option that selects cards with an exact printed cost of three. The displayed source label is All costs.,All costs,,obsolete,,,tx1_lgyoj3icwki6yexqouk6nl5unm,row1_mxpdhh64jqvrsllnxd6clpufoy,message,,src/cumulus/screens/PoolViewerScreen.tsx:379:22,rev1_d0f25cd2be6cd65bddbb7bd75584ca153b74a6c8e884b7c3a347614541b4c3c6
Spark {value},Player-facing message for the reveal card spark interface state.,Spark {value},,obsolete,,value,tx1_lo36stj4hy3nv7j6x2zqdwdjje,row1_j2icf5xsjux6ecueetmi3q4a5e,message,,src/cumulus/internal/reveal/context.tsx:161:11,rev1_cd212c5a133d58f1f0965cc8be3caf04d4a205f47414a772e635650ca99ab458
{visible_count} of {total_count} Card,"Subtitle when filters show only part of a battle zone. visible_count and total_count are non-negative card-entry counts; either can be zero.

Visible Pool Viewer result-count subtitle. visible_count is the nonnegative safe-integer number remaining after filters and may be smaller than total_count. total_count is the nonnegative safe-integer size of the selected source before filters and governs Card number grammar; both numbers are visible.",{visible_count} of {total_count} Card,cards.length.plural=one,obsolete,,total_count; visible_count,tx1_m6idluenyhv746mbrfu2nt2krq,row1_4fupser4vmd4uchyp3kj3ttr64,message,,src/cumulus/screens/CardZoneBrowserOverlay.tsx:244:9; src/cumulus/screens/PoolViewerScreen.tsx:254:21,rev1_cbe51f74816234333b6ffd4adbb601565e06a0e3782987312baec8dfb2495984
{visible_count} of {total_count} Cards,"Subtitle when filters show only part of a battle zone. visible_count and total_count are non-negative card-entry counts; either can be zero.

Visible Pool Viewer result-count subtitle. visible_count is the nonnegative safe-integer number remaining after filters and may be smaller than total_count. total_count is the nonnegative safe-integer size of the selected source before filters and governs Card number grammar; both numbers are visible.",{visible_count} of {total_count} Cards,cards.length.plural=other,obsolete,,total_count; visible_count,tx1_m6idluenyhv746mbrfu2nt2krq,row1_dmj2ltkllmtfvderj57rhw3aze,message,,src/cumulus/screens/CardZoneBrowserOverlay.tsx:244:9; src/cumulus/screens/PoolViewerScreen.tsx:254:21,rev1_cc42c79e79edc18211a2f8832e9523fcf906e9afe0bcf1d52af2b6e62f6fc113
"Energy added, {change_name}","Accessible name for a numeric stat orb on a card. stat is ""energy"" for the card's play cost, ""spark"" for its challenge strength, or ""dreamwellEnergy"" for Energy granted by a Dreamwell card. change identifies which stat badge is present, and change_name is the source-English Transfiguration form name supplied by the catalog. The visible numeral remains inside the same labeled element.","Energy added, {change_name}","variant.select[2]=otherwise; changeBadge?.kind ?? ""none"".select[1]=""kindled""",obsolete,,change_name,tx1_myvpjuss2ytfztou6npt44stau,row1_gcvw3mrhqzcweypjxov4yjd3u4,message,,src/cumulus/components/card/CardStatOrb.tsx:137:9,rev1_260f848caab9ea8ae81c738f792f60c4ef419cf263558fc4778467a8e56a5e22
"Energy added, {change_name}","Accessible name for a numeric stat orb on a card. stat is ""energy"" for the card's play cost, ""spark"" for its challenge strength, or ""dreamwellEnergy"" for Energy granted by a Dreamwell card. change identifies which stat badge is present, and change_name is the source-English Transfiguration form name supplied by the catalog. The visible numeral remains inside the same labeled element.","Energy added, {change_name}","variant.select[2]=otherwise; changeBadge?.kind ?? ""none"".select[0]=""empowered""",obsolete,,change_name,tx1_myvpjuss2ytfztou6npt44stau,row1_h33ccxaa6c567b4f5glk4l3lgy,message,,src/cumulus/components/card/CardStatOrb.tsx:137:9,rev1_f2ffc34d73cc878bbc772709055789f7665b2e3949e6531f7585fd2c5d9b50f1
"Spark, {change_name}","Accessible name for a numeric stat orb on a card. stat is ""energy"" for the card's play cost, ""spark"" for its challenge strength, or ""dreamwellEnergy"" for Energy granted by a Dreamwell card. change identifies which stat badge is present, and change_name is the source-English Transfiguration form name supplied by the catalog. The visible numeral remains inside the same labeled element.","Spark, {change_name}","variant.select[1]=""spark""; changeBadge?.kind ?? ""none"".select[1]=""kindled""",obsolete,,change_name,tx1_myvpjuss2ytfztou6npt44stau,row1_h5voibne45uqsn7ny3oprvh7v4,message,,src/cumulus/components/card/CardStatOrb.tsx:137:9,rev1_be88eb25449700f837d0f8a27edb32b70e92a3b294d70640ff04fe740942594e
"Spark, {change_name}","Accessible name for a numeric stat orb on a card. stat is ""energy"" for the card's play cost, ""spark"" for its challenge strength, or ""dreamwellEnergy"" for Energy granted by a Dreamwell card. change identifies which stat badge is present, and change_name is the source-English Transfiguration form name supplied by the catalog. The visible numeral remains inside the same labeled element.","Spark, {change_name}","variant.select[1]=""spark""; changeBadge?.kind ?? ""none"".select[0]=""empowered""",obsolete,,change_name,tx1_myvpjuss2ytfztou6npt44stau,row1_iyi6vkuumdlgoywq655abu3cmi,message,,src/cumulus/components/card/CardStatOrb.tsx:137:9,rev1_b52d40e1b7cad4a0401ae0683369bcbad9efdf4f328892659055c9150c012dfe
Spark,"Accessible name for a numeric stat orb on a card. stat is ""energy"" for the card's play cost, ""spark"" for its challenge strength, or ""dreamwellEnergy"" for Energy granted by a Dreamwell card. change identifies which stat badge is present, and change_name is the source-English Transfiguration form name supplied by the catalog. The visible numeral remains inside the same labeled element.",Spark,"variant.select[1]=""spark""; changeBadge?.kind ?? ""none"".select[2]=otherwise",obsolete,,change_name,tx1_myvpjuss2ytfztou6npt44stau,row1_lqqwl3ki66cy4r6qzvyokk47ue,message,,src/cumulus/components/card/CardStatOrb.tsx:137:9,rev1_4ecc1d1a3437c34f7cd23687a10c57df6ff12a40cdd54b0d656451547e0ebee2
Energy cost,"Accessible name for a numeric stat orb on a card. stat is ""energy"" for the card's play cost, ""spark"" for its challenge strength, or ""dreamwellEnergy"" for Energy granted by a Dreamwell card. change identifies which stat badge is present, and change_name is the source-English Transfiguration form name supplied by the catalog. The visible numeral remains inside the same labeled element.",Energy cost,"variant.select[0]=""energy""; changeBadge?.kind ?? ""none"".select[2]=otherwise",obsolete,,change_name,tx1_myvpjuss2ytfztou6npt44stau,row1_nl4zqqdknwd4jv7il56dzn5gja,message,,src/cumulus/components/card/CardStatOrb.tsx:137:9,rev1_b512ab4c7f7c5ada2b194cd6c14a435f2bf07460a0defa12cd271a256abcd518
"Energy cost, {change_name}","Accessible name for a numeric stat orb on a card. stat is ""energy"" for the card's play cost, ""spark"" for its challenge strength, or ""dreamwellEnergy"" for Energy granted by a Dreamwell card. change identifies which stat badge is present, and change_name is the source-English Transfiguration form name supplied by the catalog. The visible numeral remains inside the same labeled element.","Energy cost, {change_name}","variant.select[0]=""energy""; changeBadge?.kind ?? ""none"".select[1]=""kindled""",obsolete,,change_name,tx1_myvpjuss2ytfztou6npt44stau,row1_pe6q63a7lqnjpqz4szzi6ihmbm,message,,src/cumulus/components/card/CardStatOrb.tsx:137:9,rev1_e5cb2953dc742ffdf83c0ca46a18bd420cfc33b400fe1d5f1acd9b5569f218fa
Energy added,"Accessible name for a numeric stat orb on a card. stat is ""energy"" for the card's play cost, ""spark"" for its challenge strength, or ""dreamwellEnergy"" for Energy granted by a Dreamwell card. change identifies which stat badge is present, and change_name is the source-English Transfiguration form name supplied by the catalog. The visible numeral remains inside the same labeled element.",Energy added,"variant.select[2]=otherwise; changeBadge?.kind ?? ""none"".select[2]=otherwise",obsolete,,change_name,tx1_myvpjuss2ytfztou6npt44stau,row1_pjeko4mcgtfkglwsxxa5dw77oi,message,,src/cumulus/components/card/CardStatOrb.tsx:137:9,rev1_0389b6b913e198daab12df4eb0e475d0cd2cad2e4e8149a1da97ff89ea009b93
"Energy cost, {change_name}","Accessible name for a numeric stat orb on a card. stat is ""energy"" for the card's play cost, ""spark"" for its challenge strength, or ""dreamwellEnergy"" for Energy granted by a Dreamwell card. change identifies which stat badge is present, and change_name is the source-English Transfiguration form name supplied by the catalog. The visible numeral remains inside the same labeled element.","Energy cost, {change_name}","variant.select[0]=""energy""; changeBadge?.kind ?? ""none"".select[0]=""empowered""",obsolete,,change_name,tx1_myvpjuss2ytfztou6npt44stau,row1_znqm432mw2rdolqjdvgqf3cpnq,message,,src/cumulus/components/card/CardStatOrb.tsx:137:9,rev1_fc3f2d9495d5fba42507e278f378b1f973130906b2a3a8dddbc650249fd03c8f
Back,"Command that moves the developer-enabled phase control to the previous phase.

Command-menu action that returns from a nested group to its parent command list.",Back,,obsolete,,,tx1_mzbwi2sdlckvfuwkegvogtoqr4,row1_eeque536ycvwamwcpguegztw7y,message,,src/cumulus/components/overlay/CommandMenu.tsx:472:20; src/cumulus/components/overlay/CommandMenu.tsx:479:18; src/cumulus/screens/MobileBattleScreen.tsx:3880:19,rev1_72d8418d9beef6ed76ab89ff60bc7c12d70f1f506c13db2bcca8b2cfa8e73024
Climb to tier {tier_number} for {essence_cost} Essence,"Accessible command for the same Starway Stairs wager. stage is ""initial"" or ""climb""; tier_number is the one-based tier from 1 through 3; and essence_cost is the non-negative Essence price paid by the current player.",Climb to tier {tier_number} for {essence_cost} Essence,"currentTier.tierNumber === 1 ? ""initial"" : ""climb"".select[1]=otherwise",obsolete,,essence_cost; tier_number,tx1_n2ah3y6u65xehh7fxlj2nool3m,row1_dcjtsqgfy5goutspu66ssmxg4q,message,,src/cumulus/screens/GambleSiteScreen.tsx:2256:41,rev1_0ffb575cff39465048a9a86e6d92f7591fa4cc3cfc4a9adff2c1fff72a715c60
Bet {essence_cost} Essence on Starway Stairs,"Accessible command for the same Starway Stairs wager. stage is ""initial"" or ""climb""; tier_number is the one-based tier from 1 through 3; and essence_cost is the non-negative Essence price paid by the current player.",Bet {essence_cost} Essence on Starway Stairs,"currentTier.tierNumber === 1 ? ""initial"" : ""climb"".select[0]=""initial""",obsolete,,essence_cost; tier_number,tx1_n2ah3y6u65xehh7fxlj2nool3m,row1_exh6nctt34vpftr45rzrgdctxy,message,,src/cumulus/screens/GambleSiteScreen.tsx:2256:41,rev1_96dd02c813d3911425940e3077aec032db9552be2f35b5f0aca5be17ed08a4f4
All costs,Compact visible Pool Viewer Energy-cost filter option that selects cards with an exact printed cost of four. The displayed source label is All costs.,All costs,,obsolete,,,tx1_n5rangbwts3nbjmyb5xdmc2ezq,row1_4zp2lvv54tby2sa5kfcoxvurhi,message,,src/cumulus/screens/PoolViewerScreen.tsx:383:22,rev1_59cd8c9c0e163a26dd8528d6c024ad468bb53cfe7987b0d0cb8b437f2a89a67f
Transfigure,"Confirmation command at a Transfiguration site. state is ""ready"" before the current player commits the selected form or ""pending"" while it is being saved.",Transfigure,"""pending"".select[0]=""ready""",obsolete,,,tx1_nbl4vv7zwuxh5xknscqstpty3y,row1_ggiwp5crnyehndro7tsb7zarzm,message,,src/cumulus/screens/TransfigurationSiteScreen.tsx:550:22; src/cumulus/screens/TransfigurationSiteScreen.tsx:567:32; src/cumulus/screens/TransfigurationSiteScreen.tsx:579:34; src/cumulus/screens/TransfigurationSiteScreen.tsx:590:34; src/cumulus/screens/TransfigurationSiteScreen.tsx:604:32; src/cumulus/screens/TransfigurationSiteScreen.tsx:615:32,rev1_25d5959171f0b98af316c3011ee2aaccada805f1117392cfef141b39b58ac5a7
Reforging…,"Confirmation command at a Transfiguration site. state is ""ready"" before the current player commits the selected form or ""pending"" while it is being saved.",Reforging…,"""pending"".select[1]=otherwise",obsolete,,,tx1_nbl4vv7zwuxh5xknscqstpty3y,row1_hnzhc33z66pxans4vizsyezwwy,message,,src/cumulus/screens/TransfigurationSiteScreen.tsx:550:22; src/cumulus/screens/TransfigurationSiteScreen.tsx:567:32; src/cumulus/screens/TransfigurationSiteScreen.tsx:579:34; src/cumulus/screens/TransfigurationSiteScreen.tsx:590:34; src/cumulus/screens/TransfigurationSiteScreen.tsx:604:32; src/cumulus/screens/TransfigurationSiteScreen.tsx:615:32,rev1_5e1737ad2b96b2d24eeb1a30f08f88893eae5af2091f052a85c4fd3b1bc998c0
Bet on {gate_name} for {essence_cost} Essence,Accessible command for choosing one Gravok wager gate. gate_name is the authored gate display name with unknown grammar; essence_cost is the positive integer Essence paid by the current player.,Bet on {gate_name} for {essence_cost} Essence,,obsolete,,essence_cost; gate_name,tx1_ngfgg4fm3vuvtrgn4xnnjrd33q,row1_xsrntkbfgpjbkn3wq25bfk3xfq,message,,src/cumulus/screens/GambleSiteScreen.tsx:1172:27,rev1_1bfa2696d7285fda2401d1a1983b09fceaf146fb710f045bab43088268151485
{rank} of {suit},"Accessible name for a standard playing card. state is ""concealed"" for the face-down Four-Suit Reprise card or ""visible"" for a revealed card. rank and suit are canonical playing-card rank and suit display values.",{rank} of {suit},"""concealed"".select[0]=""visible""",obsolete,,rank; suit,tx1_nttpywjmfacmwdh2joyq7weneq,row1_aw3tli5qux6aog6eagng4symzm,message,,src/cumulus/components/card/PlayingCard.tsx:235:10; src/cumulus/components/card/PlayingCard.tsx:431:9,rev1_ea4f48b48ca35e9671b96a340e41d833252e080998541190f5f950231b48199e
Face-down four-suit playing card,"Accessible name for a standard playing card. state is ""concealed"" for the face-down Four-Suit Reprise card or ""visible"" for a revealed card. rank and suit are canonical playing-card rank and suit display values.",Face-down four-suit playing card,"""concealed"".select[1]=otherwise",obsolete,,rank; suit,tx1_nttpywjmfacmwdh2joyq7weneq,row1_y33ewhyzthkkr3b63u7judqpee,message,,src/cumulus/components/card/PlayingCard.tsx:235:10; src/cumulus/components/card/PlayingCard.tsx:431:9,rev1_885bfe3922717bd8727a05afb7d40c13bc0062b7554da6f2b89699456c107851
All costs,Compact visible Pool Viewer Energy-cost filter option that selects cards with an exact printed cost of two. The displayed source label is All costs.,All costs,,obsolete,,,tx1_o3zbcrwgvg5naut6ifszxm5bb4,row1_zvlqa3vut64t5loazzctomefoy,message,,src/cumulus/screens/PoolViewerScreen.tsx:375:22,rev1_8a8bf53060ee522a2a99ce6f6000e2d8b15e74bb18cbb0f053b3c6826272bc6e
Opponent Score,"Label beneath one numeric Journey-failure statistic. stat identifies battles won, final round, the current player's score, or the opponent's score. The numeral is rendered immediately above this label.",Opponent Score,stat.id.select[3]=otherwise,obsolete,,,tx1_oeom4ciqj7d2mcwugclvp3v3ay,row1_5tnez7fyjj6lrt4wmy45ng3lhm,message,,src/cumulus/screens/JourneyFailedScreen.tsx:302:10,rev1_577743fb0566deff462d21573370c2eee0444a187ea4ffc0f970adf73f094bd1
Battles Won,"Label beneath one numeric Journey-failure statistic. stat identifies battles won, final round, the current player's score, or the opponent's score. The numeral is rendered immediately above this label.",Battles Won,"stat.id.select[0]=""battles""",obsolete,,,tx1_oeom4ciqj7d2mcwugclvp3v3ay,row1_fvi4do56huqb43gltrfy4goake,message,,src/cumulus/screens/JourneyFailedScreen.tsx:302:10,rev1_b008f5236c3922227118daf6d6452e186ab0f896fcf8ff58146bc5c5a684e076
Your Score,"Label beneath one numeric Journey-failure statistic. stat identifies battles won, final round, the current player's score, or the opponent's score. The numeral is rendered immediately above this label.",Your Score,"stat.id.select[2]=""playerScore""",obsolete,,,tx1_oeom4ciqj7d2mcwugclvp3v3ay,row1_ofd5neepmxahzjdzhoa3655wuu,message,,src/cumulus/screens/JourneyFailedScreen.tsx:302:10,rev1_d8ad31507b3e173986dcfb59364b38074f5ed7da7c973c2df9af61258737b053
Final Round,"Label beneath one numeric Journey-failure statistic. stat identifies battles won, final round, the current player's score, or the opponent's score. The numeral is rendered immediately above this label.",Final Round,"stat.id.select[1]=""round""",obsolete,,,tx1_oeom4ciqj7d2mcwugclvp3v3ay,row1_vqjylbugbcyaa4foogpdp5yfu4,message,,src/cumulus/screens/JourneyFailedScreen.tsx:302:10,rev1_2d53da7b9fede22f39218a3cdec24f4c84463dc43c1828b4c3670e8b86eae9bb
Skip,"Command that declines an optional battle card picker.

Option that declines a battle confirmation prompt.",Skip,,obsolete,,,tx1_ohu7hyowgxd2bzyu7oyvpiazfm,row1_ukmhbi2jsxhteq7rc6lootlni4,message,,src/battle/components/battle-prompt-messages.ts:20:14; src/cumulus/screens/MobileBattleScreen.tsx:3624:12; src/cumulus/screens/MobileBattleScreen.tsx:3825:22,rev1_f415f6842c37fc829dc5cfb5c44d15491fac78bccbb2a687633fcb8f1d4bffc4
All costs,Compact visible Pool Viewer Energy-cost filter option that selects cards with an exact printed cost of zero. The displayed source label is All costs.,All costs,,obsolete,,,tx1_ojnu37p6xuilsfosiy7755iw64,row1_uakf6plztlxdfn4sb23wafj7ii,message,,src/cumulus/screens/PoolViewerScreen.tsx:367:22,rev1_f5bfbdf2c6ee6aad35dae9a34d780ef386ce878908affbbcdb7805ca5e65aafb
All costs,Compact visible Pool Viewer Energy-cost filter option that selects cards with an exact printed cost of one. The displayed source label is All costs.,All costs,,obsolete,,,tx1_oqtdz3y5qztkoodit7rdcgeadu,row1_kikj5jo7hv3wcb46rzb3slef34,message,,src/cumulus/screens/PoolViewerScreen.tsx:371:22,rev1_b7aad222bc74e7301a720f533d15fc505089542e1d15b5cb388fe5d1fbd44f79
Pick any card to reforge,"Picker instruction or loading status. state is ""standard"" for the normal one-offer picker, ""enhanced"" when any eligible card may be selected, or ""loading"" while the persisted choices are being prepared.",Pick any card to reforge,"ready ? (enhanced ? ""enhanced"" : ""standard"") : ""loading"".select[1]=""enhanced""",obsolete,,,tx1_p4jbgwq4tbxe5khmxwbqhhexiq,row1_l33swuijcu5nqu4blnn2o5ojau,message,,src/cumulus/screens/TransfigurationSiteScreen.tsx:386:9,rev1_4313e16f07a03e9a236a564b1665fee90f19adf35c3090e14c627feadf1d23a6
Choose a card to reforge,"Picker instruction or loading status. state is ""standard"" for the normal one-offer picker, ""enhanced"" when any eligible card may be selected, or ""loading"" while the persisted choices are being prepared.",Choose a card to reforge,"ready ? (enhanced ? ""enhanced"" : ""standard"") : ""loading"".select[0]=""standard""",obsolete,,,tx1_p4jbgwq4tbxe5khmxwbqhhexiq,row1_qqi5qisoevsy3wjko5b4f5nunq,message,,src/cumulus/screens/TransfigurationSiteScreen.tsx:386:9,rev1_8acdcdb17bf3d602e85e321832feaa833c1c3e7ba6aa40992fd33a64da49981b
Heating the forge…,"Picker instruction or loading status. state is ""standard"" for the normal one-offer picker, ""enhanced"" when any eligible card may be selected, or ""loading"" while the persisted choices are being prepared.",Heating the forge…,"ready ? (enhanced ? ""enhanced"" : ""standard"") : ""loading"".select[2]=otherwise",obsolete,,,tx1_p4jbgwq4tbxe5khmxwbqhhexiq,row1_rwk2jhl2orfoje3riza3itl53y,message,,src/cumulus/screens/TransfigurationSiteScreen.tsx:386:9,rev1_d18179f874842dff86c4bf8a37e0187847e06d07d93301f119d0d2f82015a45a
Turn Limit Reached,Short diagnostic cause on the Journey-failure summary. reason is one of the three stable battle termination reasons recorded in Journey state.,Turn Limit Reached,"view.reason.select[1]=""turn_limit_reached""",obsolete,,,tx1_pe2lfabml6rcujd35l5xa4efwi,row1_6ptlwtmsbmusvej4johiurwvbi,message,,src/cumulus/screens/JourneyFailedScreen.tsx:216:24,rev1_22afc40e3c55cc275d343eafb88975506d8e885aa7eb8a90b5119f647e27dd6b
Forced Result,Short diagnostic cause on the Journey-failure summary. reason is one of the three stable battle termination reasons recorded in Journey state.,Forced Result,view.reason.select[2]=otherwise,obsolete,,,tx1_pe2lfabml6rcujd35l5xa4efwi,row1_auuctyvhedf2h65oxbyf3aoocm,message,,src/cumulus/screens/JourneyFailedScreen.tsx:216:24,rev1_9c6fe77e052ea527d77ccf6ba3de5df3d60548a2e2582c57858dd7a682e10409
Score Threshold Reached,Short diagnostic cause on the Journey-failure summary. reason is one of the three stable battle termination reasons recorded in Journey state.,Score Threshold Reached,"view.reason.select[0]=""score_target_reached""",obsolete,,,tx1_pe2lfabml6rcujd35l5xa4efwi,row1_zcjd25zlclkd2jhc7vnfnev7oe,message,,src/cumulus/screens/JourneyFailedScreen.tsx:216:24,rev1_959d7db39c3ea976957592076ae98a2ddcf6876a082d2fe20cdf9eea4b5f5672
{winner_name} wins the challenge. {loser_name} dissolves into the player void.,"Accessible narration of the completed challenge in the tutorial battle. winner_name and loser_name are canonical card display names with unknown grammatical gender. loser_owner is ""player"" or ""opponent"" and identifies whose Void receives the losing card.",{winner_name} wins the challenge. {loser_name} dissolves into the player void.,"loser.owner === ""enemy"" ? ""opponent"" : ""player"".select[0]=""player""",obsolete,,loser_name; winner_name,tx1_pkzqujcq52enaksrq6ppoeh6xi,row1_hc7pslqc3cidqjvenxp3xturnu,message,,src/cumulus/screens/TutorialScreen.tsx:1456:19,rev1_15be90be5ec7e6606720de19a4d239defb847b961fc2ad434007ebd6c50a2edd
{winner_name} wins the challenge. {loser_name} dissolves into the opponent void.,"Accessible narration of the completed challenge in the tutorial battle. winner_name and loser_name are canonical card display names with unknown grammatical gender. loser_owner is ""player"" or ""opponent"" and identifies whose Void receives the losing card.",{winner_name} wins the challenge. {loser_name} dissolves into the opponent void.,"loser.owner === ""enemy"" ? ""opponent"" : ""player"".select[1]=otherwise",obsolete,,loser_name; winner_name,tx1_pkzqujcq52enaksrq6ppoeh6xi,row1_hdo5dt6fejf7tpnso7c7esozay,message,,src/cumulus/screens/TutorialScreen.tsx:1456:19,rev1_aae6cf2670decd762a994d4d222970e0089ea448bc3ccbbeaec6bd0911ae0db8
{owner} total {total},Player-facing message for the radial hand total accessible name interface state.,{owner} total {total},,obsolete,,owner; total,tx1_qcdqibfnxyjeu27lacftqmpmfa,row1_sls6ajlbxx5f6pwhzdugx54l5e,message,,src/cumulus/components/status/RadialAnnouncement.tsx:391:19,rev1_4c3cc2828543b6eb99cb55043f82de5fa69bf47b0ba39768e30c1d21b98498f4
Continue,"Primary command in a battle card picker. has_required_selection is ""yes"" when cards must be submitted and ""no"" when the picker can resolve immediately.",Continue,"requiredCount === 0 ? ""no"" : ""yes"".select[1]=otherwise",obsolete,,,tx1_qkdmlyqprkfrloujsjws5gq6pa,row1_2gvu4lcnswqkwiurmqepld3dfi,message,,src/cumulus/screens/MobileBattleScreen.tsx:3610:12; src/cumulus/screens/MobileBattleScreen.tsx:3835:20,rev1_c2dcae6b329386f455b2a6fe757cf396e146e5491de609879eb5031b464b1834
Submit,"Primary command in a battle card picker. has_required_selection is ""yes"" when cards must be submitted and ""no"" when the picker can resolve immediately.",Submit,"requiredCount === 0 ? ""no"" : ""yes"".select[0]=""yes""",obsolete,,,tx1_qkdmlyqprkfrloujsjws5gq6pa,row1_uo5k5u2ukm4wjtggbp5dk43cem,message,,src/cumulus/screens/MobileBattleScreen.tsx:3610:12; src/cumulus/screens/MobileBattleScreen.tsx:3835:20,rev1_f2f922f4adb73f14c09189a6ad40811e7d4b4579970258290067d7c88d687f69
{card_count} card type changed,Accessible completed-event summary for an Exploration action that atomically changes effective card types. card_count is the positive exact number of UUID-backed entries in the committed mapping.,{card_count} card type changed,cardTypeChangesReward.changes.length.plural=one,obsolete,,card_count,tx1_qpuy4pzysdh74ebk7ac7d2gxue,row1_7i2s5xd7fkfvwplyh6hpgveffq,message,,src/cumulus/screens/ExplorationSiteScreen.tsx:6449:25; src/cumulus/screens/ExplorationSiteScreen.tsx:6497:27,rev1_660fc70b1712332df2232cedb478555c1b7b4905b7de4937fd96de85e97ae670
{card_count} card types changed,Accessible completed-event summary for an Exploration action that atomically changes effective card types. card_count is the positive exact number of UUID-backed entries in the committed mapping.,{card_count} card types changed,cardTypeChangesReward.changes.length.plural=other,obsolete,,card_count,tx1_qpuy4pzysdh74ebk7ac7d2gxue,row1_yudcukmefhhjyl5fxupd5nwq6u,message,,src/cumulus/screens/ExplorationSiteScreen.tsx:6449:25; src/cumulus/screens/ExplorationSiteScreen.tsx:6497:27,rev1_afd1b34a5d4825b3d375d35a20c0c67b9688678faffdf585903e4e382c7c2d45
Unrevealed dreamscape — unrevealed,"Accessible name for one interactive Dream Atlas node. has_biome_name is ""yes"" after its authored dreamscape name is known and ""no"" while concealed; biome_name is that display name or an empty string. state is one of ""unrevealed"", ""revealedLocked"", ""available"", ""completed"", or ""forgone"" and describes the node's travel state. role is ""regular"", ""starter"", or ""boss"". has_known_dreamsign is ""yes"" when the node visibly promises a Dreamsign and ""no"" otherwise. All clauses describe the same node to a screen-reader user.",Unrevealed dreamscape — unrevealed,"node.biomeName === """" ? ""no"" : ""yes"".select[1]=otherwise; node.state.select[0]=""unrevealed""; role.select[2]=otherwise; model.knownDreamsignRef === null ? ""no"" : ""yes"".select[1]=otherwise",obsolete,,biome_name,tx1_qynd7dsdbd7pfys4umgv2kd35u,row1_23pg2d7kwbac4wfl7qt7gl5wk4,message,,src/cumulus/components/atlas/AtlasNode.tsx:194:21,rev1_48df254d68aff92abb747436c81142253201a6b588379fae72ec9c32e73abb89
{biome_name} — unrevealed— final boss— known Dreamsign here,"Accessible name for one interactive Dream Atlas node. has_biome_name is ""yes"" after its authored dreamscape name is known and ""no"" while concealed; biome_name is that display name or an empty string. state is one of ""unrevealed"", ""revealedLocked"", ""available"", ""completed"", or ""forgone"" and describes the node's travel state. role is ""regular"", ""starter"", or ""boss"". has_known_dreamsign is ""yes"" when the node visibly promises a Dreamsign and ""no"" otherwise. All clauses describe the same node to a screen-reader user.",{biome_name} — unrevealed— final boss— known Dreamsign here,"node.biomeName === """" ? ""no"" : ""yes"".select[0]=""yes""; node.state.select[0]=""unrevealed""; role.select[1]=""boss""; model.knownDreamsignRef === null ? ""no"" : ""yes"".select[0]=""yes""",obsolete,,biome_name,tx1_qynd7dsdbd7pfys4umgv2kd35u,row1_2cfevuwqd7hnbqpewdgxufwn3a,message,,src/cumulus/components/atlas/AtlasNode.tsx:194:21,rev1_4903eae159a9de7e758f1a515baeea01b0b6ffe6a91054d6b0ab2ec0005bc604
{biome_name} — available,"Accessible name for one interactive Dream Atlas node. has_biome_name is ""yes"" after its authored dreamscape name is known and ""no"" while concealed; biome_name is that display name or an empty string. state is one of ""unrevealed"", ""revealedLocked"", ""available"", ""completed"", or ""forgone"" and describes the node's travel state. role is ""regular"", ""starter"", or ""boss"". has_known_dreamsign is ""yes"" when the node visibly promises a Dreamsign and ""no"" otherwise. All clauses describe the same node to a screen-reader user.",{biome_name} — available,"node.biomeName === """" ? ""no"" : ""yes"".select[0]=""yes""; node.state.select[2]=""available""; role.select[2]=otherwise; model.knownDreamsignRef === null ? ""no"" : ""yes"".select[1]=otherwise",obsolete,,biome_name,tx1_qynd7dsdbd7pfys4umgv2kd35u,row1_2eb5yvuzlfrukqdruea4fq2qea,message,,src/cumulus/components/atlas/AtlasNode.tsx:194:21,rev1_02b5f9b38cda5f79d817391bfd542793976f48e9c7ae4eeaebbb5e71a902fa47
Unrevealed dreamscape — unreachable— starting dreamscape,"Accessible name for one interactive Dream Atlas node. has_biome_name is ""yes"" after its authored dreamscape name is known and ""no"" while concealed; biome_name is that display name or an empty string. state is one of ""unrevealed"", ""revealedLocked"", ""available"", ""completed"", or ""forgone"" and describes the node's travel state. role is ""regular"", ""starter"", or ""boss"". has_known_dreamsign is ""yes"" when the node visibly promises a Dreamsign and ""no"" otherwise. All clauses describe the same node to a screen-reader user.",Unrevealed dreamscape — unreachable— starting dreamscape,"node.biomeName === """" ? ""no"" : ""yes"".select[1]=otherwise; node.state.select[4]=otherwise; role.select[0]=""starter""; model.knownDreamsignRef === null ? ""no"" : ""yes"".select[1]=otherwise",obsolete,,biome_name,tx1_qynd7dsdbd7pfys4umgv2kd35u,row1_2jlndd665qtjsslrghwz7wl4dq,message,,src/cumulus/components/atlas/AtlasNode.tsx:194:21,rev1_00ed73412ac156554d12db1932e2f209085bf55f6814dddff262419d74ae885b
Unrevealed dreamscape — unreachable,"Accessible name for one interactive Dream Atlas node. has_biome_name is ""yes"" after its authored dreamscape name is known and ""no"" while concealed; biome_name is that display name or an empty string. state is one of ""unrevealed"", ""revealedLocked"", ""available"", ""completed"", or ""forgone"" and describes the node's travel state. role is ""regular"", ""starter"", or ""boss"". has_known_dreamsign is ""yes"" when the node visibly promises a Dreamsign and ""no"" otherwise. All clauses describe the same node to a screen-reader user.",Unrevealed dreamscape — unreachable,"node.biomeName === """" ? ""no"" : ""yes"".select[1]=otherwise; node.state.select[4]=otherwise; role.select[2]=otherwise; model.knownDreamsignRef === null ? ""no"" : ""yes"".select[1]=otherwise",obsolete,,biome_name,tx1_qynd7dsdbd7pfys4umgv2kd35u,row1_3bmebe75kf5zlfidjkzkbzdqzm,message,,src/cumulus/components/atlas/AtlasNode.tsx:194:21,rev1_532e4bbcbfd8eb08d4fb192ac32a5317ccc3488140e629feef8fdcd958a80230
{biome_name} — available— known Dreamsign here,"Accessible name for one interactive Dream Atlas node. has_biome_name is ""yes"" after its authored dreamscape name is known and ""no"" while concealed; biome_name is that display name or an empty string. state is one of ""unrevealed"", ""revealedLocked"", ""available"", ""completed"", or ""forgone"" and describes the node's travel state. role is ""regular"", ""starter"", or ""boss"". has_known_dreamsign is ""yes"" when the node visibly promises a Dreamsign and ""no"" otherwise. All clauses describe the same node to a screen-reader user.",{biome_name} — available— known Dreamsign here,"node.biomeName === """" ? ""no"" : ""yes"".select[0]=""yes""; node.state.select[2]=""available""; role.select[2]=otherwise; model.knownDreamsignRef === null ? ""no"" : ""yes"".select[0]=""yes""",obsolete,,biome_name,tx1_qynd7dsdbd7pfys4umgv2kd35u,row1_3qkdf3nki6hgscoij63z4y6k4y,message,,src/cumulus/components/atlas/AtlasNode.tsx:194:21,rev1_fa76d2959619bbb8e1643d6936968ade79c23bc01b788c789a5983c5fcb96b26
Unrevealed dreamscape — unrevealed— starting dreamscape,"Accessible name for one interactive Dream Atlas node. has_biome_name is ""yes"" after its authored dreamscape name is known and ""no"" while concealed; biome_name is that display name or an empty string. state is one of ""unrevealed"", ""revealedLocked"", ""available"", ""completed"", or ""forgone"" and describes the node's travel state. role is ""regular"", ""starter"", or ""boss"". has_known_dreamsign is ""yes"" when the node visibly promises a Dreamsign and ""no"" otherwise. All clauses describe the same node to a screen-reader user.",Unrevealed dreamscape — unrevealed— starting dreamscape,"node.biomeName === """" ? ""no"" : ""yes"".select[1]=otherwise; node.state.select[0]=""unrevealed""; role.select[0]=""starter""; model.knownDreamsignRef === null ? ""no"" : ""yes"".select[1]=otherwise",obsolete,,biome_name,tx1_qynd7dsdbd7pfys4umgv2kd35u,row1_642bwfg4mpf7su44au353465hm,message,,src/cumulus/components/atlas/AtlasNode.tsx:194:21,rev1_de1ae3db8455343b12f8b6628fd7c4b5ba2c56f5096470aeb98f81a52df4be57
{biome_name} — revealed and locked— final boss— known Dreamsign here,"Accessible name for one interactive Dream Atlas node. has_biome_name is ""yes"" after its authored dreamscape name is known and ""no"" while concealed; biome_name is that display name or an empty string. state is one of ""unrevealed"", ""revealedLocked"", ""available"", ""completed"", or ""forgone"" and describes the node's travel state. role is ""regular"", ""starter"", or ""boss"". has_known_dreamsign is ""yes"" when the node visibly promises a Dreamsign and ""no"" otherwise. All clauses describe the same node to a screen-reader user.",{biome_name} — revealed and locked— final boss— known Dreamsign here,"node.biomeName === """" ? ""no"" : ""yes"".select[0]=""yes""; node.state.select[1]=""revealedLocked""; role.select[1]=""boss""; model.knownDreamsignRef === null ? ""no"" : ""yes"".select[0]=""yes""",obsolete,,biome_name,tx1_qynd7dsdbd7pfys4umgv2kd35u,row1_7bavaztdgsqnnzryxpnt3zqqxm,message,,src/cumulus/components/atlas/AtlasNode.tsx:194:21,rev1_b0b6714d814b5ff605fde19b2791d0cbc8f3bbd92ddbf673d55e311cef899598
{biome_name} — unreachable— known Dreamsign here,"Accessible name for one interactive Dream Atlas node. has_biome_name is ""yes"" after its authored dreamscape name is known and ""no"" while concealed; biome_name is that display name or an empty string. state is one of ""unrevealed"", ""revealedLocked"", ""available"", ""completed"", or ""forgone"" and describes the node's travel state. role is ""regular"", ""starter"", or ""boss"". has_known_dreamsign is ""yes"" when the node visibly promises a Dreamsign and ""no"" otherwise. All clauses describe the same node to a screen-reader user.",{biome_name} — unreachable— known Dreamsign here,"node.biomeName === """" ? ""no"" : ""yes"".select[0]=""yes""; node.state.select[4]=otherwise; role.select[2]=otherwise; model.knownDreamsignRef === null ? ""no"" : ""yes"".select[0]=""yes""",obsolete,,biome_name,tx1_qynd7dsdbd7pfys4umgv2kd35u,row1_aj6o3gnr4zmftt2zt4bdimg24i,message,,src/cumulus/components/atlas/AtlasNode.tsx:194:21,rev1_0b249bf980522da57789a448c65966ab8758fa566f28a2d3474880cd9a834572
Unrevealed dreamscape — unreachable— known Dreamsign here,"Accessible name for one interactive Dream Atlas node. has_biome_name is ""yes"" after its authored dreamscape name is known and ""no"" while concealed; biome_name is that display name or an empty string. state is one of ""unrevealed"", ""revealedLocked"", ""available"", ""completed"", or ""forgone"" and describes the node's travel state. role is ""regular"", ""starter"", or ""boss"". has_known_dreamsign is ""yes"" when the node visibly promises a Dreamsign and ""no"" otherwise. All clauses describe the same node to a screen-reader user.",Unrevealed dreamscape — unreachable— known Dreamsign here,"node.biomeName === """" ? ""no"" : ""yes"".select[1]=otherwise; node.state.select[4]=otherwise; role.select[2]=otherwise; model.knownDreamsignRef === null ? ""no"" : ""yes"".select[0]=""yes""",obsolete,,biome_name,tx1_qynd7dsdbd7pfys4umgv2kd35u,row1_bo2poxh2f4cw567p5vhibh6iyy,message,,src/cumulus/components/atlas/AtlasNode.tsx:194:21,rev1_8af1fe549994adab6f832a1970ce0d65f5530e6b3ac3ddfec34b551a357ee637
Unrevealed dreamscape — available— starting dreamscape— known Dreamsign here,"Accessible name for one interactive Dream Atlas node. has_biome_name is ""yes"" after its authored dreamscape name is known and ""no"" while concealed; biome_name is that display name or an empty string. state is one of ""unrevealed"", ""revealedLocked"", ""available"", ""completed"", or ""forgone"" and describes the node's travel state. role is ""regular"", ""starter"", or ""boss"". has_known_dreamsign is ""yes"" when the node visibly promises a Dreamsign and ""no"" otherwise. All clauses describe the same node to a screen-reader user.",Unrevealed dreamscape — available— starting dreamscape— known Dreamsign here,"node.biomeName === """" ? ""no"" : ""yes"".select[1]=otherwise; node.state.select[2]=""available""; role.select[0]=""starter""; model.knownDreamsignRef === null ? ""no"" : ""yes"".select[0]=""yes""",obsolete,,biome_name,tx1_qynd7dsdbd7pfys4umgv2kd35u,row1_d7ca6qkauiaxmhnb4nidl44p2i,message,,src/cumulus/components/atlas/AtlasNode.tsx:194:21,rev1_88f17fc1224cc71026e252abdbbafb0a95977c18c7f4778ea93eacc9d1b72361
{biome_name} — revealed and locked— starting dreamscape— known Dreamsign here,"Accessible name for one interactive Dream Atlas node. has_biome_name is ""yes"" after its authored dreamscape name is known and ""no"" while concealed; biome_name is that display name or an empty string. state is one of ""unrevealed"", ""revealedLocked"", ""available"", ""completed"", or ""forgone"" and describes the node's travel state. role is ""regular"", ""starter"", or ""boss"". has_known_dreamsign is ""yes"" when the node visibly promises a Dreamsign and ""no"" otherwise. All clauses describe the same node to a screen-reader user.",{biome_name} — revealed and locked— starting dreamscape— known Dreamsign here,"node.biomeName === """" ? ""no"" : ""yes"".select[0]=""yes""; node.state.select[1]=""revealedLocked""; role.select[0]=""starter""; model.knownDreamsignRef === null ? ""no"" : ""yes"".select[0]=""yes""",obsolete,,biome_name,tx1_qynd7dsdbd7pfys4umgv2kd35u,row1_dedxcmmu2q2dyxeyqv27fu2fna,message,,src/cumulus/components/atlas/AtlasNode.tsx:194:21,rev1_3a63c52bb246ed92f7cc77edbd8f0d58b52b39d8f7bf8dfc771299c2eab8b301
Unrevealed dreamscape — completed,"Accessible name for one interactive Dream Atlas node. has_biome_name is ""yes"" after its authored dreamscape name is known and ""no"" while concealed; biome_name is that display name or an empty string. state is one of ""unrevealed"", ""revealedLocked"", ""available"", ""completed"", or ""forgone"" and describes the node's travel state. role is ""regular"", ""starter"", or ""boss"". has_known_dreamsign is ""yes"" when the node visibly promises a Dreamsign and ""no"" otherwise. All clauses describe the same node to a screen-reader user.",Unrevealed dreamscape — completed,"node.biomeName === """" ? ""no"" : ""yes"".select[1]=otherwise; node.state.select[3]=""completed""; role.select[2]=otherwise; model.knownDreamsignRef === null ? ""no"" : ""yes"".select[1]=otherwise",obsolete,,biome_name,tx1_qynd7dsdbd7pfys4umgv2kd35u,row1_epyg2g4c4wti2tbfzuup7uv76u,message,,src/cumulus/components/atlas/AtlasNode.tsx:194:21,rev1_7e0cfd8e5a25ed750cd62dba60774efe0d31d51fd06749393aa4dace81e76414
{biome_name} — available— final boss,"Accessible name for one interactive Dream Atlas node. has_biome_name is ""yes"" after its authored dreamscape name is known and ""no"" while concealed; biome_name is that display name or an empty string. state is one of ""unrevealed"", ""revealedLocked"", ""available"", ""completed"", or ""forgone"" and describes the node's travel state. role is ""regular"", ""starter"", or ""boss"". has_known_dreamsign is ""yes"" when the node visibly promises a Dreamsign and ""no"" otherwise. All clauses describe the same node to a screen-reader user.",{biome_name} — available— final boss,"node.biomeName === """" ? ""no"" : ""yes"".select[0]=""yes""; node.state.select[2]=""available""; role.select[1]=""boss""; model.knownDreamsignRef === null ? ""no"" : ""yes"".select[1]=otherwise",obsolete,,biome_name,tx1_qynd7dsdbd7pfys4umgv2kd35u,row1_f7xp3pe2rnguowtcyiolfvxpmm,message,,src/cumulus/components/atlas/AtlasNode.tsx:194:21,rev1_1bc8e2bec383a14edbaf8eccb2a6b6c673a132ecb2fdf2791c13555cfbd06b3c
Unrevealed dreamscape — available— final boss— known Dreamsign here,"Accessible name for one interactive Dream Atlas node. has_biome_name is ""yes"" after its authored dreamscape name is known and ""no"" while concealed; biome_name is that display name or an empty string. state is one of ""unrevealed"", ""revealedLocked"", ""available"", ""completed"", or ""forgone"" and describes the node's travel state. role is ""regular"", ""starter"", or ""boss"". has_known_dreamsign is ""yes"" when the node visibly promises a Dreamsign and ""no"" otherwise. All clauses describe the same node to a screen-reader user.",Unrevealed dreamscape — available— final boss— known Dreamsign here,"node.biomeName === """" ? ""no"" : ""yes"".select[1]=otherwise; node.state.select[2]=""available""; role.select[1]=""boss""; model.knownDreamsignRef === null ? ""no"" : ""yes"".select[0]=""yes""",obsolete,,biome_name,tx1_qynd7dsdbd7pfys4umgv2kd35u,row1_gdyfpr462l3oyhikevcfg3bw6y,message,,src/cumulus/components/atlas/AtlasNode.tsx:194:21,rev1_c29069fa9071aa3228350dbe13e53ffe05d8aa56f02e1cb66ec0a2e851790511
{biome_name} — completed— starting dreamscape,"Accessible name for one interactive Dream Atlas node. has_biome_name is ""yes"" after its authored dreamscape name is known and ""no"" while concealed; biome_name is that display name or an empty string. state is one of ""unrevealed"", ""revealedLocked"", ""available"", ""completed"", or ""forgone"" and describes the node's travel state. role is ""regular"", ""starter"", or ""boss"". has_known_dreamsign is ""yes"" when the node visibly promises a Dreamsign and ""no"" otherwise. All clauses describe the same node to a screen-reader user.",{biome_name} — completed— starting dreamscape,"node.biomeName === """" ? ""no"" : ""yes"".select[0]=""yes""; node.state.select[3]=""completed""; role.select[0]=""starter""; model.knownDreamsignRef === null ? ""no"" : ""yes"".select[1]=otherwise",obsolete,,biome_name,tx1_qynd7dsdbd7pfys4umgv2kd35u,row1_gxmzhjpah6i6uhp7d2ha6y7mou,message,,src/cumulus/components/atlas/AtlasNode.tsx:194:21,rev1_991a6a0ae13508f87b949178378e51526ad51ac6c9024d0dcccc8486b851b35f
Unrevealed dreamscape — completed— known Dreamsign here,"Accessible name for one interactive Dream Atlas node. has_biome_name is ""yes"" after its authored dreamscape name is known and ""no"" while concealed; biome_name is that display name or an empty string. state is one of ""unrevealed"", ""revealedLocked"", ""available"", ""completed"", or ""forgone"" and describes the node's travel state. role is ""regular"", ""starter"", or ""boss"". has_known_dreamsign is ""yes"" when the node visibly promises a Dreamsign and ""no"" otherwise. All clauses describe the same node to a screen-reader user.",Unrevealed dreamscape — completed— known Dreamsign here,"node.biomeName === """" ? ""no"" : ""yes"".select[1]=otherwise; node.state.select[3]=""completed""; role.select[2]=otherwise; model.knownDreamsignRef === null ? ""no"" : ""yes"".select[0]=""yes""",obsolete,,biome_name,tx1_qynd7dsdbd7pfys4umgv2kd35u,row1_hnc67j2qaedxy5wzmfupiefa6q,message,,src/cumulus/components/atlas/AtlasNode.tsx:194:21,rev1_b9c9f183b7909d289f68e6ea177f5cd7588eb4c681a48c7dfac6df1d97ed2956
{biome_name} — unrevealed— known Dreamsign here,"Accessible name for one interactive Dream Atlas node. has_biome_name is ""yes"" after its authored dreamscape name is known and ""no"" while concealed; biome_name is that display name or an empty string. state is one of ""unrevealed"", ""revealedLocked"", ""available"", ""completed"", or ""forgone"" and describes the node's travel state. role is ""regular"", ""starter"", or ""boss"". has_known_dreamsign is ""yes"" when the node visibly promises a Dreamsign and ""no"" otherwise. All clauses describe the same node to a screen-reader user.",{biome_name} — unrevealed— known Dreamsign here,"node.biomeName === """" ? ""no"" : ""yes"".select[0]=""yes""; node.state.select[0]=""unrevealed""; role.select[2]=otherwise; model.knownDreamsignRef === null ? ""no"" : ""yes"".select[0]=""yes""",obsolete,,biome_name,tx1_qynd7dsdbd7pfys4umgv2kd35u,row1_ia6b7vbjvwm7irtjerea65yniy,message,,src/cumulus/components/atlas/AtlasNode.tsx:194:21,rev1_01cbc794dd444d24058690b810ded92bec731aa404e777919c38744a2f500cde
Unrevealed dreamscape — available,"Accessible name for one interactive Dream Atlas node. has_biome_name is ""yes"" after its authored dreamscape name is known and ""no"" while concealed; biome_name is that display name or an empty string. state is one of ""unrevealed"", ""revealedLocked"", ""available"", ""completed"", or ""forgone"" and describes the node's travel state. role is ""regular"", ""starter"", or ""boss"". has_known_dreamsign is ""yes"" when the node visibly promises a Dreamsign and ""no"" otherwise. All clauses describe the same node to a screen-reader user.",Unrevealed dreamscape — available,"node.biomeName === """" ? ""no"" : ""yes"".select[1]=otherwise; node.state.select[2]=""available""; role.select[2]=otherwise; model.knownDreamsignRef === null ? ""no"" : ""yes"".select[1]=otherwise",obsolete,,biome_name,tx1_qynd7dsdbd7pfys4umgv2kd35u,row1_ic42plpy7ns7qc4ehmrgqglvmu,message,,src/cumulus/components/atlas/AtlasNode.tsx:194:21,rev1_a41b57f6c830ee4b3a5f40efe21adc6a511a30a81fb4f149c1408b01de78cd6b
{biome_name} — unreachable— final boss— known Dreamsign here,"Accessible name for one interactive Dream Atlas node. has_biome_name is ""yes"" after its authored dreamscape name is known and ""no"" while concealed; biome_name is that display name or an empty string. state is one of ""unrevealed"", ""revealedLocked"", ""available"", ""completed"", or ""forgone"" and describes the node's travel state. role is ""regular"", ""starter"", or ""boss"". has_known_dreamsign is ""yes"" when the node visibly promises a Dreamsign and ""no"" otherwise. All clauses describe the same node to a screen-reader user.",{biome_name} — unreachable— final boss— known Dreamsign here,"node.biomeName === """" ? ""no"" : ""yes"".select[0]=""yes""; node.state.select[4]=otherwise; role.select[1]=""boss""; model.knownDreamsignRef === null ? ""no"" : ""yes"".select[0]=""yes""",obsolete,,biome_name,tx1_qynd7dsdbd7pfys4umgv2kd35u,row1_idvahu6kdjseh4vkz4hvyu7kg4,message,,src/cumulus/components/atlas/AtlasNode.tsx:194:21,rev1_120609b34e8cbad2251d96426956a642ff347b48e5668f00ddca49e5ea3edbd4
Unrevealed dreamscape — revealed and locked,"Accessible name for one interactive Dream Atlas node. has_biome_name is ""yes"" after its authored dreamscape name is known and ""no"" while concealed; biome_name is that display name or an empty string. state is one of ""unrevealed"", ""revealedLocked"", ""available"", ""completed"", or ""forgone"" and describes the node's travel state. role is ""regular"", ""starter"", or ""boss"". has_known_dreamsign is ""yes"" when the node visibly promises a Dreamsign and ""no"" otherwise. All clauses describe the same node to a screen-reader user.",Unrevealed dreamscape — revealed and locked,"node.biomeName === """" ? ""no"" : ""yes"".select[1]=otherwise; node.state.select[1]=""revealedLocked""; role.select[2]=otherwise; model.knownDreamsignRef === null ? ""no"" : ""yes"".select[1]=otherwise",obsolete,,biome_name,tx1_qynd7dsdbd7pfys4umgv2kd35u,row1_ie4uvnwl6phcgfgp7sq3m73dvi,message,,src/cumulus/components/atlas/AtlasNode.tsx:194:21,rev1_16e11ff83605fa30045e070fa4a868aa9f4e3709970749454e6e926d871477b1
Unrevealed dreamscape — completed— starting dreamscape— known Dreamsign here,"Accessible name for one interactive Dream Atlas node. has_biome_name is ""yes"" after its authored dreamscape name is known and ""no"" while concealed; biome_name is that display name or an empty string. state is one of ""unrevealed"", ""revealedLocked"", ""available"", ""completed"", or ""forgone"" and describes the node's travel state. role is ""regular"", ""starter"", or ""boss"". has_known_dreamsign is ""yes"" when the node visibly promises a Dreamsign and ""no"" otherwise. All clauses describe the same node to a screen-reader user.",Unrevealed dreamscape — completed— starting dreamscape— known Dreamsign here,"node.biomeName === """" ? ""no"" : ""yes"".select[1]=otherwise; node.state.select[3]=""completed""; role.select[0]=""starter""; model.knownDreamsignRef === null ? ""no"" : ""yes"".select[0]=""yes""",obsolete,,biome_name,tx1_qynd7dsdbd7pfys4umgv2kd35u,row1_ijc6ubessmmavxgvl5keaksycy,message,,src/cumulus/components/atlas/AtlasNode.tsx:194:21,rev1_7ff15f397d152309ad6a433d06f6551a16b5da4e1132572376245a4b9f91b74f
Unrevealed dreamscape — unreachable— starting dreamscape— known Dreamsign here,"Accessible name for one interactive Dream Atlas node. has_biome_name is ""yes"" after its authored dreamscape name is known and ""no"" while concealed; biome_name is that display name or an empty string. state is one of ""unrevealed"", ""revealedLocked"", ""available"", ""completed"", or ""forgone"" and describes the node's travel state. role is ""regular"", ""starter"", or ""boss"". has_known_dreamsign is ""yes"" when the node visibly promises a Dreamsign and ""no"" otherwise. All clauses describe the same node to a screen-reader user.",Unrevealed dreamscape — unreachable— starting dreamscape— known Dreamsign here,"node.biomeName === """" ? ""no"" : ""yes"".select[1]=otherwise; node.state.select[4]=otherwise; role.select[0]=""starter""; model.knownDreamsignRef === null ? ""no"" : ""yes"".select[0]=""yes""",obsolete,,biome_name,tx1_qynd7dsdbd7pfys4umgv2kd35u,row1_iuos3pqfgvph26k7p6gcbgkx2q,message,,src/cumulus/components/atlas/AtlasNode.tsx:194:21,rev1_1673c4e3171543f64b2f0e9538fe9d593c78ac97aa1fd8bdafba0425f105212a
{biome_name} — completed— final boss— known Dreamsign here,"Accessible name for one interactive Dream Atlas node. has_biome_name is ""yes"" after its authored dreamscape name is known and ""no"" while concealed; biome_name is that display name or an empty string. state is one of ""unrevealed"", ""revealedLocked"", ""available"", ""completed"", or ""forgone"" and describes the node's travel state. role is ""regular"", ""starter"", or ""boss"". has_known_dreamsign is ""yes"" when the node visibly promises a Dreamsign and ""no"" otherwise. All clauses describe the same node to a screen-reader user.",{biome_name} — completed— final boss— known Dreamsign here,"node.biomeName === """" ? ""no"" : ""yes"".select[0]=""yes""; node.state.select[3]=""completed""; role.select[1]=""boss""; model.knownDreamsignRef === null ? ""no"" : ""yes"".select[0]=""yes""",obsolete,,biome_name,tx1_qynd7dsdbd7pfys4umgv2kd35u,row1_iyrqdkyr5yjrtv3gnyywu3ygna,message,,src/cumulus/components/atlas/AtlasNode.tsx:194:21,rev1_2174b581db3ca5d1b578414e198f165c7170bc60fc58d916aba5e420c5215db6
{biome_name} — completed— starting dreamscape— known Dreamsign here,"Accessible name for one interactive Dream Atlas node. has_biome_name is ""yes"" after its authored dreamscape name is known and ""no"" while concealed; biome_name is that display name or an empty string. state is one of ""unrevealed"", ""revealedLocked"", ""available"", ""completed"", or ""forgone"" and describes the node's travel state. role is ""regular"", ""starter"", or ""boss"". has_known_dreamsign is ""yes"" when the node visibly promises a Dreamsign and ""no"" otherwise. All clauses describe the same node to a screen-reader user.",{biome_name} — completed— starting dreamscape— known Dreamsign here,"node.biomeName === """" ? ""no"" : ""yes"".select[0]=""yes""; node.state.select[3]=""completed""; role.select[0]=""starter""; model.knownDreamsignRef === null ? ""no"" : ""yes"".select[0]=""yes""",obsolete,,biome_name,tx1_qynd7dsdbd7pfys4umgv2kd35u,row1_jx6hpagmz7jl4c2uusn4fumkb4,message,,src/cumulus/components/atlas/AtlasNode.tsx:194:21,rev1_c69fbd63109885205045ec887544d886c8c7eb10180e43669b6df5984b3056e2
{biome_name} — unreachable— final boss,"Accessible name for one interactive Dream Atlas node. has_biome_name is ""yes"" after its authored dreamscape name is known and ""no"" while concealed; biome_name is that display name or an empty string. state is one of ""unrevealed"", ""revealedLocked"", ""available"", ""completed"", or ""forgone"" and describes the node's travel state. role is ""regular"", ""starter"", or ""boss"". has_known_dreamsign is ""yes"" when the node visibly promises a Dreamsign and ""no"" otherwise. All clauses describe the same node to a screen-reader user.",{biome_name} — unreachable— final boss,"node.biomeName === """" ? ""no"" : ""yes"".select[0]=""yes""; node.state.select[4]=otherwise; role.select[1]=""boss""; model.knownDreamsignRef === null ? ""no"" : ""yes"".select[1]=otherwise",obsolete,,biome_name,tx1_qynd7dsdbd7pfys4umgv2kd35u,row1_kujuacg6clz6ytrjsa6ml5tv3y,message,,src/cumulus/components/atlas/AtlasNode.tsx:194:21,rev1_e3a4da0f8911493acf1e2fd2bf9005b99f70d8b28934741dc95f65d7fd767022
Unrevealed dreamscape — available— known Dreamsign here,"Accessible name for one interactive Dream Atlas node. has_biome_name is ""yes"" after its authored dreamscape name is known and ""no"" while concealed; biome_name is that display name or an empty string. state is one of ""unrevealed"", ""revealedLocked"", ""available"", ""completed"", or ""forgone"" and describes the node's travel state. role is ""regular"", ""starter"", or ""boss"". has_known_dreamsign is ""yes"" when the node visibly promises a Dreamsign and ""no"" otherwise. All clauses describe the same node to a screen-reader user.",Unrevealed dreamscape — available— known Dreamsign here,"node.biomeName === """" ? ""no"" : ""yes"".select[1]=otherwise; node.state.select[2]=""available""; role.select[2]=otherwise; model.knownDreamsignRef === null ? ""no"" : ""yes"".select[0]=""yes""",obsolete,,biome_name,tx1_qynd7dsdbd7pfys4umgv2kd35u,row1_l3bhzaixluqittcmwyyvgvx2h4,message,,src/cumulus/components/atlas/AtlasNode.tsx:194:21,rev1_f9cdb9b9d4a3dbeee34fb8ca193c86cbaa7da72399d1ea52340ac9cd600df4dd
Unrevealed dreamscape — completed— final boss,"Accessible name for one interactive Dream Atlas node. has_biome_name is ""yes"" after its authored dreamscape name is known and ""no"" while concealed; biome_name is that display name or an empty string. state is one of ""unrevealed"", ""revealedLocked"", ""available"", ""completed"", or ""forgone"" and describes the node's travel state. role is ""regular"", ""starter"", or ""boss"". has_known_dreamsign is ""yes"" when the node visibly promises a Dreamsign and ""no"" otherwise. All clauses describe the same node to a screen-reader user.",Unrevealed dreamscape — completed— final boss,"node.biomeName === """" ? ""no"" : ""yes"".select[1]=otherwise; node.state.select[3]=""completed""; role.select[1]=""boss""; model.knownDreamsignRef === null ? ""no"" : ""yes"".select[1]=otherwise",obsolete,,biome_name,tx1_qynd7dsdbd7pfys4umgv2kd35u,row1_l5nptdh3lkhwhvaym3pnayyr7m,message,,src/cumulus/components/atlas/AtlasNode.tsx:194:21,rev1_58987b646f5e8477ae3a94ded453247d03da995138774d77ceef942a4c89a3e7
{biome_name} — unreachable,"Accessible name for one interactive Dream Atlas node. has_biome_name is ""yes"" after its authored dreamscape name is known and ""no"" while concealed; biome_name is that display name or an empty string. state is one of ""unrevealed"", ""revealedLocked"", ""available"", ""completed"", or ""forgone"" and describes the node's travel state. role is ""regular"", ""starter"", or ""boss"". has_known_dreamsign is ""yes"" when the node visibly promises a Dreamsign and ""no"" otherwise. All clauses describe the same node to a screen-reader user.",{biome_name} — unreachable,"node.biomeName === """" ? ""no"" : ""yes"".select[0]=""yes""; node.state.select[4]=otherwise; role.select[2]=otherwise; model.knownDreamsignRef === null ? ""no"" : ""yes"".select[1]=otherwise",obsolete,,biome_name,tx1_qynd7dsdbd7pfys4umgv2kd35u,row1_laxqv2zkwwtp5axks4drcyg6ti,message,,src/cumulus/components/atlas/AtlasNode.tsx:194:21,rev1_4cc575300fd72bfc7b634477a3a339e4dedbf839aefe10ca26a89eb6a114b24b
{biome_name} — available— starting dreamscape,"Accessible name for one interactive Dream Atlas node. has_biome_name is ""yes"" after its authored dreamscape name is known and ""no"" while concealed; biome_name is that display name or an empty string. state is one of ""unrevealed"", ""revealedLocked"", ""available"", ""completed"", or ""forgone"" and describes the node's travel state. role is ""regular"", ""starter"", or ""boss"". has_known_dreamsign is ""yes"" when the node visibly promises a Dreamsign and ""no"" otherwise. All clauses describe the same node to a screen-reader user.",{biome_name} — available— starting dreamscape,"node.biomeName === """" ? ""no"" : ""yes"".select[0]=""yes""; node.state.select[2]=""available""; role.select[0]=""starter""; model.knownDreamsignRef === null ? ""no"" : ""yes"".select[1]=otherwise",obsolete,,biome_name,tx1_qynd7dsdbd7pfys4umgv2kd35u,row1_m3dve6wxxcz5nztxh47yhvps54,message,,src/cumulus/components/atlas/AtlasNode.tsx:194:21,rev1_ef97d58b7788823617446009facde316c4f992c7394a5aec48048b18ca6bd71c
{biome_name} — completed— final boss,"Accessible name for one interactive Dream Atlas node. has_biome_name is ""yes"" after its authored dreamscape name is known and ""no"" while concealed; biome_name is that display name or an empty string. state is one of ""unrevealed"", ""revealedLocked"", ""available"", ""completed"", or ""forgone"" and describes the node's travel state. role is ""regular"", ""starter"", or ""boss"". has_known_dreamsign is ""yes"" when the node visibly promises a Dreamsign and ""no"" otherwise. All clauses describe the same node to a screen-reader user.",{biome_name} — completed— final boss,"node.biomeName === """" ? ""no"" : ""yes"".select[0]=""yes""; node.state.select[3]=""completed""; role.select[1]=""boss""; model.knownDreamsignRef === null ? ""no"" : ""yes"".select[1]=otherwise",obsolete,,biome_name,tx1_qynd7dsdbd7pfys4umgv2kd35u,row1_maezoyggmrpvao4dwo2o4g5tee,message,,src/cumulus/components/atlas/AtlasNode.tsx:194:21,rev1_bd9c469101a2c492586f843e41f3a7f5e3e822824cc97d80ea6d990318cd8a13
Unrevealed dreamscape — revealed and locked— known Dreamsign here,"Accessible name for one interactive Dream Atlas node. has_biome_name is ""yes"" after its authored dreamscape name is known and ""no"" while concealed; biome_name is that display name or an empty string. state is one of ""unrevealed"", ""revealedLocked"", ""available"", ""completed"", or ""forgone"" and describes the node's travel state. role is ""regular"", ""starter"", or ""boss"". has_known_dreamsign is ""yes"" when the node visibly promises a Dreamsign and ""no"" otherwise. All clauses describe the same node to a screen-reader user.",Unrevealed dreamscape — revealed and locked— known Dreamsign here,"node.biomeName === """" ? ""no"" : ""yes"".select[1]=otherwise; node.state.select[1]=""revealedLocked""; role.select[2]=otherwise; model.knownDreamsignRef === null ? ""no"" : ""yes"".select[0]=""yes""",obsolete,,biome_name,tx1_qynd7dsdbd7pfys4umgv2kd35u,row1_nhb3b7d6ederqypfasywcuit7q,message,,src/cumulus/components/atlas/AtlasNode.tsx:194:21,rev1_78380f3a0d20f8e5a15763e14ed1901f717caf9536d70586ea2267a5554bf111
{biome_name} — unrevealed— starting dreamscape— known Dreamsign here,"Accessible name for one interactive Dream Atlas node. has_biome_name is ""yes"" after its authored dreamscape name is known and ""no"" while concealed; biome_name is that display name or an empty string. state is one of ""unrevealed"", ""revealedLocked"", ""available"", ""completed"", or ""forgone"" and describes the node's travel state. role is ""regular"", ""starter"", or ""boss"". has_known_dreamsign is ""yes"" when the node visibly promises a Dreamsign and ""no"" otherwise. All clauses describe the same node to a screen-reader user.",{biome_name} — unrevealed— starting dreamscape— known Dreamsign here,"node.biomeName === """" ? ""no"" : ""yes"".select[0]=""yes""; node.state.select[0]=""unrevealed""; role.select[0]=""starter""; model.knownDreamsignRef === null ? ""no"" : ""yes"".select[0]=""yes""",obsolete,,biome_name,tx1_qynd7dsdbd7pfys4umgv2kd35u,row1_nw6jbdyjk4vjtnlnb7b5vpkfx4,message,,src/cumulus/components/atlas/AtlasNode.tsx:194:21,rev1_76c6eaa5dc0b9e7e565290ed96965729678a4ac1ee0b27a4f958bd37c902e0a0
Unrevealed dreamscape — unrevealed— final boss— known Dreamsign here,"Accessible name for one interactive Dream Atlas node. has_biome_name is ""yes"" after its authored dreamscape name is known and ""no"" while concealed; biome_name is that display name or an empty string. state is one of ""unrevealed"", ""revealedLocked"", ""available"", ""completed"", or ""forgone"" and describes the node's travel state. role is ""regular"", ""starter"", or ""boss"". has_known_dreamsign is ""yes"" when the node visibly promises a Dreamsign and ""no"" otherwise. All clauses describe the same node to a screen-reader user.",Unrevealed dreamscape — unrevealed— final boss— known Dreamsign here,"node.biomeName === """" ? ""no"" : ""yes"".select[1]=otherwise; node.state.select[0]=""unrevealed""; role.select[1]=""boss""; model.knownDreamsignRef === null ? ""no"" : ""yes"".select[0]=""yes""",obsolete,,biome_name,tx1_qynd7dsdbd7pfys4umgv2kd35u,row1_nxtkbbchmjjs64h4zziogv6woa,message,,src/cumulus/components/atlas/AtlasNode.tsx:194:21,rev1_6f64e33b00ac6af8551f942ecbc7d3dec630165cce4b7d4edb576f90777d8b9e
Unrevealed dreamscape — revealed and locked— final boss,"Accessible name for one interactive Dream Atlas node. has_biome_name is ""yes"" after its authored dreamscape name is known and ""no"" while concealed; biome_name is that display name or an empty string. state is one of ""unrevealed"", ""revealedLocked"", ""available"", ""completed"", or ""forgone"" and describes the node's travel state. role is ""regular"", ""starter"", or ""boss"". has_known_dreamsign is ""yes"" when the node visibly promises a Dreamsign and ""no"" otherwise. All clauses describe the same node to a screen-reader user.",Unrevealed dreamscape — revealed and locked— final boss,"node.biomeName === """" ? ""no"" : ""yes"".select[1]=otherwise; node.state.select[1]=""revealedLocked""; role.select[1]=""boss""; model.knownDreamsignRef === null ? ""no"" : ""yes"".select[1]=otherwise",obsolete,,biome_name,tx1_qynd7dsdbd7pfys4umgv2kd35u,row1_ojnzhaosux4xmmwxdgyuk2zrlm,message,,src/cumulus/components/atlas/AtlasNode.tsx:194:21,rev1_4847e54fa2a9ce2207170ce1fdcb82b210a415cc267aded619cf4b0645e039fd
{biome_name} — unreachable— starting dreamscape,"Accessible name for one interactive Dream Atlas node. has_biome_name is ""yes"" after its authored dreamscape name is known and ""no"" while concealed; biome_name is that display name or an empty string. state is one of ""unrevealed"", ""revealedLocked"", ""available"", ""completed"", or ""forgone"" and describes the node's travel state. role is ""regular"", ""starter"", or ""boss"". has_known_dreamsign is ""yes"" when the node visibly promises a Dreamsign and ""no"" otherwise. All clauses describe the same node to a screen-reader user.",{biome_name} — unreachable— starting dreamscape,"node.biomeName === """" ? ""no"" : ""yes"".select[0]=""yes""; node.state.select[4]=otherwise; role.select[0]=""starter""; model.knownDreamsignRef === null ? ""no"" : ""yes"".select[1]=otherwise",obsolete,,biome_name,tx1_qynd7dsdbd7pfys4umgv2kd35u,row1_ombj6njdexwacx2fkfsfezyqr4,message,,src/cumulus/components/atlas/AtlasNode.tsx:194:21,rev1_de092f5be1600f58dc94e465dbd2fc33b55a852ef047c1bac727f1e7450346e1
Unrevealed dreamscape — revealed and locked— starting dreamscape— known Dreamsign here,"Accessible name for one interactive Dream Atlas node. has_biome_name is ""yes"" after its authored dreamscape name is known and ""no"" while concealed; biome_name is that display name or an empty string. state is one of ""unrevealed"", ""revealedLocked"", ""available"", ""completed"", or ""forgone"" and describes the node's travel state. role is ""regular"", ""starter"", or ""boss"". has_known_dreamsign is ""yes"" when the node visibly promises a Dreamsign and ""no"" otherwise. All clauses describe the same node to a screen-reader user.",Unrevealed dreamscape — revealed and locked— starting dreamscape— known Dreamsign here,"node.biomeName === """" ? ""no"" : ""yes"".select[1]=otherwise; node.state.select[1]=""revealedLocked""; role.select[0]=""starter""; model.knownDreamsignRef === null ? ""no"" : ""yes"".select[0]=""yes""",obsolete,,biome_name,tx1_qynd7dsdbd7pfys4umgv2kd35u,row1_p72phl4jtl36sn7my67rhdcncm,message,,src/cumulus/components/atlas/AtlasNode.tsx:194:21,rev1_c161d7cbf18674215f5debde0da757966400953e6225e939cba62b9c9e6b50e7
Unrevealed dreamscape — unreachable— final boss,"Accessible name for one interactive Dream Atlas node. has_biome_name is ""yes"" after its authored dreamscape name is known and ""no"" while concealed; biome_name is that display name or an empty string. state is one of ""unrevealed"", ""revealedLocked"", ""available"", ""completed"", or ""forgone"" and describes the node's travel state. role is ""regular"", ""starter"", or ""boss"". has_known_dreamsign is ""yes"" when the node visibly promises a Dreamsign and ""no"" otherwise. All clauses describe the same node to a screen-reader user.",Unrevealed dreamscape — unreachable— final boss,"node.biomeName === """" ? ""no"" : ""yes"".select[1]=otherwise; node.state.select[4]=otherwise; role.select[1]=""boss""; model.knownDreamsignRef === null ? ""no"" : ""yes"".select[1]=otherwise",obsolete,,biome_name,tx1_qynd7dsdbd7pfys4umgv2kd35u,row1_pupxm4zulmtn75auxojf4djz2q,message,,src/cumulus/components/atlas/AtlasNode.tsx:194:21,rev1_a1c9f00ac8921fbbfd7450e63097775444a98669f6e2d0e9d72c3341323e677a
{biome_name} — unrevealed— final boss,"Accessible name for one interactive Dream Atlas node. has_biome_name is ""yes"" after its authored dreamscape name is known and ""no"" while concealed; biome_name is that display name or an empty string. state is one of ""unrevealed"", ""revealedLocked"", ""available"", ""completed"", or ""forgone"" and describes the node's travel state. role is ""regular"", ""starter"", or ""boss"". has_known_dreamsign is ""yes"" when the node visibly promises a Dreamsign and ""no"" otherwise. All clauses describe the same node to a screen-reader user.",{biome_name} — unrevealed— final boss,"node.biomeName === """" ? ""no"" : ""yes"".select[0]=""yes""; node.state.select[0]=""unrevealed""; role.select[1]=""boss""; model.knownDreamsignRef === null ? ""no"" : ""yes"".select[1]=otherwise",obsolete,,biome_name,tx1_qynd7dsdbd7pfys4umgv2kd35u,row1_qrwd7ubldx23n3odclfk2njnua,message,,src/cumulus/components/atlas/AtlasNode.tsx:194:21,rev1_f06bffa82c9955e3a8e027d0fc8fdde0b59b6d727e38661e9c85b8f2c52a88c6
{biome_name} — revealed and locked— final boss,"Accessible name for one interactive Dream Atlas node. has_biome_name is ""yes"" after its authored dreamscape name is known and ""no"" while concealed; biome_name is that display name or an empty string. state is one of ""unrevealed"", ""revealedLocked"", ""available"", ""completed"", or ""forgone"" and describes the node's travel state. role is ""regular"", ""starter"", or ""boss"". has_known_dreamsign is ""yes"" when the node visibly promises a Dreamsign and ""no"" otherwise. All clauses describe the same node to a screen-reader user.",{biome_name} — revealed and locked— final boss,"node.biomeName === """" ? ""no"" : ""yes"".select[0]=""yes""; node.state.select[1]=""revealedLocked""; role.select[1]=""boss""; model.knownDreamsignRef === null ? ""no"" : ""yes"".select[1]=otherwise",obsolete,,biome_name,tx1_qynd7dsdbd7pfys4umgv2kd35u,row1_rhnnddjru5jofxzxlotchxge6e,message,,src/cumulus/components/atlas/AtlasNode.tsx:194:21,rev1_80a0d467ac8ce94d58d9ff5c9e2e21f17b871fc644160588b863ce31ee272ba8
{biome_name} — revealed and locked,"Accessible name for one interactive Dream Atlas node. has_biome_name is ""yes"" after its authored dreamscape name is known and ""no"" while concealed; biome_name is that display name or an empty string. state is one of ""unrevealed"", ""revealedLocked"", ""available"", ""completed"", or ""forgone"" and describes the node's travel state. role is ""regular"", ""starter"", or ""boss"". has_known_dreamsign is ""yes"" when the node visibly promises a Dreamsign and ""no"" otherwise. All clauses describe the same node to a screen-reader user.",{biome_name} — revealed and locked,"node.biomeName === """" ? ""no"" : ""yes"".select[0]=""yes""; node.state.select[1]=""revealedLocked""; role.select[2]=otherwise; model.knownDreamsignRef === null ? ""no"" : ""yes"".select[1]=otherwise",obsolete,,biome_name,tx1_qynd7dsdbd7pfys4umgv2kd35u,row1_rztwt6e53c7ohtfdsk7bshf6xa,message,,src/cumulus/components/atlas/AtlasNode.tsx:194:21,rev1_32f485f7f3d121ea16ea57e34eece589cdf7d1620bb770240a7ca3ff81290b83
Unrevealed dreamscape — unrevealed— known Dreamsign here,"Accessible name for one interactive Dream Atlas node. has_biome_name is ""yes"" after its authored dreamscape name is known and ""no"" while concealed; biome_name is that display name or an empty string. state is one of ""unrevealed"", ""revealedLocked"", ""available"", ""completed"", or ""forgone"" and describes the node's travel state. role is ""regular"", ""starter"", or ""boss"". has_known_dreamsign is ""yes"" when the node visibly promises a Dreamsign and ""no"" otherwise. All clauses describe the same node to a screen-reader user.",Unrevealed dreamscape — unrevealed— known Dreamsign here,"node.biomeName === """" ? ""no"" : ""yes"".select[1]=otherwise; node.state.select[0]=""unrevealed""; role.select[2]=otherwise; model.knownDreamsignRef === null ? ""no"" : ""yes"".select[0]=""yes""",obsolete,,biome_name,tx1_qynd7dsdbd7pfys4umgv2kd35u,row1_sgyis2q5cjqv7thhtypvemaktm,message,,src/cumulus/components/atlas/AtlasNode.tsx:194:21,rev1_c2c348fb27fe1609514e012bd71cf64b33cceb964d6d927eba7e8c8aaca73e3c
Unrevealed dreamscape — completed— final boss— known Dreamsign here,"Accessible name for one interactive Dream Atlas node. has_biome_name is ""yes"" after its authored dreamscape name is known and ""no"" while concealed; biome_name is that display name or an empty string. state is one of ""unrevealed"", ""revealedLocked"", ""available"", ""completed"", or ""forgone"" and describes the node's travel state. role is ""regular"", ""starter"", or ""boss"". has_known_dreamsign is ""yes"" when the node visibly promises a Dreamsign and ""no"" otherwise. All clauses describe the same node to a screen-reader user.",Unrevealed dreamscape — completed— final boss— known Dreamsign here,"node.biomeName === """" ? ""no"" : ""yes"".select[1]=otherwise; node.state.select[3]=""completed""; role.select[1]=""boss""; model.knownDreamsignRef === null ? ""no"" : ""yes"".select[0]=""yes""",obsolete,,biome_name,tx1_qynd7dsdbd7pfys4umgv2kd35u,row1_swabowhn3yn6b2r2kyca2scmza,message,,src/cumulus/components/atlas/AtlasNode.tsx:194:21,rev1_ca8e3984f6859dde69535a9dffcf29b76b2703d44d2b8f11d56a08c3c9808220
{biome_name} — completed,"Accessible name for one interactive Dream Atlas node. has_biome_name is ""yes"" after its authored dreamscape name is known and ""no"" while concealed; biome_name is that display name or an empty string. state is one of ""unrevealed"", ""revealedLocked"", ""available"", ""completed"", or ""forgone"" and describes the node's travel state. role is ""regular"", ""starter"", or ""boss"". has_known_dreamsign is ""yes"" when the node visibly promises a Dreamsign and ""no"" otherwise. All clauses describe the same node to a screen-reader user.",{biome_name} — completed,"node.biomeName === """" ? ""no"" : ""yes"".select[0]=""yes""; node.state.select[3]=""completed""; role.select[2]=otherwise; model.knownDreamsignRef === null ? ""no"" : ""yes"".select[1]=otherwise",obsolete,,biome_name,tx1_qynd7dsdbd7pfys4umgv2kd35u,row1_t3t7u7enusnbavacwxcaagamjq,message,,src/cumulus/components/atlas/AtlasNode.tsx:194:21,rev1_b8354faea9002a2e8a646c62efd6bccc5f58d9bd74cc34069a39cd06cf398a1b
{biome_name} — available— final boss— known Dreamsign here,"Accessible name for one interactive Dream Atlas node. has_biome_name is ""yes"" after its authored dreamscape name is known and ""no"" while concealed; biome_name is that display name or an empty string. state is one of ""unrevealed"", ""revealedLocked"", ""available"", ""completed"", or ""forgone"" and describes the node's travel state. role is ""regular"", ""starter"", or ""boss"". has_known_dreamsign is ""yes"" when the node visibly promises a Dreamsign and ""no"" otherwise. All clauses describe the same node to a screen-reader user.",{biome_name} — available— final boss— known Dreamsign here,"node.biomeName === """" ? ""no"" : ""yes"".select[0]=""yes""; node.state.select[2]=""available""; role.select[1]=""boss""; model.knownDreamsignRef === null ? ""no"" : ""yes"".select[0]=""yes""",obsolete,,biome_name,tx1_qynd7dsdbd7pfys4umgv2kd35u,row1_tb47bkd3iimmlupldzk3uxqumi,message,,src/cumulus/components/atlas/AtlasNode.tsx:194:21,rev1_a935934172396e41b7dda6ae607b2c861982b95bca30404734101f1264c6e7e3
Unrevealed dreamscape — unreachable— final boss— known Dreamsign here,"Accessible name for one interactive Dream Atlas node. has_biome_name is ""yes"" after its authored dreamscape name is known and ""no"" while concealed; biome_name is that display name or an empty string. state is one of ""unrevealed"", ""revealedLocked"", ""available"", ""completed"", or ""forgone"" and describes the node's travel state. role is ""regular"", ""starter"", or ""boss"". has_known_dreamsign is ""yes"" when the node visibly promises a Dreamsign and ""no"" otherwise. All clauses describe the same node to a screen-reader user.",Unrevealed dreamscape — unreachable— final boss— known Dreamsign here,"node.biomeName === """" ? ""no"" : ""yes"".select[1]=otherwise; node.state.select[4]=otherwise; role.select[1]=""boss""; model.knownDreamsignRef === null ? ""no"" : ""yes"".select[0]=""yes""",obsolete,,biome_name,tx1_qynd7dsdbd7pfys4umgv2kd35u,row1_tzrvl2j3dqt7cqydo4lbp5yuye,message,,src/cumulus/components/atlas/AtlasNode.tsx:194:21,rev1_136451f6799cafe5d4c2341929cda99ac8919e4103f242c040468c0631834576
Unrevealed dreamscape — unrevealed— final boss,"Accessible name for one interactive Dream Atlas node. has_biome_name is ""yes"" after its authored dreamscape name is known and ""no"" while concealed; biome_name is that display name or an empty string. state is one of ""unrevealed"", ""revealedLocked"", ""available"", ""completed"", or ""forgone"" and describes the node's travel state. role is ""regular"", ""starter"", or ""boss"". has_known_dreamsign is ""yes"" when the node visibly promises a Dreamsign and ""no"" otherwise. All clauses describe the same node to a screen-reader user.",Unrevealed dreamscape — unrevealed— final boss,"node.biomeName === """" ? ""no"" : ""yes"".select[1]=otherwise; node.state.select[0]=""unrevealed""; role.select[1]=""boss""; model.knownDreamsignRef === null ? ""no"" : ""yes"".select[1]=otherwise",obsolete,,biome_name,tx1_qynd7dsdbd7pfys4umgv2kd35u,row1_u2qoyqfk5owcl2kkyszmg3mlcy,message,,src/cumulus/components/atlas/AtlasNode.tsx:194:21,rev1_9a137454525ed2bf8f1496479e532f972e0a993b8afbedf9d1d3593fa5d3a186
{biome_name} — completed— known Dreamsign here,"Accessible name for one interactive Dream Atlas node. has_biome_name is ""yes"" after its authored dreamscape name is known and ""no"" while concealed; biome_name is that display name or an empty string. state is one of ""unrevealed"", ""revealedLocked"", ""available"", ""completed"", or ""forgone"" and describes the node's travel state. role is ""regular"", ""starter"", or ""boss"". has_known_dreamsign is ""yes"" when the node visibly promises a Dreamsign and ""no"" otherwise. All clauses describe the same node to a screen-reader user.",{biome_name} — completed— known Dreamsign here,"node.biomeName === """" ? ""no"" : ""yes"".select[0]=""yes""; node.state.select[3]=""completed""; role.select[2]=otherwise; model.knownDreamsignRef === null ? ""no"" : ""yes"".select[0]=""yes""",obsolete,,biome_name,tx1_qynd7dsdbd7pfys4umgv2kd35u,row1_une6k4b3ueqdvwabului7kbzau,message,,src/cumulus/components/atlas/AtlasNode.tsx:194:21,rev1_b677383fef15422c554d0e20860ba5fc413e758a21bb0937b1ffc5ada7e0a8e1
Unrevealed dreamscape — revealed and locked— starting dreamscape,"Accessible name for one interactive Dream Atlas node. has_biome_name is ""yes"" after its authored dreamscape name is known and ""no"" while concealed; biome_name is that display name or an empty string. state is one of ""unrevealed"", ""revealedLocked"", ""available"", ""completed"", or ""forgone"" and describes the node's travel state. role is ""regular"", ""starter"", or ""boss"". has_known_dreamsign is ""yes"" when the node visibly promises a Dreamsign and ""no"" otherwise. All clauses describe the same node to a screen-reader user.",Unrevealed dreamscape — revealed and locked— starting dreamscape,"node.biomeName === """" ? ""no"" : ""yes"".select[1]=otherwise; node.state.select[1]=""revealedLocked""; role.select[0]=""starter""; model.knownDreamsignRef === null ? ""no"" : ""yes"".select[1]=otherwise",obsolete,,biome_name,tx1_qynd7dsdbd7pfys4umgv2kd35u,row1_utkt6ajkslej3ndwaaig2uq2fy,message,,src/cumulus/components/atlas/AtlasNode.tsx:194:21,rev1_694277e3e318dfa2c6539688099c69f5a0ec2b45c5dec0b38f7f6199b9912e40
{biome_name} — revealed and locked— known Dreamsign here,"Accessible name for one interactive Dream Atlas node. has_biome_name is ""yes"" after its authored dreamscape name is known and ""no"" while concealed; biome_name is that display name or an empty string. state is one of ""unrevealed"", ""revealedLocked"", ""available"", ""completed"", or ""forgone"" and describes the node's travel state. role is ""regular"", ""starter"", or ""boss"". has_known_dreamsign is ""yes"" when the node visibly promises a Dreamsign and ""no"" otherwise. All clauses describe the same node to a screen-reader user.",{biome_name} — revealed and locked— known Dreamsign here,"node.biomeName === """" ? ""no"" : ""yes"".select[0]=""yes""; node.state.select[1]=""revealedLocked""; role.select[2]=otherwise; model.knownDreamsignRef === null ? ""no"" : ""yes"".select[0]=""yes""",obsolete,,biome_name,tx1_qynd7dsdbd7pfys4umgv2kd35u,row1_uzrxzb5kqttd367qrfibraxkzm,message,,src/cumulus/components/atlas/AtlasNode.tsx:194:21,rev1_ddd75545b6277672b85c381a819aaba31671ee8075c25145fe76c2b1fbad4a3f
{biome_name} — unrevealed— starting dreamscape,"Accessible name for one interactive Dream Atlas node. has_biome_name is ""yes"" after its authored dreamscape name is known and ""no"" while concealed; biome_name is that display name or an empty string. state is one of ""unrevealed"", ""revealedLocked"", ""available"", ""completed"", or ""forgone"" and describes the node's travel state. role is ""regular"", ""starter"", or ""boss"". has_known_dreamsign is ""yes"" when the node visibly promises a Dreamsign and ""no"" otherwise. All clauses describe the same node to a screen-reader user.",{biome_name} — unrevealed— starting dreamscape,"node.biomeName === """" ? ""no"" : ""yes"".select[0]=""yes""; node.state.select[0]=""unrevealed""; role.select[0]=""starter""; model.knownDreamsignRef === null ? ""no"" : ""yes"".select[1]=otherwise",obsolete,,biome_name,tx1_qynd7dsdbd7pfys4umgv2kd35u,row1_vhisp2wkdbp2pma5gliz2akyjq,message,,src/cumulus/components/atlas/AtlasNode.tsx:194:21,rev1_1aa3e20706d188eaaf29ccff5505876f274e6f448e7e2f10767db8b4ff3bd73f
Unrevealed dreamscape — unrevealed— starting dreamscape— known Dreamsign here,"Accessible name for one interactive Dream Atlas node. has_biome_name is ""yes"" after its authored dreamscape name is known and ""no"" while concealed; biome_name is that display name or an empty string. state is one of ""unrevealed"", ""revealedLocked"", ""available"", ""completed"", or ""forgone"" and describes the node's travel state. role is ""regular"", ""starter"", or ""boss"". has_known_dreamsign is ""yes"" when the node visibly promises a Dreamsign and ""no"" otherwise. All clauses describe the same node to a screen-reader user.",Unrevealed dreamscape — unrevealed— starting dreamscape— known Dreamsign here,"node.biomeName === """" ? ""no"" : ""yes"".select[1]=otherwise; node.state.select[0]=""unrevealed""; role.select[0]=""starter""; model.knownDreamsignRef === null ? ""no"" : ""yes"".select[0]=""yes""",obsolete,,biome_name,tx1_qynd7dsdbd7pfys4umgv2kd35u,row1_vhpwz4asv4roaol7rkrj2vnqtq,message,,src/cumulus/components/atlas/AtlasNode.tsx:194:21,rev1_7664f8b97c0341097567e223d099f1f1d40812d4adc77fc08962a55f4ca23eec
{biome_name} — revealed and locked— starting dreamscape,"Accessible name for one interactive Dream Atlas node. has_biome_name is ""yes"" after its authored dreamscape name is known and ""no"" while concealed; biome_name is that display name or an empty string. state is one of ""unrevealed"", ""revealedLocked"", ""available"", ""completed"", or ""forgone"" and describes the node's travel state. role is ""regular"", ""starter"", or ""boss"". has_known_dreamsign is ""yes"" when the node visibly promises a Dreamsign and ""no"" otherwise. All clauses describe the same node to a screen-reader user.",{biome_name} — revealed and locked— starting dreamscape,"node.biomeName === """" ? ""no"" : ""yes"".select[0]=""yes""; node.state.select[1]=""revealedLocked""; role.select[0]=""starter""; model.knownDreamsignRef === null ? ""no"" : ""yes"".select[1]=otherwise",obsolete,,biome_name,tx1_qynd7dsdbd7pfys4umgv2kd35u,row1_vm3mwlnjgaocbcpsyolepoa33a,message,,src/cumulus/components/atlas/AtlasNode.tsx:194:21,rev1_9b4f2f80eb4be736ef12e9aff5746bafaf183b7f8e7035307d19f5897463e9e3
{biome_name} — unreachable— starting dreamscape— known Dreamsign here,"Accessible name for one interactive Dream Atlas node. has_biome_name is ""yes"" after its authored dreamscape name is known and ""no"" while concealed; biome_name is that display name or an empty string. state is one of ""unrevealed"", ""revealedLocked"", ""available"", ""completed"", or ""forgone"" and describes the node's travel state. role is ""regular"", ""starter"", or ""boss"". has_known_dreamsign is ""yes"" when the node visibly promises a Dreamsign and ""no"" otherwise. All clauses describe the same node to a screen-reader user.",{biome_name} — unreachable— starting dreamscape— known Dreamsign here,"node.biomeName === """" ? ""no"" : ""yes"".select[0]=""yes""; node.state.select[4]=otherwise; role.select[0]=""starter""; model.knownDreamsignRef === null ? ""no"" : ""yes"".select[0]=""yes""",obsolete,,biome_name,tx1_qynd7dsdbd7pfys4umgv2kd35u,row1_w3fcugtzdhy7sfvi4ddhlzr764,message,,src/cumulus/components/atlas/AtlasNode.tsx:194:21,rev1_883cb3d34138d3339f891ea5d2db6c290ead0e902aeca79e85c2ed48acfce852
Unrevealed dreamscape — revealed and locked— final boss— known Dreamsign here,"Accessible name for one interactive Dream Atlas node. has_biome_name is ""yes"" after its authored dreamscape name is known and ""no"" while concealed; biome_name is that display name or an empty string. state is one of ""unrevealed"", ""revealedLocked"", ""available"", ""completed"", or ""forgone"" and describes the node's travel state. role is ""regular"", ""starter"", or ""boss"". has_known_dreamsign is ""yes"" when the node visibly promises a Dreamsign and ""no"" otherwise. All clauses describe the same node to a screen-reader user.",Unrevealed dreamscape — revealed and locked— final boss— known Dreamsign here,"node.biomeName === """" ? ""no"" : ""yes"".select[1]=otherwise; node.state.select[1]=""revealedLocked""; role.select[1]=""boss""; model.knownDreamsignRef === null ? ""no"" : ""yes"".select[0]=""yes""",obsolete,,biome_name,tx1_qynd7dsdbd7pfys4umgv2kd35u,row1_w6qwgnttkvd65fzns3n4vhapge,message,,src/cumulus/components/atlas/AtlasNode.tsx:194:21,rev1_027cf63e70afc0cf34132e2ad36ae5945197d19267ac5595b46356741d976fc9
Unrevealed dreamscape — available— final boss,"Accessible name for one interactive Dream Atlas node. has_biome_name is ""yes"" after its authored dreamscape name is known and ""no"" while concealed; biome_name is that display name or an empty string. state is one of ""unrevealed"", ""revealedLocked"", ""available"", ""completed"", or ""forgone"" and describes the node's travel state. role is ""regular"", ""starter"", or ""boss"". has_known_dreamsign is ""yes"" when the node visibly promises a Dreamsign and ""no"" otherwise. All clauses describe the same node to a screen-reader user.",Unrevealed dreamscape — available— final boss,"node.biomeName === """" ? ""no"" : ""yes"".select[1]=otherwise; node.state.select[2]=""available""; role.select[1]=""boss""; model.knownDreamsignRef === null ? ""no"" : ""yes"".select[1]=otherwise",obsolete,,biome_name,tx1_qynd7dsdbd7pfys4umgv2kd35u,row1_wqqc2uoydh4a2oqmbxblkfsxn4,message,,src/cumulus/components/atlas/AtlasNode.tsx:194:21,rev1_fd6e536622b8776165368964043b716c6d688c0c454c4af4664be13d880a50ce
{biome_name} — available— starting dreamscape— known Dreamsign here,"Accessible name for one interactive Dream Atlas node. has_biome_name is ""yes"" after its authored dreamscape name is known and ""no"" while concealed; biome_name is that display name or an empty string. state is one of ""unrevealed"", ""revealedLocked"", ""available"", ""completed"", or ""forgone"" and describes the node's travel state. role is ""regular"", ""starter"", or ""boss"". has_known_dreamsign is ""yes"" when the node visibly promises a Dreamsign and ""no"" otherwise. All clauses describe the same node to a screen-reader user.",{biome_name} — available— starting dreamscape— known Dreamsign here,"node.biomeName === """" ? ""no"" : ""yes"".select[0]=""yes""; node.state.select[2]=""available""; role.select[0]=""starter""; model.knownDreamsignRef === null ? ""no"" : ""yes"".select[0]=""yes""",obsolete,,biome_name,tx1_qynd7dsdbd7pfys4umgv2kd35u,row1_xcsnmob665o2wo32d3ftmiugve,message,,src/cumulus/components/atlas/AtlasNode.tsx:194:21,rev1_d8ea22a30ddd1964f6311ec3c197f6fb39d803f031d06a2c5bc93341b528bedf
{biome_name} — unrevealed,"Accessible name for one interactive Dream Atlas node. has_biome_name is ""yes"" after its authored dreamscape name is known and ""no"" while concealed; biome_name is that display name or an empty string. state is one of ""unrevealed"", ""revealedLocked"", ""available"", ""completed"", or ""forgone"" and describes the node's travel state. role is ""regular"", ""starter"", or ""boss"". has_known_dreamsign is ""yes"" when the node visibly promises a Dreamsign and ""no"" otherwise. All clauses describe the same node to a screen-reader user.",{biome_name} — unrevealed,"node.biomeName === """" ? ""no"" : ""yes"".select[0]=""yes""; node.state.select[0]=""unrevealed""; role.select[2]=otherwise; model.knownDreamsignRef === null ? ""no"" : ""yes"".select[1]=otherwise",obsolete,,biome_name,tx1_qynd7dsdbd7pfys4umgv2kd35u,row1_zft4fo6u4owdlumhokvnkkq4ji,message,,src/cumulus/components/atlas/AtlasNode.tsx:194:21,rev1_c2a49e4f1dec7677eb327fd4db0463c48cf1e58b3e48ec4ae0d1273f2138c4b8
Unrevealed dreamscape — available— starting dreamscape,"Accessible name for one interactive Dream Atlas node. has_biome_name is ""yes"" after its authored dreamscape name is known and ""no"" while concealed; biome_name is that display name or an empty string. state is one of ""unrevealed"", ""revealedLocked"", ""available"", ""completed"", or ""forgone"" and describes the node's travel state. role is ""regular"", ""starter"", or ""boss"". has_known_dreamsign is ""yes"" when the node visibly promises a Dreamsign and ""no"" otherwise. All clauses describe the same node to a screen-reader user.",Unrevealed dreamscape — available— starting dreamscape,"node.biomeName === """" ? ""no"" : ""yes"".select[1]=otherwise; node.state.select[2]=""available""; role.select[0]=""starter""; model.knownDreamsignRef === null ? ""no"" : ""yes"".select[1]=otherwise",obsolete,,biome_name,tx1_qynd7dsdbd7pfys4umgv2kd35u,row1_zh6n4rqmofafb5acia73so7mxa,message,,src/cumulus/components/atlas/AtlasNode.tsx:194:21,rev1_63abca96e5c295495fcc83eb0d20e26f4734120632cd3f29237a25160efdb10c
Unrevealed dreamscape — completed— starting dreamscape,"Accessible name for one interactive Dream Atlas node. has_biome_name is ""yes"" after its authored dreamscape name is known and ""no"" while concealed; biome_name is that display name or an empty string. state is one of ""unrevealed"", ""revealedLocked"", ""available"", ""completed"", or ""forgone"" and describes the node's travel state. role is ""regular"", ""starter"", or ""boss"". has_known_dreamsign is ""yes"" when the node visibly promises a Dreamsign and ""no"" otherwise. All clauses describe the same node to a screen-reader user.",Unrevealed dreamscape — completed— starting dreamscape,"node.biomeName === """" ? ""no"" : ""yes"".select[1]=otherwise; node.state.select[3]=""completed""; role.select[0]=""starter""; model.knownDreamsignRef === null ? ""no"" : ""yes"".select[1]=otherwise",obsolete,,biome_name,tx1_qynd7dsdbd7pfys4umgv2kd35u,row1_zyrmk4a6qfkqjbs3oxx7nnajgm,message,,src/cumulus/components/atlas/AtlasNode.tsx:194:21,rev1_b4e2bdbbd7216e194e1c235610eb56691f46789d2f60ebd869ec892422f8a7f4
This message could not be displayed.,Player-safe fallback for a malformed or unknown message descriptor. This is used when persisted or imported localization data cannot be trusted; it must not expose an internal message ID or the invalid value.,This message could not be displayed.,,obsolete,,,tx1_rdgvlpglpn5yxucrlslbjjjra4,row1_l2jpdbldma7ehgct4najwti76y,message,,src/cumulus/hooks/use-messages.ts:22:12,rev1_86e9692bd01131fca401cfa7ccc38d398afcd94f17ad83663d57d46621d13ca9
Opponent’s Deck,"Title for a battle zone browser owned by the opposing player. zone uses the same ""deck"", ""void"", and ""banished"" semantic identifiers as the local title.",Opponent’s Deck,"zone.select[0]=""deck""",obsolete,,,tx1_rwgc6finw2qn4enzvzv7w33ime,row1_3e3uri53apaa7yzhft7ucgkip4,message,,src/cumulus/screens/CardZoneBrowserOverlay.tsx:369:11,rev1_e4f0868ac19667d950e2f32b9c1bf42cae609b6cc00e3597d570901be7fc9def
Opponent’s Void,"Title for a battle zone browser owned by the opposing player. zone uses the same ""deck"", ""void"", and ""banished"" semantic identifiers as the local title.",Opponent’s Void,"zone.select[1]=""void""",obsolete,,,tx1_rwgc6finw2qn4enzvzv7w33ime,row1_bii45ecjyqeciqxeiab2an2che,message,,src/cumulus/screens/CardZoneBrowserOverlay.tsx:369:11,rev1_0142a16f58c1a567e5b7efb4641a097c125c0c1947997bc39b03ed09059cdda6
Opponent’s Banished Cards,"Title for a battle zone browser owned by the opposing player. zone uses the same ""deck"", ""void"", and ""banished"" semantic identifiers as the local title.",Opponent’s Banished Cards,zone.select[2]=otherwise,obsolete,,,tx1_rwgc6finw2qn4enzvzv7w33ime,row1_nifih5ryvtxq2zyif3u7b2yplq,message,,src/cumulus/screens/CardZoneBrowserOverlay.tsx:369:11,rev1_5a7df2cb590199d2f8cb2274ccdd128914fae919499e6335fffe67019ed7e37a
{side} deck order,Player-facing message for the battle deck order label interface state.,{side} deck order,,obsolete,,side,tx1_s4xi6uzxcf4gkuvztna4xtweeq,row1_jmdhgjj7xa5e2lvlsg6de6nnze,message,,src/battle/components/BattleDeckOrderPicker.tsx:66:14,rev1_0b857ca3450b56758e2afa0297044840d364d20e6bf0b15944eaec044beccc1c
Energy {value},"Game-card stat and trait clauses. Card names, types, rules, and authored text remain variables; Fluent owns the surrounding grammar.",Energy {value},,obsolete,,value,tx1_sdminbpono2u7n67ows4o4e6ou,row1_3uvcahl6ubtxjp7m7fsodgx5i4,message,,src/cumulus/internal/reveal/context.tsx:148:11,rev1_0a734a70d6f9b47026a5565f0225a4ff151c179e03ad9910ee93ccdbc2eaef71
Jack Gate,Player-facing message for the gamble gravok jack gate interface state.,Jack Gate,,obsolete,,,tx1_sh3dicifszcltqyxgwkqxcgl64,row1_nqcmtb3ywlf5xnofx3i22fhpr4,message,,src/cumulus/screens/GambleSiteScreen.tsx:591:14,rev1_bde90e2e5f7767d4312a26dd644c72589483f39f17c4de9578d869c83b58a610
Player challenger,"Accessible name for the challenger card in a battle challenge. owner is ""player"" for the local player's card or ""opponent"" for the opposing card.",Player challenger,"owner === ""enemy"" ? ""opponent"" : ""player"".select[0]=""player""",obsolete,,,tx1_svjop6lvpt7konsgrthx3wgp3u,row1_a24w4v2m5kvp4uzqtyo6vslt2q,message,,src/cumulus/screens/MobileBattleScreen.tsx:1577:19,rev1_b72d16510a452f2a977aac6143adb43afb65c2218e152fe032dc41cbfcb70c20
Opponent challenger,"Accessible name for the challenger card in a battle challenge. owner is ""player"" for the local player's card or ""opponent"" for the opposing card.",Opponent challenger,"owner === ""enemy"" ? ""opponent"" : ""player"".select[1]=otherwise",obsolete,,,tx1_svjop6lvpt7konsgrthx3wgp3u,row1_lm5irkuat6pjwwus7om3aqsfri,message,,src/cumulus/screens/MobileBattleScreen.tsx:1577:19,rev1_9c1d1019b27a049eb84318f98112401c2f7c1e82c0bcdefcbe593c6f1e2e8320
All costs,"Compact visible Pool Viewer Energy-cost filter option. Cost is a product enum, not a quantity: 0 through 4 select exact printed costs, 5plus selects five or more, x selects variable cost, and all disables this filter. Source English for the exact-digit states is intentionally preserved as All costs by the immutable migration parity contract.",All costs,"cost_filter.select[1]=""cost-1""",obsolete,,,tx1_trv65f54gsjy3mdr522kcvomxq,row1_33htyqw75dhjyyfpdib6x6en64,message,,src/cumulus/screens/PoolViewerScreen.tsx:223:30,rev1_ff76c34d72515ec7bcc526f63930c66a0f6c2b63e0c34005783102fb14b9c7bd
All costs,"Compact visible Pool Viewer Energy-cost filter option. Cost is a product enum, not a quantity: 0 through 4 select exact printed costs, 5plus selects five or more, x selects variable cost, and all disables this filter. Source English for the exact-digit states is intentionally preserved as All costs by the immutable migration parity contract.",All costs,cost_filter.select[7]=otherwise,obsolete,,,tx1_trv65f54gsjy3mdr522kcvomxq,row1_4eevv2eviepurtbqsdpj7o7rhu,message,,src/cumulus/screens/PoolViewerScreen.tsx:223:30,rev1_82254c3f89fd5726bac9a87556ea947b78ccc6dd73bf5417581cb8e93189c8ab
All costs,"Compact visible Pool Viewer Energy-cost filter option. Cost is a product enum, not a quantity: 0 through 4 select exact printed costs, 5plus selects five or more, x selects variable cost, and all disables this filter. Source English for the exact-digit states is intentionally preserved as All costs by the immutable migration parity contract.",All costs,"cost_filter.select[2]=""cost-2""",obsolete,,,tx1_trv65f54gsjy3mdr522kcvomxq,row1_7gukom7acroejy5dfiwn5hglf4,message,,src/cumulus/screens/PoolViewerScreen.tsx:223:30,rev1_f75c3f47d0f5a86418bd1a2b1dbe6415f6a888040e45aee40f4240d64914c6f4
Cost X,"Compact visible Pool Viewer Energy-cost filter option. Cost is a product enum, not a quantity: 0 through 4 select exact printed costs, 5plus selects five or more, x selects variable cost, and all disables this filter. Source English for the exact-digit states is intentionally preserved as All costs by the immutable migration parity contract.",Cost X,"cost_filter.select[6]=""cost-x""",obsolete,,,tx1_trv65f54gsjy3mdr522kcvomxq,row1_ezh42aypxy2tfw5wqspen6kxpy,message,,src/cumulus/screens/PoolViewerScreen.tsx:223:30,rev1_2cfade49fc7c9033cfd3a92542891e9e135200b237af1dbb633bf77834b4fca4
All costs,"Compact visible Pool Viewer Energy-cost filter option. Cost is a product enum, not a quantity: 0 through 4 select exact printed costs, 5plus selects five or more, x selects variable cost, and all disables this filter. Source English for the exact-digit states is intentionally preserved as All costs by the immutable migration parity contract.",All costs,"cost_filter.select[3]=""cost-3""",obsolete,,,tx1_trv65f54gsjy3mdr522kcvomxq,row1_hjet2rogkphtywyv5kwg4p43pu,message,,src/cumulus/screens/PoolViewerScreen.tsx:223:30,rev1_952de0facb949f07ceda8be6365dae7c7eb0e831814f14dfcc2e0f2a85c11c1f
Cost 5+,"Compact visible Pool Viewer Energy-cost filter option. Cost is a product enum, not a quantity: 0 through 4 select exact printed costs, 5plus selects five or more, x selects variable cost, and all disables this filter. Source English for the exact-digit states is intentionally preserved as All costs by the immutable migration parity contract.",Cost 5+,"cost_filter.select[5]=""cost-5plus""",obsolete,,,tx1_trv65f54gsjy3mdr522kcvomxq,row1_m65jltooyqjwljhd3taxwx3yxi,message,,src/cumulus/screens/PoolViewerScreen.tsx:223:30,rev1_ded40c2f1b4e8a84caaba384c12075617a4ef5ae8d938e61fa16efa7a71a7a95
All costs,"Compact visible Pool Viewer Energy-cost filter option. Cost is a product enum, not a quantity: 0 through 4 select exact printed costs, 5plus selects five or more, x selects variable cost, and all disables this filter. Source English for the exact-digit states is intentionally preserved as All costs by the immutable migration parity contract.",All costs,"cost_filter.select[4]=""cost-4""",obsolete,,,tx1_trv65f54gsjy3mdr522kcvomxq,row1_nkrxgwzw5rtnumars4jmfei4ga,message,,src/cumulus/screens/PoolViewerScreen.tsx:223:30,rev1_5f4781d893ed8923df0c8b4adf77f72b0aba5c78ca8adbeba002cb11d99cdac9
All costs,"Compact visible Pool Viewer Energy-cost filter option. Cost is a product enum, not a quantity: 0 through 4 select exact printed costs, 5plus selects five or more, x selects variable cost, and all disables this filter. Source English for the exact-digit states is intentionally preserved as All costs by the immutable migration parity contract.",All costs,"cost_filter.select[0]=""cost-0""",obsolete,,,tx1_trv65f54gsjy3mdr522kcvomxq,row1_ye4uwcrbarvxlditj23ks2b4wq,message,,src/cumulus/screens/PoolViewerScreen.tsx:223:30,rev1_97140f0115937423d3b5ff33945f90a475a3f0b5e907e610f57462d04e7fd699
Choose Again,"Player-facing message for the site choose again interface state.

Visible command that returns to the Transfiguration card picker.",Choose Again,,obsolete,,,tx1_ttlfvsg3rc6a3bj3izcw4soyby,row1_mspszxmc2mrv2gbhkprbyxzi2a,message,,src/cumulus/screens/AugurySiteScreen.tsx:459:22; src/cumulus/screens/TransfigurationSiteScreen.tsx:538:24,rev1_3c4386df184ba18c2905aba8967eecc2a0380ff1255de776243eebc9b0ed403d
{subtype},Compact headline for an Exploration deck subtype change. subtype is an opaque authored subtype name and is shown exactly as supplied.,{subtype},,obsolete,,subtype,tx1_u7yzztjewytdbb4rvcbou4llw4,row1_4mow44taqldxhfhejvknot3fjm,message,,src/cumulus/screens/ExplorationSiteScreen.tsx:787:11,rev1_baf67fd01fb73c0f31846b0a704df92eab117fb13246648096522ff5dbcaee3b
"Opponent’s turn, Dawn phase","Accessible description of the active side and phase on the battle timeline. owner is ""viewer"" for the local player's side or ""opponent"" for the opposing side. phase is ""dawn"", ""day"", ""dusk"", ""night"", or ""challenge"" and names the current Dreamtides battle phase of that side's turn.","Opponent’s turn, Dawn phase","position === ""near"" ? ""viewer"" : ""opponent"".select[1]=otherwise; phase.select[0]=""dawn""",obsolete,,,tx1_ucwmprmoeb2mi6nz3ljdhb2tkq,row1_4bss2sopwbs6b4ybasvt2xd76u,message,,src/cumulus/screens/MobileBattleScreen.tsx:1398:19,rev1_d7dda1da49088bf9085b79339a3bb7281f19ee0428e5fdc8d7f71ff29268d884
"Opponent’s turn, Night phase","Accessible description of the active side and phase on the battle timeline. owner is ""viewer"" for the local player's side or ""opponent"" for the opposing side. phase is ""dawn"", ""day"", ""dusk"", ""night"", or ""challenge"" and names the current Dreamtides battle phase of that side's turn.","Opponent’s turn, Night phase","position === ""near"" ? ""viewer"" : ""opponent"".select[1]=otherwise; phase.select[3]=""night""",obsolete,,,tx1_ucwmprmoeb2mi6nz3ljdhb2tkq,row1_5corghyqkqukmfwrabyk7otjoa,message,,src/cumulus/screens/MobileBattleScreen.tsx:1398:19,rev1_32593fdf640f5ee13c611027c0aa51b86da065cf0305840817eaa7ba2edbb25a
"Your turn, Night phase","Accessible description of the active side and phase on the battle timeline. owner is ""viewer"" for the local player's side or ""opponent"" for the opposing side. phase is ""dawn"", ""day"", ""dusk"", ""night"", or ""challenge"" and names the current Dreamtides battle phase of that side's turn.","Your turn, Night phase","position === ""near"" ? ""viewer"" : ""opponent"".select[0]=""viewer""; phase.select[3]=""night""",obsolete,,,tx1_ucwmprmoeb2mi6nz3ljdhb2tkq,row1_7vphz6vgmijtaiqh7fjvirst5e,message,,src/cumulus/screens/MobileBattleScreen.tsx:1398:19,rev1_100dbb29b6b2f13755812f333310f8dc97cfed43ef22246f16259f781db90395
"Your turn, Dawn phase","Accessible description of the active side and phase on the battle timeline. owner is ""viewer"" for the local player's side or ""opponent"" for the opposing side. phase is ""dawn"", ""day"", ""dusk"", ""night"", or ""challenge"" and names the current Dreamtides battle phase of that side's turn.","Your turn, Dawn phase","position === ""near"" ? ""viewer"" : ""opponent"".select[0]=""viewer""; phase.select[0]=""dawn""",obsolete,,,tx1_ucwmprmoeb2mi6nz3ljdhb2tkq,row1_amu5kycqyajm2htq6bhsgxr5ci,message,,src/cumulus/screens/MobileBattleScreen.tsx:1398:19,rev1_19b19df165dfb65e5c2de69a46a8707d42dd75645a0fa4b3acb9aa88203d0678
"Opponent’s turn, Dusk phase","Accessible description of the active side and phase on the battle timeline. owner is ""viewer"" for the local player's side or ""opponent"" for the opposing side. phase is ""dawn"", ""day"", ""dusk"", ""night"", or ""challenge"" and names the current Dreamtides battle phase of that side's turn.","Opponent’s turn, Dusk phase","position === ""near"" ? ""viewer"" : ""opponent"".select[1]=otherwise; phase.select[2]=""dusk""",obsolete,,,tx1_ucwmprmoeb2mi6nz3ljdhb2tkq,row1_aqe72g4uu64dn6pop6ggmkfsby,message,,src/cumulus/screens/MobileBattleScreen.tsx:1398:19,rev1_5e82c7e38a3e017c81ffade0fead7b4cf481c26267b9bd00b2f45a93b9f1b1d7
"Opponent’s turn, Challenge phase","Accessible description of the active side and phase on the battle timeline. owner is ""viewer"" for the local player's side or ""opponent"" for the opposing side. phase is ""dawn"", ""day"", ""dusk"", ""night"", or ""challenge"" and names the current Dreamtides battle phase of that side's turn.","Opponent’s turn, Challenge phase","position === ""near"" ? ""viewer"" : ""opponent"".select[1]=otherwise; phase.select[4]=otherwise",obsolete,,,tx1_ucwmprmoeb2mi6nz3ljdhb2tkq,row1_bhuoydib6limjknn3vvlcuokxm,message,,src/cumulus/screens/MobileBattleScreen.tsx:1398:19,rev1_8de0bf5e6f3133368d5688008a4a4f3e6055da43de7f0f396f9ddba0f460c5dc
"Your turn, Dusk phase","Accessible description of the active side and phase on the battle timeline. owner is ""viewer"" for the local player's side or ""opponent"" for the opposing side. phase is ""dawn"", ""day"", ""dusk"", ""night"", or ""challenge"" and names the current Dreamtides battle phase of that side's turn.","Your turn, Dusk phase","position === ""near"" ? ""viewer"" : ""opponent"".select[0]=""viewer""; phase.select[2]=""dusk""",obsolete,,,tx1_ucwmprmoeb2mi6nz3ljdhb2tkq,row1_c5egs2oau3oailw56y3h5eew7q,message,,src/cumulus/screens/MobileBattleScreen.tsx:1398:19,rev1_b6a584f1c748d2faa87930a9b399dde6e482f01fc0c4f5e1a029efdaf20c123f
"Your turn, Day phase","Accessible description of the active side and phase on the battle timeline. owner is ""viewer"" for the local player's side or ""opponent"" for the opposing side. phase is ""dawn"", ""day"", ""dusk"", ""night"", or ""challenge"" and names the current Dreamtides battle phase of that side's turn.","Your turn, Day phase","position === ""near"" ? ""viewer"" : ""opponent"".select[0]=""viewer""; phase.select[1]=""day""",obsolete,,,tx1_ucwmprmoeb2mi6nz3ljdhb2tkq,row1_oejrenrgdyooi76qf7zry2orda,message,,src/cumulus/screens/MobileBattleScreen.tsx:1398:19,rev1_1e519161a5354d68840adf6106be165ec53391f55e53872afde9f062e10096e6
"Your turn, Challenge phase","Accessible description of the active side and phase on the battle timeline. owner is ""viewer"" for the local player's side or ""opponent"" for the opposing side. phase is ""dawn"", ""day"", ""dusk"", ""night"", or ""challenge"" and names the current Dreamtides battle phase of that side's turn.","Your turn, Challenge phase","position === ""near"" ? ""viewer"" : ""opponent"".select[0]=""viewer""; phase.select[4]=otherwise",obsolete,,,tx1_ucwmprmoeb2mi6nz3ljdhb2tkq,row1_r4dkn2sfdfrg2o5clqw5dkkooa,message,,src/cumulus/screens/MobileBattleScreen.tsx:1398:19,rev1_2b35ec067b2a5a08c75af910bc49c6744532608cda77d278598e61ab132c5ec8
"Opponent’s turn, Day phase","Accessible description of the active side and phase on the battle timeline. owner is ""viewer"" for the local player's side or ""opponent"" for the opposing side. phase is ""dawn"", ""day"", ""dusk"", ""night"", or ""challenge"" and names the current Dreamtides battle phase of that side's turn.","Opponent’s turn, Day phase","position === ""near"" ? ""viewer"" : ""opponent"".select[1]=otherwise; phase.select[1]=""day""",obsolete,,,tx1_ucwmprmoeb2mi6nz3ljdhb2tkq,row1_yppuzp4h63lg73pnvec6mwezte,message,,src/cumulus/screens/MobileBattleScreen.tsx:1398:19,rev1_49c7eb4688e89ddff6a2ebef715ff7dc8c869c523de6b696cd309c8f0c5bd4d4
Close,"Accessible action name for the control that dismisses a dialog.

Action that closes an application error boundary and returns to the previous surface.

Player-facing message for the journey status close action interface state.",Close,,obsolete,,,tx1_uo4v63ye7h477ja62rh26fjc5a,row1_cimeep5o3k5o7634jf2xrwntu4,message,,src/components/LocalizedErrorBoundaryFallback.tsx:94:15; src/cumulus/components/hud/JourneyStatusBar.tsx:373:15; src/cumulus/components/overlay/GlassDialog.tsx:166:16,rev1_69ca5d1a03c0405c275d21b6af659e0719dcc998430b3b4c32739fe7aaf65988
{replacement_count} cards replaced,Accessible completed-event summary for an Exploration action that atomically replaces ordinary deck entries. replacement_count is the positive exact number of source-to-minted mappings in the committed resolution.,{replacement_count} cards replaced,cardReplacementReward.replacements.length.plural=other,obsolete,,replacement_count,tx1_utsokr4z4osekdv53zlh2brnui,row1_757xqmhadmray7unjawvduunqq,message,,src/cumulus/screens/ExplorationSiteScreen.tsx:6573:25; src/cumulus/screens/ExplorationSiteScreen.tsx:6621:27; src/cumulus/screens/ExplorationSiteScreen.tsx:6748:27,rev1_2797bd1b6fff8b922ab578a93037c8c13a792a3bc025cc1ee2c2154b0f6ee53b
{replacement_count} card replaced,Accessible completed-event summary for an Exploration action that atomically replaces ordinary deck entries. replacement_count is the positive exact number of source-to-minted mappings in the committed resolution.,{replacement_count} card replaced,cardReplacementReward.replacements.length.plural=one,obsolete,,replacement_count,tx1_utsokr4z4osekdv53zlh2brnui,row1_h7rymd5zvgebhjt7vbactxgifq,message,,src/cumulus/screens/ExplorationSiteScreen.tsx:6573:25; src/cumulus/screens/ExplorationSiteScreen.tsx:6621:27; src/cumulus/screens/ExplorationSiteScreen.tsx:6748:27,rev1_4420a95158d6d0c16713a7c4e30841157af61ad18b3f6657402fd3d9815e0fb6
{term}. {definition},One glossary definition entry in a hidden reveal description.,{term}. {definition},,obsolete,,definition; term,tx1_vtzzlqrs22sboi5x2pffrspxha,row1_earkreki45jt3kgvxdodbjcmii,message,,src/cumulus/internal/reveal/context.tsx:88:9,rev1_eb7dc074f0bd63b72bd58f7c64f43df76712a93d8bc70032da3b48dcd49189d6
Ability,"Player-facing message for the battle start ability label interface state.

Player-facing message for the tutorial feature ability interface state.",Ability,,obsolete,,,tx1_vu752bo5a7se4tjr2667mgjqsa,row1_imk6j2uojaxdn52a3z3pr2qija,message,,src/cumulus/components/overlay/TutorialFeatureCallout.tsx:45:12; src/cumulus/screens/BattleStartScreen.tsx:340:22,rev1_d29262ec5c41efcdcd87cd75d388e358947240e8b657c1586d3beba71bb556f8
Pool Viewer,"Player-facing message for the journey menu pool viewer action interface state.

Visible Pool Viewer heading for the Journey utility overlay.",Pool Viewer,,obsolete,,,tx1_vwhj6yqgwzk3lqfpibx7vp37mm,row1_e5ywmhv6qzsh2l5jkgwxy4kmn4,message,,src/components/DreamscapeJourneyMenu.tsx:92:14; src/cumulus/screens/PoolViewerScreen.tsx:386:25,rev1_a22f7549ee7036b4ca5b8434eae85b4fe8b6b855518a971031df847e5bc6bdf5
Player hand,Player-facing message for the gamble playing card hand accessible name interface state.,Player hand,owner.select[1]=otherwise,obsolete,,,tx1_wqfddgwnycih3hdhngiux5lsmi,row1_i5opcqricbkv5q4gdybzn6fsha,message,,src/cumulus/screens/GambleSiteScreen.tsx:2704:21,rev1_eb79cd4a4d80b7b84db09e99d849deaec07d0eb2ae079abfb6a4383bf9b52ddf
Dealer hand,Player-facing message for the gamble playing card hand accessible name interface state.,Dealer hand,"owner.select[0]=""dealer""",obsolete,,,tx1_wqfddgwnycih3hdhngiux5lsmi,row1_l42xknkgocnrsz7faqbsrpq32i,message,,src/cumulus/screens/GambleSiteScreen.tsx:2704:21,rev1_c664ac854d583da241ddf32e343133d7d844208afe8442ab5107abe988600528
Just Drawn,"Caption below a card-picker candidate. highlighted is ""yes"" for a newly drawn card, otherwise ""no"". owner is ""viewer"" or ""opponent"" relative to the local perspective. zone is ""hand"", ""deck"", ""backRank"", ""frontRank"", ""void"", or ""banished"" and identifies the candidate's battle zone.",Just Drawn,"candidate.highlighted ? ""yes"" : ""no"".select[0]=""yes""",obsolete,,,tx1_x7qbwwouqjiwr2755323zhizbe,row1_2764myaxaplqwij7b2gnsteoee,message,,src/cumulus/screens/MobileBattleScreen.tsx:3532:10,rev1_c92d1b699f027a2aa47637ec7d3f9df6474f5a3d6c399273ac47cb0d0b975757
Your Banished,"Caption below a card-picker candidate. highlighted is ""yes"" for a newly drawn card, otherwise ""no"". owner is ""viewer"" or ""opponent"" relative to the local perspective. zone is ""hand"", ""deck"", ""backRank"", ""frontRank"", ""void"", or ""banished"" and identifies the candidate's battle zone.",Your Banished,"candidate.highlighted ? ""yes"" : ""no"".select[1]=otherwise; candidate.owner === perspective ? ""viewer"" : ""opponent"".select[0]=""viewer""; candidate.zone.select[5]=otherwise",obsolete,,,tx1_x7qbwwouqjiwr2755323zhizbe,row1_2csm3qmmxh6zdtx5mrrah25dhi,message,,src/cumulus/screens/MobileBattleScreen.tsx:3532:10,rev1_8d6c151490df3dc5bbbf10cd07d041c4be7c6fdb181bb30601b6f6d7c2269a5e
Opponent Void,"Caption below a card-picker candidate. highlighted is ""yes"" for a newly drawn card, otherwise ""no"". owner is ""viewer"" or ""opponent"" relative to the local perspective. zone is ""hand"", ""deck"", ""backRank"", ""frontRank"", ""void"", or ""banished"" and identifies the candidate's battle zone.",Opponent Void,"candidate.highlighted ? ""yes"" : ""no"".select[1]=otherwise; candidate.owner === perspective ? ""viewer"" : ""opponent"".select[1]=otherwise; candidate.zone.select[4]=""void""",obsolete,,,tx1_x7qbwwouqjiwr2755323zhizbe,row1_4lzh64k4gx3kknrjxf4a2axrva,message,,src/cumulus/screens/MobileBattleScreen.tsx:3532:10,rev1_a40b756a5dd392b83c4d37508cefebdc4a4103483bf9742ccb9de35a6eeea5c3
Opponent Hand,"Caption below a card-picker candidate. highlighted is ""yes"" for a newly drawn card, otherwise ""no"". owner is ""viewer"" or ""opponent"" relative to the local perspective. zone is ""hand"", ""deck"", ""backRank"", ""frontRank"", ""void"", or ""banished"" and identifies the candidate's battle zone.",Opponent Hand,"candidate.highlighted ? ""yes"" : ""no"".select[1]=otherwise; candidate.owner === perspective ? ""viewer"" : ""opponent"".select[1]=otherwise; candidate.zone.select[0]=""hand""",obsolete,,,tx1_x7qbwwouqjiwr2755323zhizbe,row1_55iy6cuw3sw5cv3guixjspb43m,message,,src/cumulus/screens/MobileBattleScreen.tsx:3532:10,rev1_e2be845ee02d3999d182331c617820b055e98eca827d28c2105d83583475c3a5
Your Front Rank,"Caption below a card-picker candidate. highlighted is ""yes"" for a newly drawn card, otherwise ""no"". owner is ""viewer"" or ""opponent"" relative to the local perspective. zone is ""hand"", ""deck"", ""backRank"", ""frontRank"", ""void"", or ""banished"" and identifies the candidate's battle zone.",Your Front Rank,"candidate.highlighted ? ""yes"" : ""no"".select[1]=otherwise; candidate.owner === perspective ? ""viewer"" : ""opponent"".select[0]=""viewer""; candidate.zone.select[3]=""frontRank""",obsolete,,,tx1_x7qbwwouqjiwr2755323zhizbe,row1_5uzhdxcuzst5nymhszi6l3reuu,message,,src/cumulus/screens/MobileBattleScreen.tsx:3532:10,rev1_7d75c99e5a30e1a9a2eee3aab956d005bb33c609f55f4ab73e770489f015d558
Your Back Rank,"Caption below a card-picker candidate. highlighted is ""yes"" for a newly drawn card, otherwise ""no"". owner is ""viewer"" or ""opponent"" relative to the local perspective. zone is ""hand"", ""deck"", ""backRank"", ""frontRank"", ""void"", or ""banished"" and identifies the candidate's battle zone.",Your Back Rank,"candidate.highlighted ? ""yes"" : ""no"".select[1]=otherwise; candidate.owner === perspective ? ""viewer"" : ""opponent"".select[0]=""viewer""; candidate.zone.select[2]=""backRank""",obsolete,,,tx1_x7qbwwouqjiwr2755323zhizbe,row1_5xijfdk3plwu24qfao2yghzrzu,message,,src/cumulus/screens/MobileBattleScreen.tsx:3532:10,rev1_7fd5dcca625a5e0d26564f6bfcb920bfeeba85e14dc154e802494c9d613fc974
Your Void,"Caption below a card-picker candidate. highlighted is ""yes"" for a newly drawn card, otherwise ""no"". owner is ""viewer"" or ""opponent"" relative to the local perspective. zone is ""hand"", ""deck"", ""backRank"", ""frontRank"", ""void"", or ""banished"" and identifies the candidate's battle zone.",Your Void,"candidate.highlighted ? ""yes"" : ""no"".select[1]=otherwise; candidate.owner === perspective ? ""viewer"" : ""opponent"".select[0]=""viewer""; candidate.zone.select[4]=""void""",obsolete,,,tx1_x7qbwwouqjiwr2755323zhizbe,row1_h254pwqmmpkik2cz2ky2fexday,message,,src/cumulus/screens/MobileBattleScreen.tsx:3532:10,rev1_c1415950b602d9c5bdcbbc11d0d96af28645f9364019061f39346f7bcb334517
Opponent Front Rank,"Caption below a card-picker candidate. highlighted is ""yes"" for a newly drawn card, otherwise ""no"". owner is ""viewer"" or ""opponent"" relative to the local perspective. zone is ""hand"", ""deck"", ""backRank"", ""frontRank"", ""void"", or ""banished"" and identifies the candidate's battle zone.",Opponent Front Rank,"candidate.highlighted ? ""yes"" : ""no"".select[1]=otherwise; candidate.owner === perspective ? ""viewer"" : ""opponent"".select[1]=otherwise; candidate.zone.select[3]=""frontRank""",obsolete,,,tx1_x7qbwwouqjiwr2755323zhizbe,row1_hzubb6yebu3khrmukplv6snp5y,message,,src/cumulus/screens/MobileBattleScreen.tsx:3532:10,rev1_b9680be8f981116de377f02f8c1e6c34f955f953dcbf2e662ccd4f186a9b86b6
Opponent Banished,"Caption below a card-picker candidate. highlighted is ""yes"" for a newly drawn card, otherwise ""no"". owner is ""viewer"" or ""opponent"" relative to the local perspective. zone is ""hand"", ""deck"", ""backRank"", ""frontRank"", ""void"", or ""banished"" and identifies the candidate's battle zone.",Opponent Banished,"candidate.highlighted ? ""yes"" : ""no"".select[1]=otherwise; candidate.owner === perspective ? ""viewer"" : ""opponent"".select[1]=otherwise; candidate.zone.select[5]=otherwise",obsolete,,,tx1_x7qbwwouqjiwr2755323zhizbe,row1_kamrewwfbwle2cnz7eghmcp3ka,message,,src/cumulus/screens/MobileBattleScreen.tsx:3532:10,rev1_c22ca08fc9e25d3ca8f85df4f42c6f764f47989d52b64f91f75e0b5ce9be0ce6
Your Deck,"Caption below a card-picker candidate. highlighted is ""yes"" for a newly drawn card, otherwise ""no"". owner is ""viewer"" or ""opponent"" relative to the local perspective. zone is ""hand"", ""deck"", ""backRank"", ""frontRank"", ""void"", or ""banished"" and identifies the candidate's battle zone.",Your Deck,"candidate.highlighted ? ""yes"" : ""no"".select[1]=otherwise; candidate.owner === perspective ? ""viewer"" : ""opponent"".select[0]=""viewer""; candidate.zone.select[1]=""deck""",obsolete,,,tx1_x7qbwwouqjiwr2755323zhizbe,row1_lievmehhq7n2roolv6wifv73py,message,,src/cumulus/screens/MobileBattleScreen.tsx:3532:10,rev1_180cc130b8ae519f3a60477b29243581ddbaf601e665e32371b6ce9b10d3d0f7
Opponent Back Rank,"Caption below a card-picker candidate. highlighted is ""yes"" for a newly drawn card, otherwise ""no"". owner is ""viewer"" or ""opponent"" relative to the local perspective. zone is ""hand"", ""deck"", ""backRank"", ""frontRank"", ""void"", or ""banished"" and identifies the candidate's battle zone.",Opponent Back Rank,"candidate.highlighted ? ""yes"" : ""no"".select[1]=otherwise; candidate.owner === perspective ? ""viewer"" : ""opponent"".select[1]=otherwise; candidate.zone.select[2]=""backRank""",obsolete,,,tx1_x7qbwwouqjiwr2755323zhizbe,row1_m3qcrzdnluk3nhwqn4gxvdcmze,message,,src/cumulus/screens/MobileBattleScreen.tsx:3532:10,rev1_5a6f99ab9f23be1b96070344702fab77a57e69a85dbb84afa36c33fec475cb3f
Your Hand,"Caption below a card-picker candidate. highlighted is ""yes"" for a newly drawn card, otherwise ""no"". owner is ""viewer"" or ""opponent"" relative to the local perspective. zone is ""hand"", ""deck"", ""backRank"", ""frontRank"", ""void"", or ""banished"" and identifies the candidate's battle zone.",Your Hand,"candidate.highlighted ? ""yes"" : ""no"".select[1]=otherwise; candidate.owner === perspective ? ""viewer"" : ""opponent"".select[0]=""viewer""; candidate.zone.select[0]=""hand""",obsolete,,,tx1_x7qbwwouqjiwr2755323zhizbe,row1_uhembylglryc52mca5nep7gwpm,message,,src/cumulus/screens/MobileBattleScreen.tsx:3532:10,rev1_79f2fb8d1b73ec2a70c73d350a7c1ce54306b3f6e2e14d06347041aef7e583fe
Opponent Deck,"Caption below a card-picker candidate. highlighted is ""yes"" for a newly drawn card, otherwise ""no"". owner is ""viewer"" or ""opponent"" relative to the local perspective. zone is ""hand"", ""deck"", ""backRank"", ""frontRank"", ""void"", or ""banished"" and identifies the candidate's battle zone.",Opponent Deck,"candidate.highlighted ? ""yes"" : ""no"".select[1]=otherwise; candidate.owner === perspective ? ""viewer"" : ""opponent"".select[1]=otherwise; candidate.zone.select[1]=""deck""",obsolete,,,tx1_x7qbwwouqjiwr2755323zhizbe,row1_ul3z3hrfa7gbw3yp7f3ja2kzfq,message,,src/cumulus/screens/MobileBattleScreen.tsx:3532:10,rev1_e12233f834ef234895e36536cb1d9e3afdd490a9b3a2c6d4499cd8fbd155356f
{left}. {right},Joins two complete hidden-description clauses. Punctuation and spacing belong to the locale so the coordinator never assembles sentence grammar.,{left}. {right},,obsolete,,left; right,tx1_xcqn3jrze4p7cseyx36dl4vjgm,row1_ozarfphadikv4vr6nbx3wh5hma,message,,src/cumulus/internal/reveal/context.tsx:71:9,rev1_1eed66d54aba00a488808fba16dbb211c8e5f0e799c1dbbecce78e3c75890590
Filter deck by {selection},Accessible name for the deck type-filter control. selection is the displayed name of the active filter option; it is canonical card vocabulary or a card subtype name whose grammatical gender is unknown.,Filter deck by {selection},,obsolete,,selection,tx1_xh6p4gcdl5vwbn3opean3gy2yq,row1_mbatrrvfrcjl5dstnujp3qswdi,message,,src/cumulus/screens/MobileDeckViewer.tsx:374:11,rev1_8e0fb199f6c91a3937e9d16785395eb021a8ca8383504e2f1a1098319561c6b1
Cannot Merge,"Headline inside a Figment merge target. status is ""blocked"" when exhaustion prevents the merge and ""available"" when the current Figment can merge there.",Cannot Merge,"blocked ? ""blocked"" : ""available"".select[0]=""blocked""",obsolete,,,tx1_xn5qzibhufbefu6n6bubhqvzwu,row1_atfgnmlzoqk3hbvzkjar2gfbzm,message,,src/cumulus/components/status/RadialAnnouncement.tsx:809:14,rev1_1f0a41dc70d681114686e9d51b9862fcd6b1cb987ce57af0f2f46e3a38b86206
Merge,"Headline inside a Figment merge target. status is ""blocked"" when exhaustion prevents the merge and ""available"" when the current Figment can merge there.",Merge,"blocked ? ""blocked"" : ""available"".select[1]=otherwise",obsolete,,,tx1_xn5qzibhufbefu6n6bubhqvzwu,row1_ltyn7q6ut6jmhglwhm4yaspdf4,message,,src/cumulus/components/status/RadialAnnouncement.tsx:809:14,rev1_9b81193c81eaf757119aace1fec0068305902759e633fcb21a29d5d9bf67bf31
Cumulus Dreamsign replacement collection,Player-facing message for the dreamsign replacement collection label interface state.,Cumulus Dreamsign replacement collection,,obsolete,,,tx1_xvzpc6taimigwxmo7g7zi5ifkq,row1_i75jjgcmlvbl4gwoyc2zqfjtmu,message,,src/cumulus/screens/DreamsignReplacementDialog.tsx:109:15,rev1_7f67bcdfc3805a393d41ec7edfb6d271ebcc0b76e572a63824e0575fe4b7c4a3
Nine Gate,Player-facing message for the gamble gravok nine gate interface state.,Nine Gate,,obsolete,,,tx1_y2fvgkv6hmgkwyjmav6hnmamuq,row1_vtrl36thw7uhpoxaisql2d54wy,message,,src/cumulus/screens/GambleSiteScreen.tsx:586:14,rev1_366ed4be1ad375135fa2914d6d2f556316966de3c6969107fa96f468becb5e1c
Your next battle begins with {opening_hand_delta} Card and your cards cost {energy_cost_reduction} less Energy,"Complete accessible summary for the Exploration reward that reduces both the current player's next opening hand and card Energy costs. opening_hand_delta is a negative integer card-count change, energy_cost_reduction is a positive integer Energy reduction, and both changes apply for the next battle.",Your next battle begins with {opening_hand_delta} Card and your cards cost {energy_cost_reduction} less Energy,smallerHandDiscountReward.openingHandDelta.plural=one,obsolete,,energy_cost_reduction; opening_hand_delta,tx1_y6lqqz3xoyinze3tjvhl2dghbm,row1_j54qkd723vicjy7qwklfxg32p4,message,,src/cumulus/screens/ExplorationSiteScreen.tsx:5065:25,rev1_902f926d8726386bc1bbec77313e938022649063bbcd4be0b1e97acd23636d33
Your next battle begins with {opening_hand_delta} Cards and your cards cost {energy_cost_reduction} less Energy,"Complete accessible summary for the Exploration reward that reduces both the current player's next opening hand and card Energy costs. opening_hand_delta is a negative integer card-count change, energy_cost_reduction is a positive integer Energy reduction, and both changes apply for the next battle.",Your next battle begins with {opening_hand_delta} Cards and your cards cost {energy_cost_reduction} less Energy,smallerHandDiscountReward.openingHandDelta.plural=other,obsolete,,energy_cost_reduction; opening_hand_delta,tx1_y6lqqz3xoyinze3tjvhl2dghbm,row1_rnm2kxtaamces6citcjmb6lrry,message,,src/cumulus/screens/ExplorationSiteScreen.tsx:5065:25,rev1_6d25edc1d60d03a1e7ba278151ff586a2efb065bedf78c03ea01397287e7360c
Reclaim {value},Player-facing message for the reveal card reclaim interface state.,Reclaim {value},,obsolete,,value,tx1_yhyt2qkzdu3dsohbcngr5yc3mm,row1_kebyqhnoi2ai3xvtjpzfk7g4x4,message,,src/cumulus/internal/reveal/context.tsx:169:9,rev1_16eb57e9a13f52bd4c37ebddbbac05b30ad596fb72c67ac1171af019d905feaa
No eligible cards to reforge.,"Empty or loading text in the Transfiguration picker. state is ""empty"" when no card can be reforged or ""loading"" while choices are being prepared.",No eligible cards to reforge.,"ready ? ""empty"" : ""loading"".select[0]=""empty""",obsolete,,,tx1_ynqu7z6sq4ruhjsf2op75gtg5q,row1_2s4xzji25jdkldbrnyadwwwoh4,message,,src/cumulus/screens/TransfigurationSiteScreen.tsx:451:9,rev1_478a354a8ef9891319ace164a1f6924f898ce9e43d836fbd60da00b5ec484e3f
Heating the forge…,"Empty or loading text in the Transfiguration picker. state is ""empty"" when no card can be reforged or ""loading"" while choices are being prepared.",Heating the forge…,"ready ? ""empty"" : ""loading"".select[1]=otherwise",obsolete,,,tx1_ynqu7z6sq4ruhjsf2op75gtg5q,row1_l3t4dxr67pagupi6e72sigfrua,message,,src/cumulus/screens/TransfigurationSiteScreen.tsx:451:9,rev1_cdec89aec3456b043f54a0288db28d55309d8e8b596a29f267ddf4ad7e7f1924
Transfigure,Player-facing message for the gamble transfigure outcome interface state.,Transfigure,,obsolete,,,tx1_yp3undtp3asgiptrpisqx22kyy,row1_ckrdpl55pdaaeb5crtzaek5tsi,message,,src/cumulus/screens/GambleSiteScreen.tsx:432:14,rev1_1dc2f1d66062b1dd4d54b7763034d2f01f8cf62baf426f846284ee53bc0f5386
{left} and {right},Connects two or more authored energy-cost labels in a hidden card description. left may already contain a connected prefix; both variables are opaque cost labels and the conjunction stays in Fluent.,{left} and {right},,obsolete,,left; right,tx1_yrybvnoxk76h33j53gh5nzkasi,row1_ky35hqm37gr2doi5upkkgldrxe,message,,src/cumulus/internal/reveal/context.tsx:135:19,rev1_0daf91954f86e08f9f34ac76b2493f4a9f87880708dede2520bdd8b52311e57a
Six Gate,Player-facing message for the gamble gravok six gate interface state.,Six Gate,,obsolete,,,tx1_z6j3ue7zehkticxdl56u5xkb7y,row1_z3obdneqkka33scbdjnbfk756a,message,,src/cumulus/screens/GambleSiteScreen.tsx:581:14,rev1_b5305b032a9e434cbf62e954125a9851f82f67a3c0fe7e2d7ced11850f66d2c3
